,actual_class,bored,engaged,on_the_phone,raise_hand
0,raise_hand,0.7551,0.0002,0.0,0.2447
1,raise_hand,0.7162,0.0002,0.0,0.2837
2,raise_hand,0.7826,0.0002,0.0,0.2172
3,raise_hand,0.7255,0.0002,0.0,0.2744
4,raise_hand,0.7491,0.0002,0.0,0.2507
5,raise_hand,0.7886,0.0002,0.0,0.2112
6,raise_hand,0.807,0.0002,0.0,0.1928
7,raise_hand,0.8082,0.0002,0.0,0.1916
8,raise_hand,0.7633,0.0002,0.0,0.2366
9,raise_hand,0.8307,0.0002,0.0,0.1691
10,raise_hand,0.8837,0.0002,0.0,0.1161
11,raise_hand,0.8863,0.0002,0.0,0.1135
12,raise_hand,0.8851,0.0002,0.0,0.1148
13,raise_hand,0.8866,0.0002,0.0,0.1132
14,raise_hand,0.8646,0.0002,0.0,0.1352
15,raise_hand,0.8228,0.0003,0.0,0.1769
16,raise_hand,0.8694,0.0002,0.0,0.1303
17,raise_hand,0.9273,0.0002,0.0,0.0725
18,raise_hand,0.9069,0.0002,0.0,0.0928
19,raise_hand,0.916,0.0002,0.0,0.0838
20,raise_hand,0.8229,0.0004,0.0001,0.1766
21,raise_hand,0.9417,0.0002,0.0001,0.058
22,raise_hand,0.8906,0.0003,0.0001,0.1091
23,raise_hand,0.9348,0.0002,0.0001,0.065
24,raise_hand,0.9564,0.0002,0.0001,0.0434
25,raise_hand,0.9402,0.0002,0.0001,0.0596
26,raise_hand,0.8876,0.0003,0.0001,0.1119
27,raise_hand,0.8606,0.0004,0.0002,0.1388
28,raise_hand,0.6336,0.0007,0.0002,0.3655
29,raise_hand,0.6056,0.0007,0.0002,0.3935
30,raise_hand,0.1641,0.0008,0.0002,0.835
31,raise_hand,0.216,0.0009,0.0002,0.7829
32,raise_hand,0.37,0.001,0.0004,0.6286
33,raise_hand,0.5514,0.0008,0.0003,0.4475
34,raise_hand,0.3787,0.0011,0.0004,0.6199
35,raise_hand,0.3131,0.0012,0.0004,0.6854
36,raise_hand,0.4649,0.0011,0.0004,0.5337
37,raise_hand,0.4077,0.0011,0.0004,0.5909
38,raise_hand,0.4995,0.0012,0.0005,0.4988
39,raise_hand,0.3922,0.0012,0.0005,0.606
40,raise_hand,0.73,0.0009,0.0005,0.2686
41,raise_hand,0.3974,0.0013,0.0006,0.6008
42,raise_hand,0.4125,0.0013,0.0005,0.5857
43,raise_hand,0.5852,0.0011,0.0005,0.4131
44,raise_hand,0.7925,0.0008,0.0005,0.2062
45,raise_hand,0.0134,0.4001,0.0,0.5865
46,raise_hand,0.0121,0.3489,0.0,0.639
47,raise_hand,0.0064,0.1042,0.0,0.8894
48,raise_hand,0.0037,0.0447,0.0,0.9516
49,raise_hand,0.0041,0.059,0.0,0.9369
50,raise_hand,0.0104,0.3712,0.0,0.6184
51,raise_hand,0.0117,0.4505,0.0,0.5378
52,raise_hand,0.0124,0.5516,0.0,0.436
53,raise_hand,0.0096,0.2733,0.0,0.7171
54,raise_hand,0.0044,0.0574,0.0,0.9382
55,raise_hand,0.0075,0.1336,0.0,0.8589
56,raise_hand,0.0059,0.0943,0.0,0.8999
57,raise_hand,0.0027,0.0259,0.0,0.9714
58,raise_hand,0.0029,0.0303,0.0,0.9668
59,raise_hand,0.003,0.0282,0.0,0.9688
60,raise_hand,0.0038,0.046,0.0,0.9502
61,raise_hand,0.0034,0.0417,0.0,0.9549
62,raise_hand,0.0028,0.0307,0.0,0.9666
63,raise_hand,0.0028,0.0275,0.0,0.9697
64,raise_hand,0.0039,0.0516,0.0,0.9444
65,raise_hand,0.0039,0.0487,0.0,0.9475
66,raise_hand,0.0032,0.0334,0.0,0.9634
67,raise_hand,0.0075,0.1456,0.0,0.8469
68,raise_hand,0.0066,0.1132,0.0,0.8802
69,raise_hand,0.0043,0.0579,0.0,0.9378
70,raise_hand,0.0053,0.0806,0.0,0.9141
71,raise_hand,0.0079,0.1714,0.0,0.8206
72,raise_hand,0.0077,0.1566,0.0,0.8358
73,raise_hand,0.0138,0.3232,0.0,0.663
74,raise_hand,0.0081,0.1354,0.0,0.8565
75,raise_hand,0.0166,0.4583,0.0,0.5251
76,raise_hand,0.0188,0.7148,0.0,0.2663
77,engaged,0.0314,0.9495,0.0,0.0191
78,engaged,0.0171,0.9675,0.0,0.0155
79,engaged,0.0169,0.9661,0.0,0.017
80,engaged,0.018,0.9594,0.0,0.0226
81,engaged,0.0215,0.9459,0.0,0.0326
82,engaged,0.0223,0.9424,0.0,0.0353
83,engaged,0.0235,0.9372,0.0,0.0393
84,engaged,0.0231,0.9381,0.0,0.0388
85,engaged,0.023,0.939,0.0,0.038
86,engaged,0.0232,0.9379,0.0,0.0389
87,engaged,0.0227,0.9396,0.0,0.0377
88,engaged,0.027,0.9216,0.0,0.0514
89,engaged,0.0275,0.9178,0.0,0.0548
90,engaged,0.0269,0.9205,0.0,0.0526
91,engaged,0.0279,0.9141,0.0,0.0579
92,engaged,0.0271,0.9184,0.0,0.0544
93,engaged,0.0277,0.9158,0.0,0.0565
94,engaged,0.0293,0.9067,0.0,0.064
95,engaged,0.0267,0.9195,0.0,0.0538
96,engaged,0.0285,0.9109,0.0,0.0606
97,engaged,0.0269,0.9189,0.0,0.0542
98,engaged,0.0223,0.9398,0.0,0.038
99,engaged,0.0272,0.9171,0.0,0.0557
100,engaged,0.0254,0.9257,0.0,0.049
101,engaged,0.0216,0.9429,0.0,0.0355
102,engaged,0.0225,0.9391,0.0,0.0384
103,engaged,0.0212,0.944,0.0,0.0349
104,engaged,0.0219,0.9422,0.0,0.036
105,engaged,0.0189,0.9552,0.0,0.0259
106,engaged,0.0146,0.9698,0.0,0.0155
107,engaged,0.0201,0.9634,0.0,0.0165
108,engaged,0.0201,0.9634,0.0,0.0165
109,engaged,0.0148,0.9725,0.0,0.0127
110,engaged,0.0376,0.9456,0.0,0.0168
111,engaged,0.0827,0.8897,0.0,0.0276
112,engaged,0.0464,0.9324,0.0,0.0212
113,engaged,0.1307,0.8291,0.0,0.0402
114,engaged,0.1396,0.8153,0.0,0.0451
115,engaged,0.1157,0.833,0.0,0.0513
116,engaged,0.1041,0.8506,0.0,0.0453
117,engaged,0.1156,0.8435,0.0,0.0409
118,engaged,0.1109,0.8456,0.0,0.0435
119,engaged,0.1033,0.8551,0.0,0.0416
120,engaged,0.0964,0.8623,0.0,0.0414
121,engaged,0.0876,0.8715,0.0,0.0409
122,engaged,0.0966,0.863,0.0,0.0404
123,engaged,0.0883,0.8735,0.0,0.0382
124,engaged,0.0792,0.8806,0.0,0.0402
125,engaged,0.0864,0.8714,0.0,0.0422
126,engaged,0.0902,0.8713,0.0,0.0384
127,engaged,0.1085,0.8442,0.0,0.0473
128,engaged,0.0925,0.8632,0.0,0.0444
129,engaged,0.096,0.8608,0.0,0.0432
130,engaged,0.1226,0.8311,0.0,0.0462
131,engaged,0.1154,0.8385,0.0,0.0461
132,engaged,0.1086,0.8446,0.0,0.0468
133,engaged,0.1098,0.8403,0.0,0.0499
134,engaged,0.1318,0.8159,0.0,0.0523
135,engaged,0.1373,0.8128,0.0,0.0499
136,engaged,0.1389,0.8048,0.0,0.0563
137,engaged,0.1206,0.8251,0.0,0.0543
138,engaged,0.1051,0.8431,0.0,0.0518
139,engaged,0.1759,0.7603,0.0,0.0638
140,engaged,0.151,0.7934,0.0,0.0556
141,engaged,0.0995,0.853,0.0,0.0475
142,engaged,0.1428,0.7986,0.0,0.0586
143,engaged,0.1296,0.815,0.0,0.0554
144,engaged,0.1201,0.8265,0.0,0.0534
145,engaged,0.1421,0.8029,0.0,0.055
146,engaged,0.1007,0.8513,0.0,0.0479
147,engaged,0.133,0.811,0.0,0.056
148,engaged,0.1557,0.7876,0.0,0.0567
149,engaged,0.1086,0.8405,0.0,0.0509
150,engaged,0.1299,0.8182,0.0,0.052
151,engaged,0.1405,0.802,0.0,0.0576
152,engaged,0.1289,0.8211,0.0,0.05
153,engaged,0.1171,0.8288,0.0,0.0541
154,engaged,0.1207,0.8275,0.0,0.0519
155,engaged,0.1829,0.7549,0.0,0.0622
156,engaged,0.134,0.8148,0.0,0.0512
157,engaged,0.1237,0.8271,0.0,0.0492
158,engaged,0.1362,0.8111,0.0,0.0526
159,engaged,0.124,0.8205,0.0,0.0555
160,engaged,0.1615,0.783,0.0,0.0555
161,engaged,0.1271,0.8217,0.0,0.0513
162,engaged,0.1042,0.848,0.0,0.0478
163,engaged,0.1033,0.851,0.0,0.0458
164,engaged,0.1139,0.8349,0.0,0.0512
165,engaged,0.1606,0.7809,0.0,0.0585
166,engaged,0.148,0.7989,0.0,0.053
167,engaged,0.0773,0.8773,0.0,0.0454
168,engaged,0.0694,0.8854,0.0,0.0452
169,engaged,0.0413,0.9214,0.0,0.0373
170,engaged,0.041,0.9267,0.0,0.0323
171,engaged,0.0375,0.9311,0.0,0.0314
172,engaged,0.0256,0.9539,0.0,0.0205
173,engaged,0.0305,0.9478,0.0,0.0217
174,engaged,0.0277,0.9535,0.0,0.0188
175,engaged,0.0168,0.9686,0.0,0.0146
176,engaged,0.0137,0.9729,0.0,0.0134
177,engaged,0.0137,0.973,0.0,0.0133
178,engaged,0.0148,0.9695,0.0,0.0158
179,engaged,0.0128,0.9747,0.0,0.0125
180,engaged,0.0147,0.9689,0.0,0.0164
181,engaged,0.0133,0.9731,0.0,0.0137
182,engaged,0.0139,0.9713,0.0,0.0148
183,engaged,0.0123,0.976,0.0,0.0117
184,engaged,0.0121,0.9767,0.0,0.0112
185,engaged,0.0115,0.9782,0.0,0.0102
186,engaged,0.0122,0.9783,0.0,0.0095
187,engaged,0.0139,0.9755,0.0,0.0106
188,engaged,0.0316,0.9519,0.0,0.0166
189,engaged,0.0287,0.9551,0.0,0.0162
190,engaged,0.0164,0.9709,0.0,0.0127
191,engaged,0.0212,0.9641,0.0,0.0147
192,engaged,0.0264,0.9592,0.0,0.0144
193,engaged,0.0211,0.9649,0.0,0.014
194,engaged,0.0362,0.9469,0.0,0.0169
195,engaged,0.0254,0.9599,0.0,0.0147
196,engaged,0.0214,0.9635,0.0,0.0151
197,engaged,0.0306,0.9532,0.0,0.0162
198,bored,0.9971,0.0,0.0023,0.0006
199,bored,0.9968,0.0,0.0025,0.0007
200,bored,0.9966,0.0,0.0027,0.0007
201,bored,0.9966,0.0,0.0027,0.0007
202,bored,0.9965,0.0,0.003,0.0005
203,bored,0.9968,0.0,0.0026,0.0006
204,bored,0.9941,0.0,0.0053,0.0006
205,bored,0.9939,0.0,0.0055,0.0006
206,bored,0.9931,0.0,0.0063,0.0006
207,bored,0.9912,0.0,0.0081,0.0006
208,bored,0.992,0.0,0.0074,0.0006
209,bored,0.9915,0.0,0.0078,0.0007
210,bored,0.9927,0.0,0.0068,0.0005
211,bored,0.9945,0.0,0.005,0.0005
212,bored,0.9943,0.0,0.0052,0.0005
213,bored,0.9947,0.0,0.0048,0.0005
214,bored,0.9946,0.0,0.0049,0.0004
215,bored,0.9941,0.0,0.0054,0.0005
216,bored,0.9945,0.0,0.005,0.0005
217,bored,0.9954,0.0,0.0041,0.0005
218,bored,0.9955,0.0,0.004,0.0005
219,bored,0.9953,0.0,0.0042,0.0005
220,bored,0.9951,0.0,0.0043,0.0005
221,bored,0.9939,0.0,0.0056,0.0005
222,bored,0.0029,0.0016,0.0001,0.9954
223,bored,0.9949,0.0,0.0045,0.0006
224,bored,0.9939,0.0,0.0055,0.0006
225,bored,0.9916,0.0,0.0077,0.0007
226,bored,0.9932,0.0,0.006,0.0008
227,bored,0.993,0.0,0.0062,0.0008
228,bored,0.9948,0.0,0.0043,0.0009
229,bored,0.9938,0.0,0.0054,0.0008
230,bored,0.9946,0.0,0.0045,0.0008
231,bored,0.9959,0.0,0.0033,0.0008
232,bored,0.9967,0.0,0.0024,0.0009
233,bored,0.9968,0.0,0.0023,0.0009
234,bored,0.9966,0.0,0.0024,0.0009
235,bored,0.9969,0.0,0.0022,0.0009
236,bored,0.9967,0.0,0.0023,0.0009
237,bored,0.9967,0.0,0.0024,0.0008
238,bored,0.9968,0.0,0.0023,0.0009
239,bored,0.9965,0.0,0.0025,0.0009
240,bored,0.9969,0.0,0.0022,0.0009
241,bored,0.9969,0.0,0.0021,0.0009
242,bored,0.997,0.0,0.0021,0.0009
243,bored,0.9971,0.0,0.0021,0.0008
244,bored,0.997,0.0,0.0022,0.0008
245,bored,0.9975,0.0,0.0017,0.0008
246,bored,0.9975,0.0,0.0017,0.0007
247,bored,0.0015,0.0006,0.0,0.9978
248,bored,0.998,0.0,0.0014,0.0006
249,bored,0.9977,0.0,0.0016,0.0007
250,bored,0.9977,0.0,0.0016,0.0007
251,bored,0.9985,0.0,0.0009,0.0005
252,bored,0.9976,0.0,0.0017,0.0007
253,bored,0.9978,0.0,0.0015,0.0006
254,bored,0.9978,0.0,0.0014,0.0007
255,bored,0.9978,0.0,0.0015,0.0007
256,bored,0.9979,0.0,0.0015,0.0006
257,bored,0.9981,0.0,0.0013,0.0006
258,bored,0.998,0.0,0.0014,0.0006
259,bored,0.9982,0.0,0.0011,0.0006
260,bored,0.9982,0.0,0.0012,0.0006
261,bored,0.998,0.0,0.0014,0.0006
262,bored,0.9983,0.0,0.0011,0.0006
263,bored,0.9983,0.0,0.001,0.0006
264,bored,0.9984,0.0,0.001,0.0006
265,bored,0.998,0.0,0.0013,0.0007
266,bored,0.998,0.0,0.0013,0.0007
267,bored,0.9977,0.0,0.0015,0.0008
268,bored,0.998,0.0,0.0012,0.0008
269,bored,0.9981,0.0,0.0011,0.0008
270,bored,0.9981,0.0,0.0011,0.0008
271,bored,0.9976,0.0,0.0015,0.0008
272,bored,0.9981,0.0,0.001,0.0008
273,bored,0.998,0.0,0.0012,0.0008
274,bored,0.9977,0.0,0.0015,0.0007
275,bored,0.9977,0.0,0.0015,0.0008
276,bored,0.998,0.0,0.0012,0.0008
277,bored,0.9976,0.0,0.0016,0.0008
278,bored,0.9977,0.0,0.0015,0.0008
279,bored,0.9977,0.0,0.0014,0.0008
280,bored,0.9977,0.0,0.0014,0.0009
281,bored,0.9976,0.0,0.0015,0.0008
282,bored,0.9975,0.0,0.0016,0.0009
283,bored,0.9975,0.0,0.0016,0.0009
284,bored,0.9976,0.0,0.0015,0.0009
285,bored,0.998,0.0,0.0012,0.0008
286,bored,0.9977,0.0,0.0014,0.0008
287,bored,0.9974,0.0,0.0017,0.0009
288,bored,0.9978,0.0,0.0013,0.0008
289,bored,0.9977,0.0,0.0014,0.0008
290,bored,0.9977,0.0,0.0014,0.0008
291,bored,0.9977,0.0,0.0013,0.0009
292,bored,0.9977,0.0,0.0014,0.0009
293,bored,0.9977,0.0,0.0014,0.0008
294,bored,0.9975,0.0,0.0015,0.0009
295,bored,0.9976,0.0,0.0014,0.0009
296,bored,0.9977,0.0,0.0014,0.0009
297,bored,0.9978,0.0,0.0013,0.0009
298,bored,0.9978,0.0,0.0013,0.0009
299,bored,0.998,0.0,0.0012,0.0008
300,bored,0.9982,0.0,0.001,0.0008
301,bored,0.9986,0.0,0.0007,0.0006
302,bored,0.9985,0.0,0.0008,0.0007
303,bored,0.9975,0.0,0.0016,0.0008
304,bored,0.9986,0.0,0.0008,0.0006
305,bored,0.9985,0.0,0.0008,0.0006
306,bored,0.9967,0.0,0.0025,0.0008
307,bored,0.997,0.0,0.0022,0.0008
308,bored,0.997,0.0,0.0022,0.0008
309,bored,0.997,0.0,0.0022,0.0008
310,bored,0.9978,0.0,0.0013,0.0009
311,bored,0.9977,0.0,0.0014,0.0009
312,bored,0.9971,0.0,0.002,0.0009
313,bored,0.997,0.0,0.0021,0.0009
314,bored,0.9974,0.0,0.0017,0.0009
315,bored,0.9975,0.0,0.0016,0.0009
316,bored,0.9968,0.0,0.0022,0.001
317,bored,0.9971,0.0,0.002,0.0009
318,bored,0.9928,0.0,0.0069,0.0003
319,bored,0.999,0.0,0.0006,0.0004
320,bored,0.9983,0.0,0.0011,0.0007
321,bored,0.9941,0.0,0.0056,0.0002
322,bored,0.997,0.0,0.0025,0.0005
323,bored,0.9954,0.0,0.0042,0.0004
324,bored,0.9955,0.0,0.0043,0.0002
325,bored,0.9897,0.0,0.01,0.0003
326,bored,0.9953,0.0,0.0044,0.0002
327,bored,0.9952,0.0,0.0045,0.0002
328,bored,0.9946,0.0,0.0052,0.0002
329,bored,0.9881,0.0,0.0116,0.0003
330,bored,0.982,0.0,0.0175,0.0005
331,bored,0.9831,0.0,0.0164,0.0005
332,bored,0.9928,0.0,0.0069,0.0003
333,bored,0.9925,0.0,0.0072,0.0003
334,bored,0.992,0.0,0.0076,0.0004
335,bored,0.9922,0.0,0.0074,0.0004
336,bored,0.9897,0.0,0.0099,0.0004
337,bored,0.9926,0.0,0.0071,0.0003
338,bored,0.991,0.0,0.0087,0.0003
339,bored,0.9775,0.0,0.022,0.0005
340,bored,0.977,0.0,0.0226,0.0004
341,bored,0.9911,0.0,0.0084,0.0005
342,bored,0.9913,0.0,0.0085,0.0003
343,bored,0.9947,0.0,0.0048,0.0006
344,bored,0.9983,0.0,0.0009,0.0008
345,bored,0.9975,0.0,0.0016,0.0009
346,bored,0.9891,0.0,0.0106,0.0003
347,bored,0.998,0.0,0.0011,0.0009
348,bored,0.9982,0.0003,0.0001,0.0015
349,bored,0.996,0.0016,0.0,0.0024
350,bored,0.9983,0.0003,0.0,0.0014
351,bored,0.9975,0.0007,0.0,0.0017
352,bored,0.9972,0.0009,0.0,0.0019
353,bored,0.9962,0.0015,0.0,0.0023
354,bored,0.9954,0.0018,0.0,0.0028
355,bored,0.9962,0.0016,0.0,0.0022
356,bored,0.9938,0.0027,0.0,0.0034
357,bored,0.9948,0.0021,0.0,0.003
358,bored,0.9918,0.0039,0.0,0.0043
359,bored,0.9943,0.0026,0.0,0.003
360,bored,0.9959,0.0016,0.0,0.0025
361,bored,0.9967,0.0012,0.0,0.0021
362,bored,0.9972,0.0009,0.0,0.0018
363,bored,0.9976,0.0007,0.0,0.0017
364,bored,0.9983,0.0003,0.0001,0.0013
365,bored,0.9983,0.0003,0.0,0.0013
366,bored,0.9982,0.0004,0.0,0.0013
367,bored,0.9991,0.0001,0.0001,0.0008
368,bored,0.9987,0.0002,0.0,0.0011
369,bored,0.9987,0.0002,0.0,0.001
370,bored,0.9987,0.0002,0.0,0.0011
371,bored,0.999,0.0001,0.0,0.0009
372,bored,0.9928,0.0,0.007,0.0002
373,bored,0.9914,0.0,0.0084,0.0002
374,bored,0.9881,0.0,0.0117,0.0002
375,bored,0.9874,0.0,0.0124,0.0002
376,bored,0.9947,0.0,0.0051,0.0001
377,bored,0.9947,0.0,0.0052,0.0001
378,bored,0.9949,0.0,0.0049,0.0001
379,bored,0.9942,0.0,0.0056,0.0001
380,bored,0.9932,0.0,0.0066,0.0002
381,bored,0.9943,0.0,0.0056,0.0002
382,bored,0.9939,0.0,0.006,0.0002
383,bored,0.9868,0.0,0.013,0.0002
384,bored,0.9985,0.0,0.0011,0.0004
385,bored,0.9931,0.0,0.0067,0.0001
386,bored,0.9927,0.0,0.0072,0.0001
387,bored,0.9915,0.0,0.0083,0.0002
388,bored,0.9885,0.0,0.0113,0.0002
389,bored,0.9945,0.0,0.0054,0.0002
390,bored,0.9922,0.0,0.0076,0.0001
391,bored,0.9917,0.0,0.0081,0.0001
392,bored,0.991,0.0,0.0089,0.0001
393,bored,0.999,0.0,0.0007,0.0003
394,bored,0.9987,0.0,0.0009,0.0003
395,bored,0.9922,0.0,0.0076,0.0001
396,bored,0.9975,0.0,0.0022,0.0003
397,bored,0.991,0.0,0.0089,0.0001
398,bored,0.9909,0.0,0.0089,0.0002
399,bored,0.9903,0.0,0.0095,0.0001
400,bored,0.9914,0.0,0.0085,0.0001
401,bored,0.9884,0.0,0.0115,0.0002
402,bored,0.9868,0.0,0.013,0.0002
403,bored,0.9872,0.0,0.0127,0.0002
404,bored,0.987,0.0,0.0128,0.0002
405,bored,0.9915,0.0,0.0084,0.0002
406,bored,0.9916,0.0,0.0082,0.0002
407,bored,0.9891,0.0,0.0108,0.0002
408,bored,0.9935,0.0,0.0062,0.0002
409,bored,0.993,0.0,0.0069,0.0001
410,bored,0.9921,0.0,0.0078,0.0002
411,bored,0.9906,0.0,0.0092,0.0002
412,bored,0.9871,0.0,0.0127,0.0002
413,bored,0.9922,0.0,0.0076,0.0002
414,bored,0.992,0.0,0.0079,0.0001
415,bored,0.9928,0.0,0.007,0.0001
416,bored,0.9894,0.0,0.0105,0.0002
417,bored,0.9873,0.0,0.0126,0.0002
418,bored,0.993,0.0,0.0069,0.0001
419,bored,0.9912,0.0,0.0087,0.0002
420,bored,0.9925,0.0,0.0074,0.0001
421,bored,0.9918,0.0,0.0081,0.0001
422,bored,0.9912,0.0,0.0087,0.0001
423,bored,0.9872,0.0,0.0126,0.0002
424,bored,0.987,0.0,0.0129,0.0002
425,bored,0.9883,0.0,0.0116,0.0002
426,bored,0.9863,0.0,0.0136,0.0002
427,bored,0.9879,0.0,0.012,0.0002
428,bored,0.991,0.0,0.0089,0.0001
429,bored,0.9853,0.0,0.0145,0.0001
430,bored,0.9897,0.0,0.0101,0.0001
431,bored,0.9792,0.0,0.0206,0.0002
432,bored,0.9769,0.0,0.0228,0.0002
433,bored,0.9766,0.0,0.0232,0.0002
434,bored,0.9777,0.0,0.0221,0.0002
435,bored,0.9971,0.0,0.0025,0.0004
436,bored,0.998,0.0,0.0015,0.0004
437,bored,0.9907,0.0,0.0091,0.0003
438,bored,0.9911,0.0,0.0086,0.0003
439,on_the_phone,0.986,0.0,0.0132,0.0008
440,on_the_phone,0.9882,0.0,0.0113,0.0005
441,on_the_phone,0.9867,0.0,0.0125,0.0008
442,on_the_phone,0.986,0.0,0.0133,0.0008
443,on_the_phone,0.9874,0.0,0.0118,0.0008
444,on_the_phone,0.9872,0.0,0.0121,0.0008
445,on_the_phone,0.9871,0.0,0.0121,0.0008
446,on_the_phone,0.9893,0.0,0.0099,0.0008
447,on_the_phone,0.9897,0.0,0.0095,0.0008
448,on_the_phone,0.9887,0.0,0.0105,0.0008
449,on_the_phone,0.9889,0.0,0.0103,0.0008
450,on_the_phone,0.9893,0.0,0.0099,0.0008
451,on_the_phone,0.9894,0.0,0.0098,0.0008
452,on_the_phone,0.9892,0.0,0.01,0.0008
453,on_the_phone,0.9893,0.0,0.0099,0.0008
454,on_the_phone,0.9892,0.0,0.01,0.0008
455,on_the_phone,0.9891,0.0,0.0102,0.0008
456,on_the_phone,0.989,0.0,0.0102,0.0008
457,on_the_phone,0.9888,0.0,0.0104,0.0008
458,on_the_phone,0.988,0.0,0.0113,0.0007
459,on_the_phone,0.9885,0.0,0.0107,0.0008
460,on_the_phone,0.9892,0.0,0.0101,0.0008
461,on_the_phone,0.9893,0.0,0.01,0.0008
462,on_the_phone,0.9903,0.0,0.0088,0.0009
463,on_the_phone,0.9929,0.0,0.0064,0.0007
464,on_the_phone,0.9901,0.0,0.009,0.0009
465,on_the_phone,0.9931,0.0,0.0062,0.0007
466,on_the_phone,0.9917,0.0,0.0072,0.001
467,on_the_phone,0.9923,0.0,0.0066,0.001
468,on_the_phone,0.9924,0.0,0.0066,0.001
469,on_the_phone,0.9923,0.0,0.0067,0.001
470,on_the_phone,0.993,0.0,0.006,0.001
471,on_the_phone,0.9922,0.0,0.0067,0.0011
472,on_the_phone,0.9929,0.0,0.0061,0.0009
473,on_the_phone,0.9935,0.0,0.0056,0.0008
474,on_the_phone,0.9937,0.0,0.0054,0.0009
475,on_the_phone,0.9924,0.0,0.0065,0.001
476,on_the_phone,0.9935,0.0,0.0057,0.0008
477,on_the_phone,0.9934,0.0,0.0058,0.0008
478,on_the_phone,0.9935,0.0,0.0057,0.0008
479,on_the_phone,0.9924,0.0,0.0065,0.0011
480,on_the_phone,0.9932,0.0,0.0059,0.0008
481,on_the_phone,0.9934,0.0,0.0057,0.0008
482,on_the_phone,0.9934,0.0,0.0058,0.0008
483,on_the_phone,0.9935,0.0,0.0056,0.0008
484,on_the_phone,0.9931,0.0,0.006,0.0008
485,on_the_phone,0.992,0.0,0.0072,0.0008
486,on_the_phone,0.9916,0.0,0.0075,0.0008
487,on_the_phone,0.9908,0.0,0.0083,0.0009
488,on_the_phone,0.9914,0.0,0.0077,0.0009
489,on_the_phone,0.9917,0.0,0.0074,0.0009
490,on_the_phone,0.9917,0.0,0.0075,0.0008
491,on_the_phone,0.9915,0.0,0.0076,0.0009
492,on_the_phone,0.9915,0.0,0.0076,0.0008
493,on_the_phone,0.991,0.0,0.0081,0.0009
494,on_the_phone,0.9913,0.0,0.0079,0.0008
495,on_the_phone,0.9908,0.0,0.0083,0.0009
496,on_the_phone,0.9897,0.0,0.0094,0.0009
497,on_the_phone,0.9906,0.0,0.0085,0.0009
498,on_the_phone,0.9908,0.0,0.0083,0.0009
499,on_the_phone,0.9911,0.0,0.008,0.0008
500,on_the_phone,0.9904,0.0,0.0087,0.0009
501,raise_hand,0.9339,0.0004,0.0,0.0656
502,raise_hand,0.9913,0.0,0.0,0.0087
503,raise_hand,0.9477,0.0005,0.0001,0.0518
504,raise_hand,0.9924,0.0,0.0,0.0075
505,raise_hand,0.9493,0.0005,0.0001,0.0501
506,raise_hand,0.9911,0.0,0.0,0.0089
507,raise_hand,0.9558,0.0005,0.0001,0.0436
508,raise_hand,0.9926,0.0,0.0,0.0074
509,raise_hand,0.9745,0.0004,0.0001,0.025
510,raise_hand,0.9903,0.0,0.0,0.0096
511,raise_hand,0.9791,0.0004,0.0001,0.0204
512,raise_hand,0.9882,0.0,0.0,0.0118
513,raise_hand,0.9811,0.0004,0.0002,0.0184
514,raise_hand,0.9888,0.0,0.0,0.0112
515,raise_hand,0.9831,0.0004,0.0002,0.0163
516,raise_hand,0.9886,0.0,0.0,0.0113
517,raise_hand,0.9815,0.0004,0.0002,0.018
518,raise_hand,0.9931,0.0,0.0,0.0068
519,raise_hand,0.9846,0.0004,0.0002,0.0147
520,raise_hand,0.9925,0.0,0.0,0.0075
521,raise_hand,0.9852,0.0004,0.0002,0.0142
522,raise_hand,0.9932,0.0,0.0,0.0067
523,raise_hand,0.9838,0.0004,0.0002,0.0156
524,raise_hand,0.995,0.0,0.0,0.005
525,raise_hand,0.9838,0.0004,0.0002,0.0156
526,raise_hand,0.9962,0.0,0.0,0.0038
527,raise_hand,0.9822,0.0004,0.0002,0.0172
528,raise_hand,0.9964,0.0,0.0,0.0035
529,raise_hand,0.9829,0.0004,0.0002,0.0165
530,raise_hand,0.997,0.0001,0.0,0.0029
531,raise_hand,0.983,0.0004,0.0002,0.0164
532,raise_hand,0.9989,0.0001,0.0001,0.0009
533,raise_hand,0.9829,0.0004,0.0002,0.0165
534,raise_hand,0.9989,0.0001,0.0001,0.0009
535,raise_hand,0.9791,0.0004,0.0001,0.0204
536,raise_hand,0.997,0.0002,0.0004,0.0024
537,raise_hand,0.9827,0.0004,0.0002,0.0167
538,raise_hand,0.9969,0.0002,0.0006,0.0023
539,raise_hand,0.9927,0.0007,0.0019,0.0047
540,raise_hand,0.9824,0.0004,0.0002,0.0171
541,raise_hand,0.9822,0.0015,0.0041,0.0122
542,raise_hand,0.9815,0.0004,0.0002,0.018
543,raise_hand,0.9625,0.0025,0.0049,0.0301
544,raise_hand,0.9817,0.0004,0.0002,0.0177
545,raise_hand,0.9774,0.0019,0.0039,0.0168
546,raise_hand,0.9813,0.0004,0.0002,0.0182
547,raise_hand,0.9695,0.0021,0.0041,0.0242
548,raise_hand,0.982,0.0004,0.0002,0.0175
549,raise_hand,0.9657,0.0022,0.0037,0.0284
550,raise_hand,0.9815,0.0004,0.0002,0.0179
551,raise_hand,0.978,0.0015,0.0029,0.0176
552,raise_hand,0.981,0.0004,0.0002,0.0184
553,raise_hand,0.9789,0.0004,0.0001,0.0206
554,raise_hand,0.9822,0.0011,0.0023,0.0144
555,raise_hand,0.9792,0.0004,0.0001,0.0203
556,raise_hand,0.9953,0.0004,0.0012,0.0031
557,raise_hand,0.9782,0.0004,0.0001,0.0213
558,raise_hand,0.9834,0.0008,0.0015,0.0143
559,raise_hand,0.9783,0.0004,0.0001,0.0212
560,raise_hand,0.9951,0.0004,0.0008,0.0038
561,raise_hand,0.9778,0.0004,0.0001,0.0217
562,raise_hand,0.9874,0.0004,0.0005,0.0116
563,raise_hand,0.4791,0.5031,0.0,0.0178
564,raise_hand,0.0066,0.9874,0.0,0.006
565,raise_hand,0.0054,0.9907,0.0,0.0039
566,raise_hand,0.2558,0.726,0.0,0.0182
567,raise_hand,0.4634,0.523,0.0,0.0137
568,raise_hand,0.0058,0.99,0.0,0.0043
569,raise_hand,0.0052,0.991,0.0,0.0038
570,raise_hand,0.6008,0.3854,0.0,0.0139
571,raise_hand,0.0065,0.9879,0.0,0.0056
572,raise_hand,0.4019,0.5821,0.0,0.016
573,raise_hand,0.0054,0.9907,0.0,0.0039
574,raise_hand,0.5273,0.4596,0.0,0.0131
575,raise_hand,0.0053,0.9909,0.0,0.0038
576,raise_hand,0.0295,0.9619,0.0,0.0086
577,raise_hand,0.0054,0.9907,0.0,0.0039
578,raise_hand,0.1836,0.8025,0.0,0.0139
579,raise_hand,0.0061,0.989,0.0,0.005
580,raise_hand,0.0923,0.8948,0.0,0.0129
581,raise_hand,0.0056,0.99,0.0,0.0044
582,raise_hand,0.1755,0.8119,0.0,0.0126
583,raise_hand,0.0072,0.9845,0.0,0.0083
584,raise_hand,0.1423,0.8441,0.0,0.0135
585,raise_hand,0.0061,0.9889,0.0,0.0051
586,raise_hand,0.0822,0.9046,0.0,0.0132
587,raise_hand,0.0058,0.9897,0.0,0.0046
588,raise_hand,0.2119,0.7726,0.0,0.0155
589,raise_hand,0.0067,0.9866,0.0,0.0067
590,raise_hand,0.5895,0.398,0.0,0.0125
591,raise_hand,0.0066,0.9873,0.0,0.0061
592,raise_hand,0.668,0.3221,0.0,0.0099
593,raise_hand,0.0068,0.9871,0.0,0.0062
594,raise_hand,0.0493,0.94,0.0,0.0107
595,raise_hand,0.0063,0.9884,0.0,0.0053
596,raise_hand,0.0195,0.9734,0.0,0.0071
597,raise_hand,0.0053,0.9909,0.0,0.0038
598,raise_hand,0.0377,0.9529,0.0,0.0094
599,raise_hand,0.0056,0.99,0.0,0.0044
600,raise_hand,0.2235,0.7629,0.0,0.0136
601,raise_hand,0.0063,0.9883,0.0,0.0053
602,raise_hand,0.0343,0.9566,0.0,0.0091
603,raise_hand,0.6521,0.3366,0.0,0.0113
604,raise_hand,0.0052,0.9912,0.0,0.0036
605,raise_hand,0.5709,0.4162,0.0,0.013
606,raise_hand,0.0061,0.9895,0.0,0.0044
607,raise_hand,0.0062,0.989,0.0,0.0048
608,raise_hand,0.5965,0.3906,0.0,0.0129
609,raise_hand,0.3802,0.6021,0.0,0.0178
610,raise_hand,0.0063,0.989,0.0,0.0048
611,raise_hand,0.1867,0.7963,0.0,0.0171
612,raise_hand,0.0062,0.9892,0.0,0.0046
613,raise_hand,0.6041,0.3833,0.0,0.0126
614,raise_hand,0.0064,0.988,0.0,0.0057
615,raise_hand,0.005,0.992,0.0,0.0031
616,raise_hand,0.2209,0.7648,0.0,0.0143
617,raise_hand,0.006,0.9894,0.0,0.0046
618,raise_hand,0.0857,0.9005,0.0,0.0138
619,raise_hand,0.0066,0.9844,0.0,0.009
620,raise_hand,0.1393,0.8471,0.0,0.0136
621,raise_hand,0.408,0.577,0.0,0.015
622,raise_hand,0.0071,0.9807,0.0,0.0121
623,raise_hand,0.0325,0.9568,0.0,0.0107
624,raise_hand,0.0098,0.9572,0.0,0.0331
625,raise_hand,0.0633,0.9234,0.0,0.0132
626,raise_hand,0.0129,0.9093,0.0,0.0778
627,raise_hand,0.0354,0.9545,0.0,0.01
628,raise_hand,0.0125,0.6244,0.0,0.3631
629,raise_hand,0.5483,0.438,0.0,0.0137
630,raise_hand,0.0114,0.6754,0.0,0.3132
631,raise_hand,0.4195,0.5662,0.0,0.0143
632,raise_hand,0.0101,0.4113,0.0,0.5786
633,raise_hand,0.0083,0.4341,0.0,0.5576
634,raise_hand,0.2235,0.764,0.0,0.0126
635,raise_hand,0.0081,0.399,0.0,0.5929
636,raise_hand,0.1818,0.808,0.0,0.0102
637,raise_hand,0.007,0.2133,0.0,0.7796
638,raise_hand,0.1657,0.8231,0.0,0.0112
639,raise_hand,0.0062,0.1745,0.0,0.8193
640,raise_hand,0.0125,0.9603,0.0,0.0272
641,raise_hand,0.0081,0.4165,0.0,0.5754
642,raise_hand,0.0162,0.852,0.0,0.1319
643,raise_hand,0.008,0.3993,0.0,0.5927
644,raise_hand,0.0062,0.9788,0.0,0.0149
645,raise_hand,0.0064,0.2001,0.0,0.7935
646,raise_hand,0.0069,0.9684,0.0,0.0247
647,raise_hand,0.0062,0.1639,0.0,0.83
648,raise_hand,0.0153,0.4573,0.0,0.5274
649,raise_hand,0.0074,0.3364,0.0,0.6562
650,raise_hand,0.0142,0.4147,0.0,0.571
651,raise_hand,0.0083,0.4308,0.0,0.5609
652,raise_hand,0.015,0.5202,0.0,0.4648
653,raise_hand,0.0075,0.3602,0.0,0.6324
654,raise_hand,0.0128,0.3885,0.0,0.5986
655,raise_hand,0.008,0.4216,0.0,0.5704
656,raise_hand,0.0099,0.2227,0.0,0.7673
657,raise_hand,0.0085,0.4262,0.0,0.5653
658,raise_hand,0.0105,0.2498,0.0,0.7398
659,raise_hand,0.0097,0.5498,0.0,0.4405
660,raise_hand,0.0115,0.3328,0.0,0.6557
661,raise_hand,0.0101,0.6498,0.0,0.3401
662,raise_hand,0.0102,0.2724,0.0,0.7174
663,raise_hand,0.0106,0.6827,0.0,0.3067
664,raise_hand,0.0121,0.465,0.0,0.5229
665,raise_hand,0.0106,0.8085,0.0,0.1808
666,raise_hand,0.0116,0.4119,0.0,0.5765
667,raise_hand,0.011,0.949,0.0,0.04
668,raise_hand,0.0125,0.5235,0.0,0.464
669,raise_hand,0.0077,0.9809,0.0,0.0114
670,raise_hand,0.0125,0.4827,0.0,0.5047
671,raise_hand,0.0065,0.9876,0.0,0.006
672,raise_hand,0.0119,0.7464,0.0,0.2417
673,raise_hand,0.0054,0.9911,0.0,0.0035
674,raise_hand,0.0121,0.7927,0.0,0.1952
675,raise_hand,0.0064,0.9886,0.0,0.005
676,raise_hand,0.0109,0.8764,0.0,0.1127
677,raise_hand,0.006,0.989,0.0,0.0051
678,raise_hand,0.013,0.4438,0.0,0.5432
679,raise_hand,0.0065,0.9872,0.0,0.0064
680,raise_hand,0.009,0.9163,0.0,0.0747
681,raise_hand,0.006,0.9895,0.0,0.0045
682,raise_hand,0.008,0.935,0.0,0.057
683,raise_hand,0.0057,0.9902,0.0,0.004
684,raise_hand,0.0139,0.4648,0.0,0.5212
685,raise_hand,0.0062,0.9886,0.0,0.0052
686,raise_hand,0.0102,0.8826,0.0,0.1072
687,raise_hand,0.0053,0.9911,0.0,0.0036
688,raise_hand,0.0137,0.7329,0.0,0.2534
689,raise_hand,0.006,0.9896,0.0,0.0044
690,raise_hand,0.0099,0.8896,0.0,0.1004
691,raise_hand,0.0066,0.9881,0.0,0.0053
692,raise_hand,0.0098,0.884,0.0,0.1062
693,raise_hand,0.0063,0.9891,0.0,0.0046
694,raise_hand,0.0094,0.8966,0.0,0.094
695,raise_hand,0.0065,0.9885,0.0,0.0049
696,raise_hand,0.0139,0.44,0.0,0.5461
697,raise_hand,0.0065,0.9888,0.0,0.0047
698,raise_hand,0.0137,0.6917,0.0,0.2946
699,raise_hand,0.0067,0.9881,0.0,0.0051
700,raise_hand,0.0137,0.5836,0.0,0.4027
701,raise_hand,0.0056,0.9908,0.0,0.0036
702,raise_hand,0.0124,0.3996,0.0,0.5879
703,raise_hand,0.006,0.9898,0.0,0.0041
704,raise_hand,0.0129,0.4609,0.0,0.5262
705,raise_hand,0.0056,0.9908,0.0,0.0036
706,raise_hand,0.013,0.4307,0.0,0.5563
707,raise_hand,0.0052,0.9917,0.0,0.0031
708,raise_hand,0.0126,0.3823,0.0,0.6051
709,raise_hand,0.0051,0.992,0.0,0.0029
710,raise_hand,0.0125,0.3504,0.0,0.6371
711,engaged,0.9746,0.0,0.0236,0.0017
712,engaged,0.9902,0.0002,0.0075,0.0022
713,engaged,0.9745,0.0,0.0238,0.0017
714,engaged,0.9725,0.0152,0.0,0.0122
715,engaged,0.9754,0.0,0.0229,0.0016
716,engaged,0.4109,0.4823,0.0,0.1069
717,engaged,0.9739,0.0,0.0244,0.0017
718,engaged,0.1452,0.7341,0.0,0.1207
719,engaged,0.9902,0.0002,0.0073,0.0023
720,engaged,0.9747,0.0,0.0236,0.0017
721,engaged,0.9733,0.0,0.0248,0.0018
722,engaged,0.8479,0.1076,0.0,0.0445
723,engaged,0.9733,0.0,0.025,0.0017
724,engaged,0.9919,0.0002,0.0057,0.0023
725,engaged,0.9738,0.0,0.0244,0.0017
726,engaged,0.5128,0.3899,0.0,0.0973
727,engaged,0.2249,0.646,0.0,0.1291
728,engaged,0.975,0.0,0.0234,0.0016
729,engaged,0.9726,0.0,0.0258,0.0015
730,engaged,0.1356,0.7495,0.0,0.1149
731,engaged,0.9729,0.0,0.0254,0.0016
732,engaged,0.9898,0.0002,0.0075,0.0025
733,engaged,0.9898,0.0002,0.0075,0.0025
734,engaged,0.9741,0.0,0.0242,0.0017
735,engaged,0.9728,0.0,0.0256,0.0016
736,engaged,0.4359,0.4598,0.0,0.1043
737,engaged,0.3211,0.5436,0.0,0.1353
738,engaged,0.9742,0.0,0.0242,0.0015
739,engaged,0.9744,0.0,0.0239,0.0017
740,engaged,0.5365,0.3701,0.0,0.0934
741,engaged,0.9726,0.0,0.0255,0.0018
742,engaged,0.513,0.3939,0.0,0.093
743,engaged,0.9742,0.0,0.0241,0.0017
744,engaged,0.1175,0.7737,0.0,0.1089
745,engaged,0.9742,0.0,0.0241,0.0017
746,engaged,0.9903,0.0002,0.0072,0.0023
747,engaged,0.3375,0.5407,0.0,0.1218
748,engaged,0.9787,0.0,0.0197,0.0016
749,engaged,0.9734,0.0,0.0249,0.0017
750,engaged,0.1923,0.6821,0.0,0.1256
751,engaged,0.9742,0.0,0.0241,0.0017
752,engaged,0.2536,0.6175,0.0,0.1288
753,engaged,0.975,0.0,0.0233,0.0016
754,engaged,0.6022,0.3221,0.0,0.0757
755,engaged,0.9693,0.0,0.0291,0.0016
756,engaged,0.4065,0.5054,0.0,0.0882
757,engaged,0.9744,0.0,0.0238,0.0017
758,engaged,0.2519,0.6528,0.0,0.0952
759,engaged,0.9898,0.0002,0.0074,0.0026
760,engaged,0.9732,0.0,0.025,0.0017
761,engaged,0.9697,0.0,0.0287,0.0016
762,engaged,0.1071,0.7735,0.0,0.1194
763,engaged,0.9749,0.0,0.0234,0.0017
764,engaged,0.9926,0.0002,0.0049,0.0023
765,engaged,0.9736,0.0,0.0246,0.0018
766,engaged,0.2074,0.714,0.0,0.0786
767,engaged,0.9741,0.0,0.0242,0.0017
768,engaged,0.8905,0.08,0.0,0.0294
769,engaged,0.9795,0.0,0.019,0.0015
770,engaged,0.9652,0.0234,0.0,0.0114
771,engaged,0.9787,0.0,0.0197,0.0016
772,engaged,0.9773,0.0146,0.0,0.0081
773,engaged,0.9742,0.0,0.0241,0.0016
774,engaged,0.5647,0.3754,0.0,0.0599
775,engaged,0.0028,0.0015,0.0001,0.9955
776,engaged,0.6804,0.2688,0.0,0.0508
777,engaged,0.971,0.0,0.0273,0.0016
778,engaged,0.8071,0.1648,0.0,0.0281
779,engaged,0.906,0.0741,0.0,0.0199
780,engaged,0.9744,0.0,0.0238,0.0017
781,engaged,0.974,0.0,0.0242,0.0017
782,engaged,0.8653,0.1079,0.0,0.0268
783,engaged,0.9731,0.0,0.0254,0.0015
784,engaged,0.789,0.1836,0.0,0.0274
785,engaged,0.9724,0.0,0.0259,0.0016
786,engaged,0.8662,0.1085,0.0,0.0253
787,engaged,0.9745,0.0,0.0238,0.0017
788,engaged,0.9226,0.0574,0.0,0.02
789,engaged,0.8298,0.143,0.0,0.0272
790,engaged,0.9729,0.0,0.0255,0.0015
791,engaged,0.9735,0.0,0.0247,0.0018
792,engaged,0.913,0.0648,0.0,0.0221
793,engaged,0.9723,0.0,0.0261,0.0015
794,engaged,0.9575,0.0298,0.0001,0.0127
795,engaged,0.9747,0.0,0.0236,0.0017
796,engaged,0.951,0.0352,0.0001,0.0137
797,engaged,0.9722,0.0,0.0261,0.0016
798,engaged,0.985,0.0058,0.0007,0.0085
799,engaged,0.9738,0.0,0.0246,0.0016
800,engaged,0.986,0.0048,0.0009,0.0082
801,engaged,0.9719,0.0,0.0263,0.0018
802,engaged,0.9825,0.0079,0.0005,0.0091
803,engaged,0.973,0.0,0.0252,0.0017
804,engaged,0.982,0.008,0.0006,0.0094
805,engaged,0.9731,0.0,0.0253,0.0016
806,engaged,0.985,0.0056,0.0008,0.0086
807,engaged,0.9761,0.0121,0.0004,0.0114
808,engaged,0.9733,0.0,0.0249,0.0017
809,engaged,0.9793,0.0104,0.0004,0.0099
810,engaged,0.9722,0.0,0.0261,0.0017
811,engaged,0.9877,0.0037,0.001,0.0076
812,engaged,0.9725,0.0,0.0259,0.0016
813,engaged,0.9708,0.0163,0.0002,0.0127
814,engaged,0.9737,0.0,0.0247,0.0017
815,engaged,0.9675,0.0195,0.0001,0.0129
816,engaged,0.9735,0.0,0.0248,0.0017
817,engaged,0.9749,0.014,0.0002,0.0109
818,engaged,0.9722,0.0,0.0261,0.0016
819,engaged,0.9838,0.0065,0.0005,0.0092
820,engaged,0.9722,0.0,0.0262,0.0016
821,engaged,0.9854,0.0059,0.0005,0.0082
822,engaged,0.9721,0.0,0.0262,0.0016
823,engaged,0.7515,0.2173,0.0,0.0313
824,engaged,0.9721,0.0,0.0263,0.0016
825,engaged,0.8885,0.0866,0.0,0.0249
826,engaged,0.9749,0.0,0.0234,0.0016
827,engaged,0.9743,0.0,0.024,0.0017
828,engaged,0.9153,0.0641,0.0,0.0206
829,engaged,0.8698,0.1038,0.0,0.0264
830,engaged,0.9737,0.0,0.0246,0.0017
831,engaged,0.8682,0.1008,0.0,0.031
832,engaged,0.9717,0.0,0.0266,0.0016
833,engaged,0.9723,0.0,0.0259,0.0017
834,engaged,0.8949,0.0797,0.0,0.0255
835,engaged,0.9719,0.0,0.0263,0.0017
836,engaged,0.7677,0.1901,0.0,0.0421
837,engaged,0.6117,0.3375,0.0,0.0508
838,engaged,0.9749,0.0,0.0234,0.0016
839,engaged,0.9744,0.0,0.0238,0.0017
840,engaged,0.374,0.55,0.0,0.0759
841,engaged,0.9726,0.0,0.0256,0.0018
842,engaged,0.4589,0.4839,0.0,0.0573
843,engaged,0.5029,0.4363,0.0,0.0608
844,engaged,0.9718,0.0,0.0265,0.0017
845,engaged,0.5103,0.4215,0.0,0.0682
846,engaged,0.9737,0.0,0.0245,0.0017
847,engaged,0.42,0.4909,0.0,0.0892
848,engaged,0.9738,0.0,0.0245,0.0017
849,engaged,0.5378,0.3907,0.0,0.0715
850,engaged,0.9733,0.0,0.025,0.0017
851,engaged,0.3893,0.5233,0.0,0.0874
852,engaged,0.9732,0.0,0.0252,0.0015
853,engaged,0.9742,0.0,0.024,0.0017
854,engaged,0.1906,0.7054,0.0,0.104
855,engaged,0.9727,0.0,0.0255,0.0017
856,engaged,0.9917,0.0002,0.0059,0.0022
857,engaged,0.9726,0.0,0.0255,0.0018
858,engaged,0.0805,0.835,0.0,0.0845
859,engaged,0.042,0.8644,0.0,0.0936
860,engaged,0.974,0.0,0.0243,0.0017
861,engaged,0.9725,0.0,0.0257,0.0018
862,engaged,0.0579,0.8405,0.0,0.1016
863,engaged,0.9742,0.0,0.0242,0.0016
864,engaged,0.0695,0.4791,0.0,0.4514
865,engaged,0.9735,0.0,0.0247,0.0017
866,engaged,0.069,0.4145,0.0,0.5165
867,engaged,0.9917,0.0001,0.0062,0.002
868,engaged,0.9749,0.0,0.0233,0.0018
869,engaged,0.9733,0.0,0.025,0.0017
870,engaged,0.0674,0.3444,0.0,0.5881
871,engaged,0.9729,0.0,0.0254,0.0016
872,engaged,0.0675,0.3604,0.0,0.572
873,engaged,0.0636,0.2752,0.0,0.6612
874,engaged,0.9746,0.0,0.0237,0.0017
875,engaged,0.9724,0.0,0.0259,0.0017
876,engaged,0.067,0.5874,0.0,0.3455
877,engaged,0.9913,0.0001,0.0068,0.0018
878,engaged,0.9727,0.0,0.0255,0.0018
879,engaged,0.9729,0.0,0.0253,0.0017
880,engaged,0.9912,0.0001,0.0071,0.0016
881,engaged,0.9721,0.0,0.0261,0.0018
882,engaged,0.991,0.0001,0.0071,0.0017
883,engaged,0.9712,0.0,0.0271,0.0016
884,engaged,0.9911,0.0001,0.0072,0.0016
885,engaged,0.9723,0.0,0.0259,0.0017
886,engaged,0.9915,0.0001,0.007,0.0015
887,engaged,0.9917,0.0001,0.0067,0.0015
888,engaged,0.9731,0.0,0.0252,0.0017
889,engaged,0.9736,0.0,0.0246,0.0017
890,engaged,0.9919,0.0001,0.0063,0.0017
891,engaged,0.9725,0.0,0.0259,0.0016
892,engaged,0.9919,0.0001,0.0063,0.0017
893,engaged,0.9727,0.0,0.0256,0.0016
894,engaged,0.9922,0.0001,0.006,0.0017
895,engaged,0.9716,0.0,0.0267,0.0016
896,engaged,0.9922,0.0001,0.0061,0.0016
897,engaged,0.9734,0.0,0.025,0.0016
898,engaged,0.992,0.0001,0.0063,0.0017
899,engaged,0.9739,0.0,0.0244,0.0016
900,engaged,0.9918,0.0001,0.0064,0.0017
901,engaged,0.0513,0.7966,0.0,0.1521
902,engaged,0.974,0.0,0.0244,0.0016
903,engaged,0.0566,0.7465,0.0,0.1969
904,engaged,0.9736,0.0,0.0245,0.0018
905,engaged,0.993,0.0001,0.0054,0.0015
906,engaged,0.9731,0.0,0.0252,0.0016
907,engaged,0.9717,0.0,0.0265,0.0018
908,engaged,0.9919,0.0001,0.0063,0.0018
909,engaged,0.9726,0.0,0.0257,0.0016
910,engaged,0.992,0.0001,0.0062,0.0017
911,engaged,0.9718,0.0,0.0264,0.0018
912,engaged,0.992,0.0001,0.0062,0.0017
913,engaged,0.9742,0.0,0.024,0.0017
914,engaged,0.9919,0.0001,0.0062,0.0018
915,engaged,0.9737,0.0,0.0246,0.0017
916,engaged,0.9916,0.0001,0.0066,0.0017
917,engaged,0.9739,0.0,0.0244,0.0016
918,engaged,0.9923,0.0001,0.0059,0.0017
919,engaged,0.0659,0.3398,0.0,0.5943
920,engaged,0.9736,0.0,0.0248,0.0016
921,engaged,0.9727,0.0,0.0256,0.0017
922,engaged,0.0668,0.3734,0.0,0.5598
923,bored,0.9988,0.0,0.0006,0.0005
924,bored,0.0421,0.917,0.0003,0.0406
925,bored,0.9986,0.0,0.0008,0.0006
926,bored,0.0453,0.903,0.0003,0.0514
927,bored,0.9986,0.0,0.0007,0.0006
928,bored,0.0421,0.9096,0.0002,0.0481
929,bored,0.9987,0.0,0.0007,0.0006
930,bored,0.0476,0.8922,0.0003,0.0598
931,bored,0.9987,0.0,0.0007,0.0006
932,bored,0.0445,0.9063,0.0003,0.049
933,bored,0.9986,0.0,0.0008,0.0006
934,bored,0.0441,0.9086,0.0003,0.047
935,bored,0.9986,0.0,0.0008,0.0006
936,bored,0.0464,0.898,0.0003,0.0553
937,bored,0.9988,0.0,0.0006,0.0005
938,bored,0.0488,0.8913,0.0004,0.0594
939,bored,0.9987,0.0,0.0007,0.0006
940,bored,0.0496,0.8848,0.0004,0.0652
941,bored,0.9987,0.0,0.0007,0.0006
942,bored,0.045,0.899,0.0002,0.0557
943,bored,0.9988,0.0,0.0007,0.0005
944,bored,0.0495,0.8728,0.0002,0.0775
945,bored,0.9989,0.0,0.0006,0.0005
946,bored,0.0502,0.8746,0.0003,0.0749
947,bored,0.9989,0.0,0.0006,0.0005
948,bored,0.0485,0.886,0.0003,0.0652
949,bored,0.9988,0.0,0.0006,0.0006
950,bored,0.0517,0.8786,0.0005,0.0693
951,bored,0.9989,0.0,0.0006,0.0005
952,bored,0.0515,0.8762,0.0004,0.0718
953,bored,0.9988,0.0,0.0006,0.0006
954,bored,0.0424,0.9113,0.0002,0.0461
955,bored,0.9988,0.0,0.0006,0.0006
956,bored,0.0446,0.9051,0.0003,0.0501
957,bored,0.9989,0.0,0.0006,0.0005
958,bored,0.0462,0.8961,0.0003,0.0574
959,bored,0.9988,0.0,0.0006,0.0006
960,bored,0.0461,0.9006,0.0003,0.053
961,bored,0.9988,0.0,0.0007,0.0005
962,bored,0.0417,0.9105,0.0002,0.0477
963,bored,0.9988,0.0,0.0007,0.0006
964,bored,0.0619,0.915,0.0008,0.0223
965,bored,0.9988,0.0,0.0006,0.0006
966,bored,0.0483,0.8848,0.0003,0.0666
967,bored,0.9988,0.0,0.0006,0.0006
968,bored,0.0464,0.8985,0.0003,0.0548
969,bored,0.9986,0.0,0.0008,0.0006
970,bored,0.0455,0.8994,0.0003,0.0548
971,bored,0.9987,0.0,0.0007,0.0006
972,bored,0.0389,0.9206,0.0001,0.0403
973,bored,0.9987,0.0,0.0007,0.0006
974,bored,0.046,0.8947,0.0002,0.059
975,bored,0.9987,0.0,0.0007,0.0006
976,bored,0.0432,0.9026,0.0002,0.054
977,bored,0.9987,0.0,0.0007,0.0006
978,bored,0.0406,0.9159,0.0002,0.0434
979,bored,0.9987,0.0,0.0007,0.0006
980,bored,0.0398,0.9188,0.0002,0.0412
981,bored,0.9988,0.0,0.0006,0.0006
982,bored,0.0451,0.9053,0.0003,0.0493
983,bored,0.9988,0.0,0.0006,0.0006
984,bored,0.0471,0.8904,0.0003,0.0623
985,bored,0.997,0.0,0.003,0.0001
986,bored,0.9986,0.0,0.0013,0.0001
987,bored,0.9962,0.0,0.0037,0.0001
988,bored,0.9985,0.0,0.0013,0.0001
989,bored,0.996,0.0,0.0039,0.0001
990,bored,0.9984,0.0,0.0014,0.0001
991,bored,0.9968,0.0,0.0032,0.0001
992,bored,0.9986,0.0,0.0013,0.0001
993,bored,0.9958,0.0,0.0041,0.0001
994,bored,0.9985,0.0,0.0013,0.0001
995,bored,0.9958,0.0,0.0041,0.0001
996,bored,0.9981,0.0,0.0018,0.0001
997,bored,0.9963,0.0,0.0037,0.0001
998,bored,0.998,0.0,0.0019,0.0001
999,bored,0.9964,0.0,0.0035,0.0001
1000,bored,0.9978,0.0,0.002,0.0001
1001,bored,0.9962,0.0,0.0037,0.0001
1002,bored,0.9979,0.0,0.002,0.0001
1003,bored,0.9962,0.0,0.0038,0.0001
1004,bored,0.998,0.0,0.0019,0.0001
1005,bored,0.9962,0.0,0.0037,0.0001
1006,bored,0.9984,0.0,0.0015,0.0001
1007,bored,0.996,0.0,0.0039,0.0001
1008,bored,0.9981,0.0,0.0018,0.0001
1009,bored,0.9956,0.0,0.0044,0.0001
1010,bored,0.9978,0.0,0.0021,0.0001
1011,bored,0.9962,0.0,0.0037,0.0001
1012,bored,0.9982,0.0,0.0016,0.0001
1013,bored,0.9965,0.0,0.0034,0.0001
1014,bored,0.9983,0.0,0.0016,0.0001
1015,bored,0.9958,0.0,0.0041,0.0001
1016,bored,0.9978,0.0,0.002,0.0001
1017,bored,0.9958,0.0,0.0042,0.0001
1018,bored,0.998,0.0,0.0019,0.0001
1019,bored,0.9959,0.0,0.004,0.0001
1020,bored,0.998,0.0,0.0019,0.0001
1021,bored,0.9963,0.0,0.0036,0.0001
1022,bored,0.9981,0.0,0.0017,0.0001
1023,bored,0.9958,0.0,0.0041,0.0001
1024,bored,0.9981,0.0,0.0017,0.0001
1025,bored,0.996,0.0,0.0039,0.0001
1026,bored,0.9981,0.0,0.0018,0.0001
1027,bored,0.9961,0.0,0.0039,0.0001
1028,bored,0.9982,0.0,0.0017,0.0001
1029,bored,0.9963,0.0,0.0037,0.0001
1030,bored,0.9983,0.0,0.0016,0.0001
1031,bored,0.9964,0.0,0.0035,0.0001
1032,bored,0.9982,0.0,0.0017,0.0001
1033,bored,0.9963,0.0,0.0036,0.0001
1034,bored,0.9983,0.0,0.0016,0.0001
1035,bored,0.9969,0.0,0.0031,0.0001
1036,bored,0.9983,0.0,0.0016,0.0001
1037,bored,0.9968,0.0,0.0032,0.0001
1038,bored,0.9985,0.0,0.0014,0.0001
1039,bored,0.9959,0.0,0.004,0.0001
1040,bored,0.9985,0.0,0.0013,0.0001
1041,bored,0.9959,0.0,0.004,0.0001
1042,bored,0.9986,0.0,0.0013,0.0001
1043,bored,0.9954,0.0,0.0046,0.0001
1044,bored,0.9986,0.0,0.0013,0.0001
1045,bored,0.9952,0.0,0.0047,0.0001
1046,bored,0.998,0.0,0.0019,0.0001
1047,bored,0.9962,0.0,0.0037,0.0001
1048,bored,0.9986,0.0,0.0013,0.0001
1049,bored,0.9962,0.0,0.0038,0.0001
1050,bored,0.9979,0.0,0.002,0.0001
1051,bored,0.9959,0.0,0.0041,0.0001
1052,bored,0.9979,0.0,0.0019,0.0001
1053,bored,0.9956,0.0,0.0043,0.0001
1054,bored,0.9985,0.0,0.0014,0.0001
1055,bored,0.9956,0.0,0.0043,0.0001
1056,bored,0.9985,0.0,0.0014,0.0001
1057,bored,0.9956,0.0,0.0043,0.0001
1058,bored,0.9984,0.0,0.0014,0.0001
1059,bored,0.9963,0.0,0.0036,0.0001
1060,bored,0.998,0.0,0.0019,0.0001
1061,bored,0.9957,0.0,0.0043,0.0001
1062,bored,0.9984,0.0,0.0015,0.0001
1063,bored,0.9963,0.0,0.0037,0.0001
1064,bored,0.9983,0.0,0.0016,0.0001
1065,bored,0.9956,0.0,0.0044,0.0001
1066,bored,0.9981,0.0,0.0017,0.0001
1067,bored,0.9963,0.0,0.0036,0.0001
1068,bored,0.998,0.0,0.0019,0.0001
1069,bored,0.9957,0.0,0.0042,0.0001
1070,bored,0.9982,0.0,0.0017,0.0001
1071,bored,0.9958,0.0,0.0041,0.0001
1072,bored,0.9979,0.0,0.002,0.0001
1073,bored,0.9963,0.0,0.0036,0.0001
1074,bored,0.9979,0.0,0.002,0.0001
1075,bored,0.9959,0.0,0.004,0.0001
1076,bored,0.9983,0.0,0.0016,0.0001
1077,bored,0.9962,0.0,0.0037,0.0001
1078,bored,0.998,0.0,0.0019,0.0001
1079,bored,0.9957,0.0,0.0042,0.0001
1080,bored,0.9983,0.0,0.0016,0.0001
1081,bored,0.9967,0.0,0.0032,0.0001
1082,bored,0.9983,0.0,0.0016,0.0001
1083,bored,0.9961,0.0,0.0038,0.0001
1084,bored,0.9983,0.0,0.0015,0.0001
1085,bored,0.9959,0.0,0.0041,0.0001
1086,bored,0.9984,0.0,0.0015,0.0001
1087,bored,0.9967,0.0,0.0032,0.0001
1088,bored,0.9984,0.0,0.0015,0.0001
1089,bored,0.9958,0.0,0.0041,0.0001
1090,bored,0.9985,0.0,0.0014,0.0001
1091,bored,0.996,0.0,0.004,0.0001
1092,bored,0.9982,0.0,0.0017,0.0002
1093,bored,0.9964,0.0,0.0035,0.0001
1094,bored,0.9986,0.0,0.0013,0.0001
1095,bored,0.996,0.0,0.0039,0.0001
1096,bored,0.9985,0.0,0.0013,0.0001
1097,bored,0.9959,0.0,0.004,0.0001
1098,bored,0.9985,0.0,0.0014,0.0001
1099,bored,0.9961,0.0,0.0038,0.0001
1100,bored,0.9984,0.0,0.0015,0.0001
1101,bored,0.9962,0.0,0.0037,0.0001
1102,bored,0.9979,0.0,0.0019,0.0001
1103,bored,0.9959,0.0,0.0041,0.0001
1104,bored,0.9985,0.0,0.0014,0.0001
1105,bored,0.9956,0.0,0.0043,0.0001
1106,bored,0.9983,0.0,0.0015,0.0001
1107,bored,0.9957,0.0,0.0042,0.0001
1108,bored,0.9983,0.0,0.0016,0.0001
1109,bored,0.9957,0.0,0.0043,0.0001
1110,bored,0.9983,0.0,0.0016,0.0001
1111,bored,0.9955,0.0,0.0044,0.0001
1112,bored,0.9979,0.0,0.0019,0.0001
1113,bored,0.9957,0.0,0.0043,0.0001
1114,bored,0.9984,0.0,0.0015,0.0001
1115,bored,0.9959,0.0,0.004,0.0001
1116,bored,0.998,0.0,0.0019,0.0001
1117,bored,0.9954,0.0,0.0045,0.0001
1118,bored,0.9981,0.0,0.0018,0.0001
1119,bored,0.9965,0.0,0.0035,0.0001
1120,bored,0.9981,0.0,0.0018,0.0001
1121,bored,0.9958,0.0,0.0042,0.0001
1122,bored,0.9981,0.0,0.0018,0.0001
1123,bored,0.9957,0.0,0.0042,0.0001
1124,bored,0.9981,0.0,0.0018,0.0001
1125,bored,0.9963,0.0,0.0036,0.0001
1126,bored,0.9981,0.0,0.0018,0.0001
1127,bored,0.9957,0.0,0.0042,0.0001
1128,bored,0.9982,0.0,0.0017,0.0001
1129,bored,0.9961,0.0,0.0038,0.0001
1130,bored,0.9982,0.0,0.0017,0.0001
1131,bored,0.996,0.0,0.0039,0.0001
1132,bored,0.9982,0.0,0.0017,0.0001
1133,bored,0.9966,0.0,0.0033,0.0001
1134,bored,0.9982,0.0,0.0017,0.0001
1135,bored,0.996,0.0,0.004,0.0001
1136,bored,0.9983,0.0,0.0016,0.0001
1137,on_the_phone,0.9935,0.0,0.0059,0.0006
1138,on_the_phone,0.9509,0.0,0.048,0.0011
1139,on_the_phone,0.9933,0.0,0.0061,0.0006
1140,on_the_phone,0.9553,0.0,0.0436,0.0011
1141,on_the_phone,0.9928,0.0,0.0066,0.0006
1142,on_the_phone,0.9578,0.0,0.041,0.0011
1143,on_the_phone,0.9927,0.0,0.0067,0.0006
1144,on_the_phone,0.9532,0.0,0.0456,0.0012
1145,on_the_phone,0.9932,0.0,0.0062,0.0006
1146,on_the_phone,0.9514,0.0,0.0473,0.0012
1147,on_the_phone,0.9937,0.0,0.0057,0.0006
1148,on_the_phone,0.9553,0.0,0.0436,0.0012
1149,on_the_phone,0.9932,0.0,0.0062,0.0006
1150,on_the_phone,0.9499,0.0,0.0489,0.0011
1151,on_the_phone,0.993,0.0,0.0064,0.0006
1152,on_the_phone,0.9549,0.0,0.0439,0.0012
1153,on_the_phone,0.9936,0.0,0.0059,0.0006
1154,on_the_phone,0.9555,0.0,0.0435,0.0011
1155,on_the_phone,0.9928,0.0,0.0066,0.0006
1156,on_the_phone,0.9563,0.0,0.0426,0.0011
1157,on_the_phone,0.9929,0.0,0.0065,0.0006
1158,on_the_phone,0.9541,0.0,0.0449,0.0011
1159,on_the_phone,0.9934,0.0,0.0061,0.0006
1160,on_the_phone,0.9539,0.0,0.0449,0.0011
1161,on_the_phone,0.9932,0.0,0.0062,0.0006
1162,on_the_phone,0.9547,0.0,0.0441,0.0011
1163,on_the_phone,0.9931,0.0,0.0063,0.0006
1164,on_the_phone,0.9549,0.0,0.0441,0.0011
1165,on_the_phone,0.9933,0.0,0.0061,0.0006
1166,on_the_phone,0.9497,0.0,0.0491,0.0011
1167,on_the_phone,0.9932,0.0,0.0062,0.0006
1168,on_the_phone,0.952,0.0,0.0469,0.0011
1169,on_the_phone,0.9932,0.0,0.0062,0.0006
1170,on_the_phone,0.9458,0.0,0.0531,0.0011
1171,on_the_phone,0.9932,0.0,0.0062,0.0006
1172,on_the_phone,0.94,0.0,0.0589,0.0011
1173,on_the_phone,0.9937,0.0,0.0058,0.0006
1174,on_the_phone,0.9374,0.0,0.0615,0.0011
1175,on_the_phone,0.9935,0.0,0.0059,0.0006
1176,on_the_phone,0.9605,0.0,0.0381,0.0014
1177,on_the_phone,0.9932,0.0,0.0062,0.0006
1178,on_the_phone,0.9805,0.0001,0.0178,0.0017
1179,on_the_phone,0.9931,0.0,0.0063,0.0006
1180,on_the_phone,0.9735,0.0,0.0251,0.0013
1181,on_the_phone,0.9929,0.0,0.0065,0.0006
1182,on_the_phone,0.9696,0.0,0.0291,0.0013
1183,on_the_phone,0.9936,0.0,0.0058,0.0006
1184,on_the_phone,0.9834,0.0,0.0151,0.0015
1185,on_the_phone,0.9932,0.0,0.0062,0.0006
1186,on_the_phone,0.9903,0.0001,0.0081,0.0016
1187,on_the_phone,0.9932,0.0,0.0062,0.0006
1188,on_the_phone,0.9927,0.0001,0.0054,0.0018
1189,on_the_phone,0.9933,0.0,0.0061,0.0006
1190,on_the_phone,0.9933,0.0001,0.0049,0.0017
1191,on_the_phone,0.9934,0.0,0.006,0.0006
1192,on_the_phone,0.9928,0.0001,0.0052,0.0019
1193,on_the_phone,0.9932,0.0,0.0062,0.0006
1194,on_the_phone,0.9919,0.0001,0.0061,0.0019
1195,on_the_phone,0.9931,0.0,0.0063,0.0006
1196,on_the_phone,0.9907,0.0001,0.0075,0.0018
1197,on_the_phone,0.9936,0.0,0.0058,0.0006
1198,on_the_phone,0.9768,0.0,0.0218,0.0013
1199,on_the_phone,0.9934,0.0,0.006,0.0006
1200,on_the_phone,0.9828,0.0,0.0156,0.0015
1201,on_the_phone,0.9937,0.0,0.0057,0.0006
1202,on_the_phone,0.9829,0.0,0.0155,0.0015
1203,on_the_phone,0.9931,0.0,0.0063,0.0006
1204,on_the_phone,0.9712,0.0,0.0274,0.0013
1205,on_the_phone,0.9928,0.0,0.0066,0.0006
1206,on_the_phone,0.9609,0.0,0.0379,0.0012
1207,on_the_phone,0.9937,0.0,0.0058,0.0006
1208,on_the_phone,0.9707,0.0,0.0279,0.0014
1209,on_the_phone,0.9932,0.0,0.0062,0.0006
1210,on_the_phone,0.9719,0.0,0.0267,0.0013
1211,on_the_phone,0.9929,0.0,0.0065,0.0006
1212,on_the_phone,0.982,0.0,0.0165,0.0015
1213,on_the_phone,0.9936,0.0,0.0058,0.0006
1214,on_the_phone,0.9583,0.0,0.0405,0.0012
1215,on_the_phone,0.9935,0.0,0.0059,0.0006
1216,on_the_phone,0.9697,0.0,0.029,0.0013
1217,on_the_phone,0.9932,0.0,0.0062,0.0006
1218,on_the_phone,0.9494,0.0,0.0494,0.0012
1219,on_the_phone,0.9936,0.0,0.0058,0.0006
1220,on_the_phone,0.9641,0.0,0.0346,0.0013
1221,on_the_phone,0.9933,0.0,0.0061,0.0006
1222,on_the_phone,0.948,0.0,0.0508,0.0011
1223,on_the_phone,0.993,0.0,0.0064,0.0006
1224,on_the_phone,0.9506,0.0,0.0482,0.0012
1225,on_the_phone,0.9933,0.0,0.0061,0.0006
1226,on_the_phone,0.9566,0.0,0.0421,0.0012
1227,on_the_phone,0.9934,0.0,0.006,0.0006
1228,on_the_phone,0.9632,0.0,0.0354,0.0013
1229,on_the_phone,0.9929,0.0,0.0065,0.0006
1230,on_the_phone,0.9466,0.0,0.0523,0.0011
1231,on_the_phone,0.9932,0.0,0.0063,0.0006
1232,on_the_phone,0.966,0.0,0.0327,0.0013
1233,on_the_phone,0.9936,0.0,0.0058,0.0006
1234,on_the_phone,0.9448,0.0,0.054,0.0012
1235,on_the_phone,0.9938,0.0,0.0057,0.0006
1236,on_the_phone,0.9659,0.0,0.0327,0.0013
1237,on_the_phone,0.9938,0.0,0.0056,0.0006
1238,on_the_phone,0.9523,0.0,0.0464,0.0012
1239,on_the_phone,0.9937,0.0,0.0058,0.0006
1240,on_the_phone,0.9777,0.0,0.0208,0.0015
1241,on_the_phone,0.994,0.0,0.0054,0.0006
1242,on_the_phone,0.9685,0.0,0.0301,0.0013
1243,on_the_phone,0.9937,0.0,0.0057,0.0005
1244,on_the_phone,0.9706,0.0,0.0281,0.0013
1245,on_the_phone,0.9934,0.0,0.006,0.0006
1246,on_the_phone,0.9621,0.0,0.0367,0.0012
1247,on_the_phone,0.9938,0.0,0.0056,0.0006
1248,on_the_phone,0.9751,0.0,0.0235,0.0014
1249,on_the_phone,0.9938,0.0,0.0056,0.0006
1250,on_the_phone,0.9555,0.0,0.0433,0.0012
1251,on_the_phone,0.9934,0.0,0.006,0.0006
1252,on_the_phone,0.9723,0.0,0.0262,0.0015
1253,on_the_phone,0.9938,0.0,0.0056,0.0006
1254,on_the_phone,0.942,0.0,0.0569,0.0011
1255,on_the_phone,0.9936,0.0,0.0057,0.0006
1256,on_the_phone,0.9457,0.0,0.053,0.0013
1257,on_the_phone,0.9937,0.0,0.0057,0.0006
1258,on_the_phone,0.9388,0.0,0.0602,0.0011
1259,on_the_phone,0.9937,0.0,0.0057,0.0006
1260,on_the_phone,0.943,0.0,0.0559,0.0011
1261,on_the_phone,0.9932,0.0,0.0061,0.0006
1262,on_the_phone,0.9416,0.0,0.0574,0.001
1263,on_the_phone,0.9938,0.0,0.0056,0.0006
1264,on_the_phone,0.9405,0.0,0.0585,0.001
1265,on_the_phone,0.9936,0.0,0.0058,0.0006
1266,on_the_phone,0.9417,0.0,0.0572,0.0011
1267,on_the_phone,0.9933,0.0,0.006,0.0006
1268,on_the_phone,0.9409,0.0,0.058,0.0011
1269,on_the_phone,0.9935,0.0,0.0059,0.0006
1270,on_the_phone,0.9401,0.0,0.0588,0.0011
1271,on_the_phone,0.9938,0.0,0.0057,0.0006
1272,on_the_phone,0.9444,0.0,0.0545,0.0011
1273,on_the_phone,0.9937,0.0,0.0057,0.0006
1274,on_the_phone,0.9419,0.0,0.0569,0.0011
1275,on_the_phone,0.9937,0.0,0.0057,0.0006
1276,on_the_phone,0.9397,0.0,0.0592,0.0011
1277,on_the_phone,0.9937,0.0,0.0057,0.0006
1278,on_the_phone,0.9372,0.0,0.0616,0.0011
1279,on_the_phone,0.9939,0.0,0.0055,0.0006
1280,on_the_phone,0.9399,0.0,0.059,0.0011
1281,on_the_phone,0.9936,0.0,0.0058,0.0006
1282,on_the_phone,0.9379,0.0,0.061,0.0011
1283,on_the_phone,0.9933,0.0,0.006,0.0006
1284,on_the_phone,0.9394,0.0,0.0595,0.001
1285,on_the_phone,0.9932,0.0,0.0062,0.0006
1286,on_the_phone,0.9412,0.0,0.0577,0.0011
1287,on_the_phone,0.9935,0.0,0.0058,0.0006
1288,on_the_phone,0.9366,0.0,0.0623,0.0011
1289,on_the_phone,0.9938,0.0,0.0056,0.0006
1290,on_the_phone,0.9393,0.0,0.0596,0.0011
1291,on_the_phone,0.9936,0.0,0.0058,0.0006
1292,on_the_phone,0.9437,0.0,0.0552,0.0011
1293,on_the_phone,0.9932,0.0,0.0061,0.0007
1294,on_the_phone,0.9419,0.0,0.0569,0.0011
1295,on_the_phone,0.9929,0.0,0.0064,0.0007
1296,on_the_phone,0.9375,0.0,0.0614,0.001
1297,on_the_phone,0.9931,0.0,0.0062,0.0007
1298,on_the_phone,0.9442,0.0,0.0546,0.0011
1299,on_the_phone,0.9934,0.0,0.0059,0.0006
1300,on_the_phone,0.9422,0.0,0.0566,0.0011
1301,on_the_phone,0.9935,0.0,0.0059,0.0006
1302,on_the_phone,0.9504,0.0,0.0484,0.0011
1303,on_the_phone,0.9934,0.0,0.006,0.0006
1304,on_the_phone,0.9656,0.0,0.033,0.0013
1305,on_the_phone,0.9929,0.0,0.0064,0.0006
1306,on_the_phone,0.9486,0.0,0.0502,0.0012
1307,on_the_phone,0.9929,0.0,0.0065,0.0006
1308,on_the_phone,0.9444,0.0,0.0545,0.0011
1309,on_the_phone,0.9937,0.0,0.0057,0.0006
1310,on_the_phone,0.9425,0.0,0.0563,0.0011
1311,on_the_phone,0.9935,0.0,0.0059,0.0006
1312,on_the_phone,0.944,0.0,0.0549,0.0011
1313,on_the_phone,0.9936,0.0,0.0058,0.0006
1314,on_the_phone,0.9676,0.0,0.0311,0.0012
1315,on_the_phone,0.9933,0.0,0.006,0.0006
1316,on_the_phone,0.9766,0.0,0.022,0.0014
1317,on_the_phone,0.9937,0.0,0.0057,0.0006
1318,on_the_phone,0.9694,0.0,0.0293,0.0013
1319,on_the_phone,0.9929,0.0,0.0065,0.0006
1320,on_the_phone,0.9675,0.0,0.0311,0.0013
1321,on_the_phone,0.9934,0.0,0.006,0.0006
1322,on_the_phone,0.9831,0.0,0.0153,0.0015
1323,engaged,0.0,0.0,0.0,1.0
1324,engaged,0.9964,0.0001,0.002,0.0015
1325,engaged,0.0962,0.5578,0.1571,0.1889
1326,engaged,0.0,0.0,0.0,1.0
1327,engaged,0.5078,0.2943,0.1172,0.0807
1328,engaged,0.9964,0.0001,0.0019,0.0016
1329,engaged,0.0,0.0,0.0,1.0
1330,engaged,0.0969,0.3884,0.0961,0.4186
1331,engaged,0.5155,0.2882,0.1168,0.0795
1332,engaged,0.9963,0.0001,0.0021,0.0015
1333,engaged,0.1335,0.0304,0.6092,0.2269
1334,engaged,0.7804,0.029,0.1566,0.034
1335,engaged,0.5044,0.2965,0.1159,0.0832
1336,engaged,0.9964,0.0001,0.0021,0.0015
1337,engaged,0.0,0.0,0.0,1.0
1338,engaged,0.7234,0.0067,0.2531,0.0169
1339,engaged,0.5005,0.3017,0.1144,0.0834
1340,engaged,0.9963,0.0001,0.0022,0.0015
1341,engaged,0.0335,0.0728,0.0,0.8937
1342,engaged,0.7525,0.0091,0.2191,0.0193
1343,engaged,0.5098,0.292,0.1143,0.0839
1344,engaged,0.9963,0.0001,0.0021,0.0015
1345,engaged,0.0023,0.0034,0.0,0.9943
1346,engaged,0.0877,0.2956,0.0678,0.5489
1347,engaged,0.5106,0.2924,0.1152,0.0818
1348,engaged,0.9962,0.0001,0.0022,0.0015
1349,engaged,0.0,0.0,0.0,1.0
1350,engaged,0.8175,0.0247,0.1273,0.0304
1351,engaged,0.531,0.2777,0.1036,0.0877
1352,engaged,0.9963,0.0001,0.0023,0.0014
1353,engaged,0.0,0.0,0.0,1.0
1354,engaged,0.092,0.3316,0.0785,0.4979
1355,engaged,0.5115,0.2924,0.1134,0.0827
1356,engaged,0.9964,0.0001,0.002,0.0015
1357,engaged,0.0,0.0,0.0,1.0
1358,engaged,0.5115,0.2924,0.1134,0.0827
1359,engaged,0.9963,0.0001,0.0021,0.0015
1360,engaged,0.0,0.0,0.0,1.0
1361,engaged,0.7834,0.0065,0.1938,0.0163
1362,engaged,0.5178,0.2868,0.1155,0.0799
1363,engaged,0.9965,0.0001,0.002,0.0015
1364,engaged,0.0498,0.0601,0.0,0.89
1365,engaged,0.5189,0.2859,0.113,0.0821
1366,engaged,0.9963,0.0001,0.0021,0.0015
1367,engaged,0.0227,0.0354,0.0,0.9419
1368,engaged,0.0926,0.3374,0.0808,0.4892
1369,engaged,0.5178,0.2868,0.1155,0.0799
1370,engaged,0.9964,0.0001,0.002,0.0015
1371,engaged,0.0205,0.0262,0.0,0.9533
1372,engaged,0.0928,0.3392,0.0811,0.4869
1373,engaged,0.5152,0.2904,0.1136,0.0809
1374,engaged,0.9963,0.0001,0.002,0.0016
1375,engaged,0.0188,0.0243,0.0,0.9569
1376,engaged,0.7852,0.0274,0.1543,0.0331
1377,engaged,0.5197,0.285,0.1152,0.0801
1378,engaged,0.9962,0.0001,0.0023,0.0015
1379,engaged,0.0341,0.0385,0.0,0.9274
1380,engaged,0.7435,0.0064,0.2339,0.0162
1381,engaged,0.5127,0.2921,0.1099,0.0852
1382,engaged,0.9964,0.0001,0.0021,0.0014
1383,engaged,0.0319,0.035,0.0,0.933
1384,engaged,0.7904,0.0358,0.1378,0.036
1385,engaged,0.9966,0.0001,0.0019,0.0014
1386,engaged,0.0967,0.5524,0.1543,0.1966
1387,engaged,0.0026,0.0011,0.0,0.9963
1388,engaged,0.8118,0.0346,0.1185,0.0351
1389,engaged,0.0964,0.5555,0.1562,0.1918
1390,engaged,0.9964,0.0001,0.002,0.0016
1391,engaged,0.0,0.0,0.0,1.0
1392,engaged,0.752,0.0099,0.2183,0.0198
1393,engaged,0.5123,0.2897,0.1127,0.0853
1394,engaged,0.9965,0.0001,0.0019,0.0015
1395,engaged,0.8589,0.0004,0.0,0.1407
1396,engaged,0.7492,0.0079,0.2251,0.0178
1397,engaged,0.9965,0.0001,0.002,0.0014
1398,engaged,0.0965,0.5548,0.1556,0.1932
1399,engaged,0.1395,0.0283,0.4733,0.3589
1400,engaged,0.7839,0.0085,0.1892,0.0184
1401,engaged,0.9964,0.0001,0.002,0.0015
1402,engaged,0.097,0.5497,0.1533,0.2001
1403,engaged,0.0,0.0,0.0,1.0
1404,engaged,0.0903,0.317,0.0742,0.5184
1405,engaged,0.9964,0.0001,0.002,0.0015
1406,engaged,0.5102,0.2946,0.1037,0.0915
1407,engaged,0.0,0.0,0.0,1.0
1408,engaged,0.0933,0.3439,0.0826,0.4802
1409,engaged,0.9963,0.0001,0.0021,0.0015
1410,engaged,0.0979,0.5394,0.148,0.2148
1411,engaged,0.0,0.0,0.0,1.0
1412,engaged,0.8064,0.0167,0.1512,0.0256
1413,engaged,0.9964,0.0001,0.002,0.0015
1414,engaged,0.0967,0.5529,0.1546,0.1958
1415,engaged,0.0,0.0,0.0,1.0
1416,engaged,0.7479,0.0091,0.2236,0.0194
1417,engaged,0.0978,0.5403,0.1487,0.2132
1418,engaged,0.9963,0.0001,0.0021,0.0015
1419,engaged,0.0,0.0,0.0,1.0
1420,engaged,0.0876,0.2955,0.0668,0.5501
1421,engaged,0.0976,0.5421,0.1494,0.2108
1422,engaged,0.9964,0.0001,0.002,0.0015
1423,engaged,0.0,0.0,0.0,1.0
1424,engaged,0.7115,0.0085,0.2607,0.0192
1425,engaged,0.0974,0.5451,0.1512,0.2064
1426,engaged,0.9963,0.0001,0.0022,0.0014
1427,engaged,0.0128,0.0777,0.0,0.9095
1428,engaged,0.096,0.5588,0.1581,0.1871
1429,engaged,0.9964,0.0001,0.002,0.0015
1430,engaged,0.0,0.0,0.0,1.0
1431,engaged,0.4757,0.3244,0.1135,0.0865
1432,engaged,0.9964,0.0001,0.002,0.0016
1433,engaged,0.9989,0.0,0.001,0.0
1434,engaged,0.738,0.0084,0.2349,0.0187
1435,engaged,0.0959,0.5608,0.1584,0.185
1436,engaged,0.9966,0.0001,0.0019,0.0015
1437,engaged,0.0055,0.0036,0.0,0.991
1438,engaged,0.8099,0.0273,0.1311,0.0318
1439,engaged,0.0956,0.5628,0.1594,0.1822
1440,engaged,0.9965,0.0001,0.002,0.0015
1441,engaged,0.0038,0.0018,0.0,0.9944
1442,engaged,0.0898,0.3123,0.0723,0.5256
1443,engaged,0.0961,0.5589,0.1574,0.1877
1444,engaged,0.9965,0.0001,0.002,0.0014
1445,engaged,0.0009,0.0001,0.0,0.9989
1446,engaged,0.0859,0.2813,0.0654,0.5675
1447,engaged,0.0961,0.5589,0.1574,0.1877
1448,engaged,0.9965,0.0001,0.002,0.0014
1449,engaged,0.0021,0.0007,0.0,0.9972
1450,engaged,0.0905,0.3186,0.0748,0.5161
1451,engaged,0.0958,0.5618,0.1585,0.1839
1452,engaged,0.9964,0.0001,0.0018,0.0016
1453,engaged,0.2591,0.0284,0.0,0.7125
1454,engaged,0.0879,0.2964,0.0694,0.5464
1455,engaged,0.0968,0.5526,0.154,0.1967
1456,engaged,0.9965,0.0001,0.002,0.0015
1457,engaged,0.0,0.0,0.0,1.0
1458,engaged,0.0972,0.5479,0.1518,0.2032
1459,engaged,0.9965,0.0001,0.002,0.0015
1460,engaged,0.0,0.0,0.0,1.0
1461,engaged,0.095,0.5681,0.1621,0.1748
1462,engaged,0.9967,0.0001,0.0017,0.0015
1463,engaged,0.0042,0.0116,0.0,0.9842
1464,engaged,0.0969,0.551,0.1531,0.1989
1465,engaged,0.9965,0.0001,0.0019,0.0015
1466,engaged,0.0,0.0,0.0,1.0
1467,engaged,0.0969,0.5513,0.1533,0.1985
1468,engaged,0.9966,0.0001,0.0019,0.0014
1469,engaged,0.0017,0.0035,0.0,0.9948
1470,engaged,0.7582,0.0084,0.2151,0.0183
1471,engaged,0.0964,0.5565,0.1556,0.1915
1472,engaged,0.9966,0.0001,0.0019,0.0015
1473,engaged,0.0043,0.0023,0.0,0.9935
1474,engaged,0.8057,0.0288,0.1325,0.033
1475,engaged,0.0952,0.5662,0.1611,0.1774
1476,engaged,0.9964,0.0001,0.0021,0.0015
1477,engaged,0.1129,0.0237,0.7329,0.1304
1478,engaged,0.8032,0.0266,0.1382,0.032
1479,engaged,0.0948,0.5697,0.1628,0.1727
1480,engaged,0.9964,0.0001,0.002,0.0016
1481,engaged,0.1372,0.0309,0.5629,0.269
1482,engaged,0.7995,0.0369,0.1273,0.0364
1483,engaged,0.0951,0.5678,0.1619,0.1753
1484,engaged,0.9965,0.0001,0.0019,0.0015
1485,engaged,0.9987,0.0,0.0013,0.0
1486,engaged,0.0952,0.5664,0.1612,0.1772
1487,engaged,0.9966,0.0001,0.0019,0.0014
1488,engaged,0.9986,0.0,0.0014,0.0
1489,engaged,0.0949,0.5688,0.1624,0.1739
1490,engaged,0.9965,0.0001,0.002,0.0014
1491,engaged,0.9986,0.0,0.0014,0.0
1492,engaged,0.0954,0.5649,0.1604,0.1793
1493,engaged,0.9965,0.0001,0.002,0.0014
1494,engaged,0.9987,0.0,0.0013,0.0
1495,engaged,0.7924,0.0374,0.1339,0.0364
1496,engaged,0.0955,0.5641,0.1601,0.1803
1497,engaged,0.9966,0.0001,0.0018,0.0015
1498,engaged,0.0038,0.0024,0.0,0.9939
1499,engaged,0.8099,0.0335,0.122,0.0346
1500,engaged,0.0948,0.5694,0.1628,0.1729
1501,engaged,0.9965,0.0001,0.0019,0.0015
1502,engaged,0.0,0.0,0.0,1.0
1503,engaged,0.0953,0.5657,0.1609,0.1781
1504,engaged,0.9963,0.0001,0.0021,0.0016
1505,engaged,0.0225,0.0915,0.0,0.886
1506,engaged,0.9964,0.0001,0.002,0.0016
1507,engaged,0.0953,0.5657,0.1609,0.1781
1508,engaged,0.0,0.0,0.0,1.0
1509,engaged,0.9963,0.0001,0.0021,0.0015
1510,engaged,0.0952,0.5666,0.1615,0.1767
1511,engaged,0.9988,0.0,0.0012,0.0
1512,engaged,0.9964,0.0001,0.002,0.0015
1513,engaged,0.0947,0.5705,0.1633,0.1715
1514,engaged,0.005,0.0038,0.0,0.9912
1515,engaged,0.812,0.0282,0.1277,0.0321
1516,engaged,0.0948,0.5695,0.1628,0.1728
1517,engaged,0.9962,0.0001,0.0022,0.0016
1518,engaged,0.0902,0.0178,0.8331,0.0589
1519,engaged,0.7907,0.026,0.1513,0.032
1520,engaged,0.0945,0.5721,0.1641,0.1693
1521,engaged,0.9964,0.0001,0.0019,0.0016
1522,engaged,0.0137,0.0766,0.0,0.9097
1523,engaged,0.0959,0.5599,0.1582,0.1859
1524,engaged,0.9963,0.0001,0.0021,0.0015
1525,engaged,0.0191,0.0916,0.0,0.8893
1526,engaged,0.096,0.5589,0.1578,0.1872
1527,engaged,0.9964,0.0001,0.002,0.0015
1528,engaged,0.0095,0.0687,0.0,0.9218
1529,engaged,0.9965,0.0001,0.0019,0.0015
1530,engaged,0.095,0.5675,0.1624,0.1751
1531,engaged,0.0,0.0,0.0,1.0
1532,engaged,0.9964,0.0001,0.002,0.0015
1533,engaged,0.0955,0.563,0.1602,0.1812
1534,engaged,0.0005,0.0001,0.0,0.9995
1535,engaged,0.9965,0.0001,0.002,0.0015
1536,engaged,0.0944,0.5724,0.165,0.1682
1537,engaged,0.8549,0.0004,0.0,0.1446
1538,engaged,0.9963,0.0001,0.0021,0.0015
1539,engaged,0.0954,0.5643,0.1607,0.1796
1540,engaged,0.0,0.0,0.0,1.0
1541,engaged,0.0932,0.3433,0.0831,0.4804
1542,engaged,0.9962,0.0001,0.0023,0.0014
1543,engaged,0.0951,0.5672,0.1622,0.1756
1544,engaged,0.014,0.058,0.0,0.928
1545,engaged,0.7522,0.0099,0.2179,0.02
1546,engaged,0.9961,0.0001,0.0023,0.0015
1547,engaged,0.0954,0.5649,0.1609,0.1789
1548,engaged,0.0155,0.0584,0.0,0.9261
1549,engaged,0.9962,0.0001,0.0022,0.0015
1550,engaged,0.0945,0.5717,0.1643,0.1694
1551,engaged,0.0394,0.0601,0.0,0.9004
1552,engaged,0.7578,0.0101,0.2119,0.0202
1553,engaged,0.0947,0.5705,0.1637,0.1711
1554,engaged,0.9965,0.0001,0.0019,0.0015
1555,engaged,0.0,0.0,0.0,1.0
1556,engaged,0.0957,0.5621,0.1593,0.1829
1557,engaged,0.9965,0.0001,0.002,0.0014
1558,engaged,0.016,0.056,0.0,0.928
1559,engaged,0.7573,0.0099,0.2128,0.02
1560,engaged,0.9968,0.0001,0.0018,0.0014
1561,engaged,0.0953,0.5655,0.1612,0.1781
1562,engaged,0.0145,0.0725,0.0,0.913
1563,engaged,0.9967,0.0001,0.0019,0.0013
1564,engaged,0.095,0.5678,0.1622,0.175
1565,engaged,0.0136,0.0772,0.0,0.9092
1566,engaged,0.0956,0.563,0.1599,0.1816
1567,engaged,0.997,0.0001,0.0016,0.0013
1568,engaged,0.0,0.0,0.0,1.0
1569,engaged,0.0949,0.5685,0.1627,0.1739
1570,engaged,0.9969,0.0,0.0019,0.0012
1571,engaged,0.0251,0.0546,0.0,0.9203
1572,engaged,0.7411,0.0077,0.2334,0.0178
1573,engaged,0.0949,0.5687,0.163,0.1735
1574,engaged,0.9972,0.0001,0.0014,0.0013
1575,engaged,0.0308,0.0965,0.0,0.8727
1576,engaged,0.7582,0.0093,0.2133,0.0192
1577,engaged,0.9975,0.0001,0.0011,0.0013
1578,engaged,0.0954,0.5646,0.1606,0.1793
1579,engaged,0.0,0.0,0.0,1.0
1580,engaged,0.0908,0.3218,0.0746,0.5128
1581,engaged,0.4704,0.3293,0.1034,0.0968
1582,engaged,0.9976,0.0001,0.0011,0.0012
1583,engaged,0.048,0.0647,0.0,0.8873
1584,engaged,0.7328,0.0058,0.2457,0.0156
1585,raise_hand,0.9528,0.0,0.0,0.0472
1586,raise_hand,0.806,0.0003,0.0006,0.1931
1587,raise_hand,0.796,0.0782,0.0363,0.0895
1588,raise_hand,0.9637,0.0,0.0,0.0363
1589,raise_hand,0.8485,0.0003,0.0011,0.1501
1590,raise_hand,0.7749,0.0841,0.0355,0.1055
1591,raise_hand,0.96,0.0,0.0,0.04
1592,raise_hand,0.7061,0.0004,0.0002,0.2933
1593,raise_hand,0.6468,0.0104,0.0013,0.3416
1594,raise_hand,0.9501,0.0,0.0,0.0499
1595,raise_hand,0.8215,0.0003,0.0007,0.1775
1596,raise_hand,0.6459,0.01,0.0012,0.3428
1597,raise_hand,0.9268,0.0,0.0,0.0732
1598,raise_hand,0.6954,0.0004,0.0002,0.3039
1599,raise_hand,0.6256,0.0097,0.0011,0.3637
1600,raise_hand,0.9293,0.0,0.0,0.0707
1601,raise_hand,0.683,0.0004,0.0002,0.3164
1602,raise_hand,0.7625,0.0887,0.0358,0.113
1603,raise_hand,0.9177,0.0,0.0,0.0823
1604,raise_hand,0.6725,0.0004,0.0001,0.3269
1605,raise_hand,0.7738,0.0759,0.0291,0.1212
1606,raise_hand,0.0,0.0,0.0,1.0
1607,raise_hand,0.5928,0.0004,0.0001,0.4067
1608,raise_hand,0.7684,0.0849,0.0339,0.1128
1609,raise_hand,0.9107,0.0,0.0,0.0893
1610,raise_hand,0.7796,0.0889,0.0436,0.0878
1611,raise_hand,0.3605,0.0004,0.0,0.6391
1612,raise_hand,0.9327,0.0,0.0,0.0673
1613,raise_hand,0.0294,0.0524,0.0,0.9181
1614,raise_hand,0.3951,0.0004,0.0,0.6045
1615,raise_hand,0.9135,0.0,0.0,0.0865
1616,raise_hand,0.0262,0.0432,0.0,0.9306
1617,raise_hand,0.0,0.0,0.0,0.9999
1618,raise_hand,0.8933,0.0,0.0,0.1067
1619,raise_hand,0.0177,0.0252,0.0,0.9571
1620,raise_hand,0.3462,0.0004,0.0,0.6534
1621,raise_hand,0.9122,0.0,0.0,0.0877
1622,raise_hand,0.6251,0.1489,0.0641,0.1618
1623,raise_hand,0.3189,0.0006,0.0,0.6805
1624,raise_hand,0.6823,0.1271,0.0487,0.1418
1625,raise_hand,0.9091,0.0,0.0,0.0909
1626,raise_hand,0.3921,0.0004,0.0,0.6076
1627,raise_hand,0.9335,0.0,0.0,0.0665
1628,raise_hand,0.6089,0.1467,0.0488,0.1957
1629,raise_hand,0.3879,0.0004,0.0,0.6117
1630,raise_hand,0.9001,0.0,0.0,0.0999
1631,raise_hand,0.0313,0.0545,0.0063,0.9079
1632,raise_hand,0.9263,0.0,0.0,0.0737
1633,raise_hand,0.9348,0.0,0.0,0.0652
1634,raise_hand,0.0301,0.0515,0.0059,0.9124
1635,raise_hand,0.0,0.0,0.0,1.0
1636,raise_hand,0.9325,0.0,0.0,0.0675
1637,raise_hand,0.0277,0.0458,0.0048,0.9217
1638,raise_hand,0.9466,0.0,0.0,0.0534
1639,raise_hand,0.8993,0.0001,0.0007,0.1
1640,raise_hand,0.0308,0.0508,0.0081,0.9104
1641,raise_hand,0.9692,0.0,0.0,0.0308
1642,raise_hand,0.031,0.0513,0.0082,0.9094
1643,raise_hand,0.3189,0.0002,0.0,0.6809
1644,raise_hand,0.928,0.0,0.0,0.072
1645,raise_hand,0.0623,0.4519,0.0001,0.4857
1646,raise_hand,0.3923,0.0003,0.0,0.6074
1647,raise_hand,0.9285,0.0,0.0,0.0715
1648,raise_hand,0.0691,0.5848,0.0,0.3461
1649,raise_hand,0.9193,0.0001,0.0017,0.0789
1650,raise_hand,0.931,0.0,0.0,0.069
1651,raise_hand,0.0693,0.5511,0.0,0.3796
1652,raise_hand,0.3952,0.0004,0.0,0.6044
1653,raise_hand,0.9099,0.0,0.0,0.0901
1654,raise_hand,0.0581,0.7877,0.0,0.1541
1655,raise_hand,0.9175,0.0,0.0,0.0825
1656,raise_hand,0.0485,0.8573,0.0,0.0941
1657,raise_hand,0.4124,0.0003,0.0,0.5874
1658,raise_hand,0.9285,0.0,0.0,0.0714
1659,raise_hand,0.0409,0.9003,0.0,0.0587
1660,raise_hand,0.9461,0.0,0.0,0.0538
1661,raise_hand,0.0653,0.8813,0.0003,0.0531
1662,raise_hand,0.0,0.0,0.0,1.0
1663,raise_hand,0.9251,0.0,0.0,0.0749
1664,raise_hand,0.1231,0.7999,0.0006,0.0764
1665,raise_hand,0.3082,0.0002,0.0,0.6916
1666,raise_hand,0.9394,0.0,0.0,0.0606
1667,raise_hand,0.1018,0.8547,0.0002,0.0433
1668,raise_hand,0.3809,0.0003,0.0,0.6188
1669,raise_hand,0.0424,0.9009,0.0001,0.0565
1670,raise_hand,0.893,0.0,0.0,0.107
1671,raise_hand,0.2455,0.0002,0.0,0.7543
1672,raise_hand,0.0483,0.8538,0.0001,0.0978
1673,raise_hand,0.9232,0.0,0.0,0.0768
1674,raise_hand,0.2868,0.0002,0.0,0.713
1675,raise_hand,0.9439,0.0,0.0,0.0561
1676,raise_hand,0.0526,0.7749,0.0,0.1725
1677,raise_hand,0.3453,0.0002,0.0,0.6544
1678,raise_hand,0.9421,0.0,0.0,0.0579
1679,raise_hand,0.7791,0.0787,0.0383,0.1038
1680,raise_hand,0.2868,0.0002,0.0,0.713
1681,raise_hand,0.94,0.0,0.0,0.06
1682,raise_hand,0.7791,0.0787,0.0383,0.1038
1683,raise_hand,0.281,0.0002,0.0,0.7188
1684,raise_hand,0.8895,0.0,0.0,0.1105
1685,raise_hand,0.8093,0.0728,0.0537,0.0643
1686,raise_hand,0.0,0.0,0.0,1.0
1687,raise_hand,0.9262,0.0,0.0,0.0738
1688,raise_hand,0.7955,0.0738,0.0451,0.0856
1689,raise_hand,0.2207,0.0001,0.0,0.7792
1690,raise_hand,0.8937,0.0,0.0,0.1063
1691,raise_hand,0.794,0.0819,0.0598,0.0643
1692,raise_hand,0.299,0.0001,0.0,0.7009
1693,raise_hand,0.9362,0.0,0.0,0.0638
1694,raise_hand,0.7988,0.0755,0.0509,0.0748
1695,raise_hand,0.9139,0.0,0.0,0.0861
1696,raise_hand,0.7856,0.0831,0.0509,0.0804
1697,raise_hand,0.913,0.0,0.0,0.087
1698,raise_hand,0.8104,0.0699,0.0495,0.0701
1699,raise_hand,0.2726,0.0002,0.0,0.7273
1700,raise_hand,0.9436,0.0,0.0,0.0564
1701,raise_hand,0.8168,0.0695,0.0611,0.0526
1702,raise_hand,0.2594,0.0001,0.0,0.7405
1703,raise_hand,0.9159,0.0,0.0,0.0841
1704,raise_hand,0.7878,0.071,0.0372,0.104
1705,raise_hand,0.0,0.0,0.0,1.0
1706,raise_hand,0.9135,0.0,0.0,0.0865
1707,raise_hand,0.7957,0.0733,0.0441,0.0868
1708,raise_hand,0.2293,0.0001,0.0,0.7706
1709,raise_hand,0.8886,0.0,0.0,0.1114
1710,raise_hand,0.7836,0.0621,0.0278,0.1265
1711,raise_hand,0.2684,0.0001,0.0,0.7314
1712,raise_hand,0.9278,0.0,0.0,0.0722
1713,raise_hand,0.8003,0.0693,0.0395,0.0909
1714,raise_hand,0.2411,0.0001,0.0,0.7588
1715,raise_hand,0.9145,0.0,0.0,0.0855
1716,raise_hand,0.803,0.068,0.0406,0.0884
1717,raise_hand,0.2524,0.0001,0.0,0.7475
1718,raise_hand,0.8694,0.0,0.0,0.1306
1719,raise_hand,0.8234,0.0606,0.0441,0.0719
1720,raise_hand,0.0,0.0,0.0,1.0
1721,raise_hand,0.8672,0.0,0.0,0.1328
1722,raise_hand,0.8025,0.0699,0.0436,0.084
1723,raise_hand,0.2958,0.0002,0.0,0.7041
1724,raise_hand,0.8867,0.0,0.0,0.1133
1725,raise_hand,0.812,0.065,0.0421,0.081
1726,raise_hand,0.2557,0.0001,0.0,0.7442
1727,raise_hand,0.8906,0.0,0.0,0.1094
1728,raise_hand,0.8188,0.066,0.0501,0.0651
1729,raise_hand,0.2392,0.0001,0.0,0.7606
1730,raise_hand,0.8763,0.0,0.0,0.1237
1731,raise_hand,0.74,0.0708,0.0227,0.1665
1732,raise_hand,0.2545,0.0001,0.0,0.7454
1733,raise_hand,0.8899,0.0,0.0,0.1101
1734,raise_hand,0.7778,0.0816,0.0459,0.0948
1735,raise_hand,0.229,0.0001,0.0,0.7709
1736,raise_hand,0.9024,0.0,0.0,0.0976
1737,raise_hand,0.7933,0.0782,0.0516,0.0769
1738,raise_hand,0.2759,0.0001,0.0,0.724
1739,raise_hand,0.8749,0.0,0.0,0.1251
1740,raise_hand,0.5062,0.2837,0.1376,0.0724
1741,raise_hand,0.4102,0.0001,0.0,0.5896
1742,raise_hand,0.9016,0.0,0.0,0.0984
1743,raise_hand,0.7885,0.0723,0.0397,0.0995
1744,raise_hand,0.3304,0.0001,0.0,0.6695
1745,raise_hand,0.9075,0.0,0.0,0.0925
1746,raise_hand,0.7847,0.0708,0.0362,0.1083
1747,raise_hand,0.3317,0.0001,0.0,0.6682
1748,raise_hand,0.8772,0.0,0.0,0.1228
1749,raise_hand,0.7767,0.0738,0.037,0.1126
1750,raise_hand,0.3318,0.0001,0.0,0.6681
1751,raise_hand,0.9034,0.0,0.0,0.0966
1752,raise_hand,0.782,0.0763,0.0406,0.1011
1753,raise_hand,0.2219,0.0001,0.0,0.7779
1754,raise_hand,0.9086,0.0,0.0,0.0914
1755,raise_hand,0.7874,0.0694,0.0365,0.1068
1756,raise_hand,0.258,0.0001,0.0,0.7418
1757,raise_hand,0.9257,0.0,0.0,0.0743
1758,raise_hand,0.7793,0.0734,0.037,0.1104
1759,raise_hand,0.2117,0.0001,0.0,0.7882
1760,raise_hand,0.9098,0.0,0.0,0.0902
1761,raise_hand,0.5181,0.2751,0.1357,0.0711
1762,raise_hand,0.3322,0.0001,0.0,0.6677
1763,raise_hand,0.8907,0.0,0.0,0.1092
1764,raise_hand,0.7892,0.072,0.0403,0.0984
1765,raise_hand,0.2616,0.0002,0.0,0.7383
1766,raise_hand,0.8972,0.0,0.0,0.1028
1767,raise_hand,0.7755,0.0727,0.0348,0.117
1768,raise_hand,0.2047,0.0001,0.0,0.7951
1769,raise_hand,0.9043,0.0,0.0,0.0957
1770,raise_hand,0.7586,0.0746,0.031,0.1359
1771,raise_hand,0.0,0.0,0.0,1.0
1772,raise_hand,0.8923,0.0,0.0,0.1077
1773,raise_hand,0.7902,0.0628,0.0309,0.1162
1774,raise_hand,0.2049,0.0001,0.0,0.795
1775,raise_hand,0.877,0.0,0.0,0.123
1776,raise_hand,0.7614,0.0138,0.0031,0.2217
1777,raise_hand,0.2472,0.0002,0.0,0.7526
1778,raise_hand,0.9075,0.0,0.0,0.0925
1779,raise_hand,0.8032,0.0583,0.0308,0.1077
1780,raise_hand,0.2666,0.0002,0.0,0.7332
1781,raise_hand,0.9149,0.0,0.0,0.085
1782,raise_hand,0.7544,0.0143,0.0032,0.228
1783,raise_hand,0.0,0.0,0.0,1.0
1784,raise_hand,0.8936,0.0,0.0,0.1064
1785,raise_hand,0.7873,0.0667,0.0343,0.1118
1786,raise_hand,0.2335,0.0001,0.0,0.7664
1787,raise_hand,0.913,0.0,0.0,0.087
1788,raise_hand,0.5288,0.2677,0.1333,0.0702
1789,raise_hand,0.3876,0.0002,0.0,0.6123
1790,raise_hand,0.9407,0.0,0.0,0.0593
1791,raise_hand,0.5282,0.2696,0.1263,0.0759
1792,raise_hand,0.0,0.0,0.0,1.0
1793,raise_hand,0.9463,0.0,0.0,0.0537
1794,raise_hand,0.7844,0.0681,0.0325,0.115
1795,raise_hand,0.0,0.0,0.0,1.0
1796,raise_hand,0.9091,0.0,0.0,0.0909
1797,raise_hand,0.7026,0.0685,0.0188,0.21
1798,raise_hand,0.0,0.0,0.0,1.0
1799,raise_hand,0.9362,0.0,0.0,0.0638
1800,raise_hand,0.7804,0.0703,0.034,0.1153
1801,raise_hand,0.0,0.0,0.0,1.0
1802,raise_hand,0.9343,0.0,0.0,0.0657
1803,raise_hand,0.7636,0.0739,0.0337,0.1288
1804,raise_hand,0.0119,0.0011,0.0,0.987
1805,raise_hand,0.9031,0.0,0.0,0.0969
1806,raise_hand,0.7775,0.0678,0.0321,0.1227
1807,raise_hand,0.0,0.0,0.0,1.0
1808,raise_hand,0.8883,0.0,0.0,0.1117
1809,raise_hand,0.7614,0.0687,0.0283,0.1415
1810,raise_hand,0.8041,0.043,0.1264,0.0266
1811,raise_hand,0.8997,0.0,0.0,0.1003
1812,raise_hand,0.7829,0.0664,0.0326,0.1181
1813,raise_hand,0.2593,0.0001,0.0,0.7406
1814,raise_hand,0.8971,0.0,0.0,0.1029
1815,raise_hand,0.7892,0.063,0.0317,0.1161
1816,raise_hand,0.2553,0.0001,0.0,0.7446
1817,raise_hand,0.8986,0.0,0.0,0.1014
1818,raise_hand,0.8218,0.0568,0.0369,0.0845
1819,raise_hand,0.0,0.0,0.0,1.0
1820,raise_hand,0.8893,0.0,0.0,0.1107
1821,raise_hand,0.8095,0.0569,0.0321,0.1015
1822,raise_hand,0.2551,0.0002,0.0,0.7448
1823,raise_hand,0.904,0.0,0.0,0.096
1824,raise_hand,0.788,0.066,0.033,0.113
1825,raise_hand,0.7172,0.0,0.0,0.2828
1826,raise_hand,0.7163,0.0,0.0,0.2837
1827,raise_hand,0.0707,0.1972,0.0357,0.6965
1828,raise_hand,0.7211,0.0,0.0,0.2789
1829,raise_hand,0.0719,0.6611,0.2137,0.0533
1830,raise_hand,0.0966,0.3876,0.084,0.4319
1831,raise_hand,0.7102,0.0,0.0,0.2898
1832,raise_hand,0.0719,0.6611,0.2137,0.0533
1833,raise_hand,0.0922,0.3392,0.0697,0.4989
1834,raise_hand,0.675,0.0,0.0,0.325
1835,raise_hand,0.0719,0.6611,0.2137,0.0533
1836,raise_hand,0.0912,0.3303,0.0677,0.5108
1837,raise_hand,0.7315,0.0,0.0,0.2685
1838,raise_hand,0.0719,0.6611,0.2137,0.0533
1839,raise_hand,0.0978,0.4056,0.0875,0.4091
1840,raise_hand,0.5941,0.0,0.0,0.4059
1841,raise_hand,0.7119,0.0,0.0,0.2881
1842,raise_hand,0.097,0.3942,0.0842,0.4246
1843,raise_hand,0.6525,0.0,0.0,0.3475
1844,raise_hand,0.0719,0.6611,0.2137,0.0533
1845,raise_hand,0.0949,0.368,0.0767,0.4604
1846,raise_hand,0.5867,0.0,0.0,0.4133
1847,raise_hand,0.0719,0.6611,0.2137,0.0533
1848,raise_hand,0.0978,0.4064,0.0878,0.408
1849,raise_hand,0.5427,0.0,0.0,0.4573
1850,raise_hand,0.0719,0.6611,0.2137,0.0533
1851,raise_hand,0.0983,0.4148,0.0905,0.3964
1852,raise_hand,0.6707,0.0,0.0,0.3293
1853,raise_hand,0.0719,0.6611,0.2137,0.0533
1854,raise_hand,0.0976,0.4034,0.0873,0.4117
1855,raise_hand,0.6767,0.0,0.0,0.3233
1856,raise_hand,0.0719,0.6611,0.2137,0.0533
1857,raise_hand,0.096,0.3814,0.08,0.4426
1858,raise_hand,0.636,0.0205,0.0024,0.3411
1859,raise_hand,0.5666,0.0,0.0,0.4334
1860,raise_hand,0.0719,0.6611,0.2137,0.0533
1861,raise_hand,0.0961,0.3818,0.0808,0.4413
1862,raise_hand,0.5443,0.0,0.0,0.4557
1863,raise_hand,0.0719,0.6611,0.2137,0.0533
1864,raise_hand,0.099,0.4288,0.0948,0.3774
1865,raise_hand,0.5437,0.0,0.0,0.4563
1866,raise_hand,0.0719,0.6611,0.2137,0.0533
1867,raise_hand,0.0986,0.4207,0.0919,0.3888
1868,raise_hand,0.5671,0.0,0.0,0.4329
1869,raise_hand,0.0719,0.6611,0.2137,0.0533
1870,raise_hand,0.093,0.3476,0.0709,0.4885
1871,raise_hand,0.6972,0.0,0.0,0.3028
1872,raise_hand,0.0719,0.6611,0.2137,0.0533
1873,raise_hand,0.0979,0.4085,0.0885,0.405
1874,raise_hand,0.705,0.0,0.0,0.295
1875,raise_hand,0.0719,0.6611,0.2137,0.0533
1876,raise_hand,0.0982,0.412,0.0895,0.4004
1877,raise_hand,0.5799,0.0,0.0,0.4201
1878,raise_hand,0.0719,0.6611,0.2137,0.0533
1879,raise_hand,0.0974,0.3993,0.0869,0.4165
1880,raise_hand,0.5832,0.0,0.0,0.4168
1881,raise_hand,0.0719,0.6611,0.2137,0.0533
1882,raise_hand,0.0811,0.2792,0.0294,0.6104
1883,raise_hand,0.5624,0.0,0.0,0.4376
1884,raise_hand,0.0719,0.6611,0.2137,0.0533
1885,raise_hand,0.0985,0.418,0.0906,0.393
1886,raise_hand,0.5737,0.0,0.0,0.4263
1887,raise_hand,0.0719,0.6611,0.2137,0.0533
1888,raise_hand,0.1002,0.4655,0.1053,0.3289
1889,raise_hand,0.5902,0.0,0.0,0.4098
1890,raise_hand,0.0719,0.6611,0.2137,0.0533
1891,raise_hand,0.0956,0.3766,0.0784,0.4494
1892,raise_hand,0.6752,0.0238,0.0034,0.2975
1893,raise_hand,0.5938,0.0,0.0,0.4062
1894,raise_hand,0.0719,0.6611,0.2137,0.0533
1895,raise_hand,0.0962,0.3843,0.0808,0.4387
1896,raise_hand,0.5941,0.0,0.0,0.4059
1897,raise_hand,0.0719,0.6611,0.2137,0.0533
1898,raise_hand,0.0991,0.4296,0.0946,0.3768
1899,raise_hand,0.58,0.0,0.0,0.42
1900,raise_hand,0.0719,0.6611,0.2137,0.0533
1901,raise_hand,0.0998,0.4479,0.0999,0.3524
1902,raise_hand,0.6114,0.0,0.0,0.3886
1903,raise_hand,0.0719,0.6611,0.2137,0.0533
1904,raise_hand,0.1001,0.4608,0.1063,0.3329
1905,raise_hand,0.6128,0.0,0.0,0.3872
1906,raise_hand,0.0719,0.6611,0.2137,0.0533
1907,raise_hand,0.1004,0.4849,0.1111,0.3036
1908,raise_hand,0.6655,0.0265,0.0037,0.3043
1909,raise_hand,0.7163,0.0,0.0,0.2837
1910,raise_hand,0.0719,0.6611,0.2137,0.0533
1911,raise_hand,0.0984,0.4156,0.0903,0.3957
1912,raise_hand,0.7305,0.0,0.0,0.2695
1913,raise_hand,0.0719,0.6611,0.2137,0.0533
1914,raise_hand,0.1003,0.4735,0.1081,0.3181
1915,raise_hand,0.6522,0.0232,0.003,0.3216
1916,raise_hand,0.5893,0.0,0.0,0.4107
1917,raise_hand,0.0719,0.6611,0.2137,0.0533
1918,raise_hand,0.1003,0.4854,0.1155,0.2987
1919,raise_hand,0.6443,0.0229,0.0029,0.3299
1920,raise_hand,0.7195,0.0,0.0,0.2805
1921,raise_hand,0.0719,0.6611,0.2137,0.0533
1922,raise_hand,0.1004,0.4901,0.115,0.2946
1923,raise_hand,0.6418,0.0246,0.0031,0.3305
1924,raise_hand,0.6202,0.0,0.0,0.3798
1925,raise_hand,0.0719,0.6611,0.2137,0.0533
1926,raise_hand,0.0999,0.4534,0.1052,0.3415
1927,raise_hand,0.6225,0.0269,0.0031,0.3475
1928,raise_hand,0.5724,0.0,0.0,0.4276
1929,raise_hand,0.0719,0.6611,0.2137,0.0533
1930,raise_hand,0.0883,0.3072,0.0596,0.5449
1931,raise_hand,0.5527,0.0,0.0,0.4473
1932,raise_hand,0.0719,0.6611,0.2137,0.0533
1933,raise_hand,0.0848,0.281,0.0536,0.5806
1934,raise_hand,0.5739,0.0,0.0,0.4261
1935,raise_hand,0.0719,0.6611,0.2137,0.0533
1936,raise_hand,0.0905,0.3245,0.065,0.52
1937,raise_hand,0.5471,0.0,0.0,0.4529
1938,raise_hand,0.0719,0.6611,0.2137,0.0533
1939,raise_hand,0.0897,0.318,0.0631,0.5292
1940,raise_hand,0.5638,0.0,0.0,0.4362
1941,raise_hand,0.0719,0.6611,0.2137,0.0533
1942,raise_hand,0.0897,0.3187,0.0622,0.5294
1943,raise_hand,0.5582,0.0,0.0,0.4418
1944,raise_hand,0.0719,0.6611,0.2137,0.0533
1945,raise_hand,0.0931,0.3497,0.0703,0.4869
1946,raise_hand,0.5696,0.0,0.0,0.4304
1947,raise_hand,0.0719,0.6611,0.2137,0.0533
1948,raise_hand,0.0916,0.335,0.0667,0.5067
1949,raise_hand,0.5888,0.0,0.0,0.4112
1950,raise_hand,0.0719,0.6611,0.2137,0.0533
1951,raise_hand,0.0922,0.3405,0.068,0.4993
1952,raise_hand,0.7148,0.0,0.0,0.2852
1953,raise_hand,0.0719,0.6611,0.2137,0.0533
1954,raise_hand,0.0919,0.3379,0.0675,0.5028
1955,raise_hand,0.5997,0.0,0.0,0.4003
1956,raise_hand,0.0719,0.6611,0.2137,0.0533
1957,raise_hand,0.1002,0.5072,0.119,0.2736
1958,raise_hand,0.7142,0.0,0.0,0.2858
1959,raise_hand,0.0719,0.6611,0.2137,0.0533
1960,raise_hand,0.0946,0.3653,0.0749,0.4652
1961,raise_hand,0.6117,0.0167,0.0017,0.3699
1962,raise_hand,0.7262,0.0,0.0,0.2738
1963,raise_hand,0.0719,0.6611,0.2137,0.0533
1964,raise_hand,0.0935,0.3529,0.0716,0.482
1965,raise_hand,0.5931,0.0211,0.0021,0.3837
1966,raise_hand,0.7076,0.0,0.0,0.2924
1967,raise_hand,0.0719,0.6611,0.2137,0.0533
1968,raise_hand,0.0937,0.3559,0.0722,0.4782
1969,raise_hand,0.7103,0.0,0.0,0.2897
1970,raise_hand,0.0719,0.6611,0.2137,0.0533
1971,raise_hand,0.0931,0.3497,0.0706,0.4865
1972,raise_hand,0.7197,0.0,0.0,0.2803
1973,raise_hand,0.0928,0.3465,0.0695,0.4912
1974,raise_hand,0.0719,0.6611,0.2137,0.0533
1975,raise_hand,0.7483,0.0,0.0,0.2517
1976,raise_hand,0.0719,0.6611,0.2137,0.0533
1977,raise_hand,0.1003,0.4748,0.1084,0.3165
1978,raise_hand,0.6945,0.0,0.0,0.3055
1979,raise_hand,0.0719,0.6611,0.2137,0.0533
1980,raise_hand,0.0999,0.4537,0.1014,0.345
1981,raise_hand,0.7174,0.0,0.0,0.2825
1982,raise_hand,0.0719,0.6611,0.2137,0.0533
1983,raise_hand,0.0992,0.434,0.0948,0.3719
1984,raise_hand,0.5616,0.0,0.0,0.4383
1985,raise_hand,0.1001,0.4628,0.1029,0.3342
1986,raise_hand,0.0719,0.6611,0.2137,0.0533
1987,raise_hand,0.6223,0.0,0.0,0.3777
1988,raise_hand,0.0719,0.6611,0.2137,0.0533
1989,raise_hand,0.1002,0.4659,0.104,0.3298
1990,raise_hand,0.7229,0.0,0.0,0.277
1991,raise_hand,0.1001,0.4617,0.1027,0.3354
1992,raise_hand,0.0719,0.6611,0.2137,0.0533
1993,raise_hand,0.6,0.0248,0.0026,0.3726
1994,raise_hand,0.5582,0.0,0.0,0.4418
1995,raise_hand,0.0719,0.6611,0.2137,0.0533
1996,raise_hand,0.1001,0.4592,0.1017,0.339
1997,raise_hand,0.5873,0.0,0.0,0.4127
1998,raise_hand,0.1003,0.47,0.1054,0.3244
1999,raise_hand,0.0719,0.6611,0.2137,0.0533
2000,raise_hand,0.5849,0.0,0.0,0.4151
2001,raise_hand,0.1004,0.4885,0.1116,0.2995
2002,raise_hand,0.0719,0.6611,0.2137,0.0533
2003,raise_hand,0.5918,0.0,0.0,0.4082
2004,raise_hand,0.1003,0.4778,0.1079,0.3139
2005,raise_hand,0.0719,0.6611,0.2137,0.0533
2006,raise_hand,0.746,0.0,0.0,0.254
2007,raise_hand,0.1003,0.4791,0.1082,0.3124
2008,raise_hand,0.0719,0.6611,0.2137,0.0533
2009,raise_hand,0.6097,0.024,0.0027,0.3636
2010,raise_hand,0.6104,0.0,0.0,0.3896
2011,raise_hand,0.1002,0.4649,0.1036,0.3314
2012,raise_hand,0.0719,0.6611,0.2137,0.0533
2013,raise_hand,0.5908,0.0,0.0,0.4092
2014,raise_hand,0.1002,0.4634,0.1035,0.333
2015,raise_hand,0.0719,0.6611,0.2137,0.0533
2016,raise_hand,0.7355,0.0,0.0,0.2645
2017,raise_hand,0.1002,0.4656,0.104,0.3303
2018,raise_hand,0.0719,0.6611,0.2137,0.0533
2019,raise_hand,0.7355,0.0,0.0,0.2645
2020,raise_hand,0.0994,0.4383,0.0956,0.3666
2021,raise_hand,0.0719,0.6611,0.2137,0.0533
2022,raise_hand,0.6068,0.0236,0.0026,0.367
2023,raise_hand,0.5574,0.0,0.0,0.4426
2024,raise_hand,0.0994,0.4371,0.0947,0.3688
2025,raise_hand,0.0719,0.6611,0.2137,0.0533
2026,raise_hand,0.6197,0.0272,0.0031,0.35
2027,raise_hand,0.54,0.0,0.0,0.46
2028,raise_hand,0.0992,0.4322,0.0938,0.3748
2029,raise_hand,0.0719,0.6611,0.2137,0.0533
2030,raise_hand,0.6081,0.0258,0.0028,0.3633
2031,raise_hand,0.5845,0.0,0.0,0.4155
2032,raise_hand,0.0985,0.418,0.0894,0.3941
2033,raise_hand,0.0719,0.6611,0.2137,0.0533
2034,raise_hand,0.5387,0.0,0.0,0.4613
2035,raise_hand,0.0992,0.4322,0.0936,0.375
2036,raise_hand,0.0719,0.6611,0.2137,0.0533
2037,raise_hand,0.5369,0.0,0.0,0.4631
2038,raise_hand,0.0997,0.4467,0.0978,0.3557
2039,raise_hand,0.0719,0.6611,0.2137,0.0533
2040,raise_hand,0.6379,0.024,0.003,0.3351
2041,raise_hand,0.541,0.0,0.0,0.459
2042,raise_hand,0.0719,0.6611,0.2137,0.0533
2043,raise_hand,0.099,0.4275,0.0932,0.3803
2044,raise_hand,0.6097,0.0,0.0,0.3903
2045,raise_hand,0.0719,0.6611,0.2137,0.0533
2046,raise_hand,0.0986,0.4203,0.091,0.3901
2047,raise_hand,0.5895,0.0,0.0,0.4105
2048,raise_hand,0.0719,0.6611,0.2137,0.0533
2049,raise_hand,0.0985,0.4185,0.0933,0.3897
2050,raise_hand,0.5465,0.0,0.0,0.4535
2051,raise_hand,0.0719,0.6611,0.2137,0.0533
2052,raise_hand,0.0992,0.4326,0.0941,0.3742
2053,raise_hand,0.6286,0.0243,0.0029,0.3443
2054,raise_hand,0.7009,0.0,0.0,0.2991
2055,raise_hand,0.0719,0.6611,0.2137,0.0533
2056,raise_hand,0.0983,0.4158,0.0889,0.3969
2057,raise_hand,0.6355,0.0241,0.003,0.3374
2058,raise_hand,0.5546,0.0,0.0,0.4454
2059,raise_hand,0.0719,0.6611,0.2137,0.0533
2060,raise_hand,0.098,0.4088,0.0903,0.4029
2061,raise_hand,0.5989,0.0,0.0,0.4011
2062,raise_hand,0.0719,0.6611,0.2137,0.0533
2063,raise_hand,0.0864,0.2922,0.0564,0.5651
2064,raise_hand,0.6499,0.026,0.0036,0.3205
2065,raise_hand,0.5741,0.0,0.0,0.4259
2066,raise_hand,0.0719,0.6611,0.2137,0.0533
2067,raise_hand,0.0868,0.2952,0.057,0.561
2068,raise_hand,0.6187,0.0261,0.003,0.3522
2069,raise_hand,0.6043,0.0,0.0,0.3957
2070,raise_hand,0.0719,0.6611,0.2137,0.0533
2071,raise_hand,0.088,0.3043,0.0595,0.5482
2072,raise_hand,0.5466,0.0,0.0,0.4534
2073,bored,0.4392,0.3259,0.1666,0.0683
2074,bored,0.9966,0.0001,0.0015,0.0017
2075,bored,0.4947,0.0472,0.2855,0.1726
2076,bored,0.0894,0.3133,0.0651,0.5322
2077,bored,0.7628,0.0591,0.1386,0.0395
2078,bored,0.0869,0.2942,0.0599,0.559
2079,bored,0.9955,0.0001,0.0023,0.002
2080,bored,0.8328,0.0004,0.0,0.1668
2081,bored,0.0808,0.2531,0.0491,0.6171
2082,bored,0.9951,0.0001,0.0028,0.002
2083,bored,0.1902,0.5588,0.1785,0.0725
2084,bored,0.0852,0.2818,0.0566,0.5764
2085,bored,0.4613,0.3047,0.1668,0.0672
2086,bored,0.9947,0.0002,0.0029,0.0023
2087,bored,0.0,0.0,0.0,1.0
2088,bored,0.0977,0.5417,0.1487,0.2119
2089,bored,0.4565,0.3036,0.1729,0.067
2090,bored,0.0,0.0,0.0,1.0
2091,bored,0.0889,0.3095,0.0642,0.5374
2092,bored,0.9939,0.0003,0.0032,0.0027
2093,bored,0.767,0.0457,0.151,0.0363
2094,bored,0.486,0.1336,0.3294,0.051
2095,bored,0.9936,0.0005,0.0024,0.0035
2096,bored,0.791,0.0273,0.1496,0.032
2097,bored,0.7864,0.0455,0.1329,0.0353
2098,bored,0.7518,0.0003,0.0,0.2479
2099,bored,0.7932,0.0173,0.1635,0.026
2100,bored,0.9928,0.0005,0.0029,0.0038
2101,bored,0.7748,0.042,0.1485,0.0347
2102,bored,0.7464,0.0003,0.0,0.2533
2103,bored,0.795,0.0129,0.1694,0.0227
2104,bored,0.9933,0.0005,0.0027,0.0035
2105,bored,0.7591,0.0391,0.1672,0.0345
2106,bored,0.0,0.0,0.0,1.0
2107,bored,0.992,0.0008,0.0028,0.0044
2108,bored,0.082,0.26,0.0516,0.6064
2109,bored,0.4653,0.292,0.1767,0.0661
2110,bored,0.6806,0.0124,0.0008,0.3062
2111,bored,0.9847,0.0019,0.0059,0.0075
2112,bored,0.0795,0.2445,0.0478,0.6282
2113,bored,0.4645,0.2916,0.1779,0.066
2114,bored,0.49,0.175,0.2859,0.0491
2115,bored,0.9808,0.0026,0.0078,0.0089
2116,bored,0.8056,0.0309,0.1306,0.0329
2117,bored,0.4509,0.3051,0.1773,0.0667
2118,bored,0.1423,0.0073,0.0016,0.8488
2119,bored,0.982,0.0025,0.0071,0.0084
2120,bored,0.7315,0.0923,0.1195,0.0567
2121,bored,0.7877,0.0387,0.1405,0.0331
2122,bored,0.0,0.0,0.0,1.0
2123,bored,0.9437,0.0102,0.0265,0.0197
2124,bored,0.7116,0.024,0.23,0.0343
2125,bored,0.7744,0.041,0.1498,0.0348
2126,bored,0.0979,0.5832,0.1686,0.1503
2127,bored,0.8975,0.0208,0.0525,0.0291
2128,bored,0.7481,0.031,0.1829,0.0381
2129,bored,0.7674,0.0447,0.1519,0.036
2130,bored,0.9383,0.0011,0.0563,0.0042
2131,bored,0.9424,0.0104,0.0273,0.0198
2132,bored,0.7264,0.038,0.1938,0.0419
2133,bored,0.7683,0.0422,0.1547,0.0349
2134,bored,0.0328,0.025,0.9364,0.0058
2135,bored,0.12,0.4099,0.1183,0.3519
2136,bored,0.7543,0.0418,0.1607,0.0432
2137,bored,0.7748,0.043,0.1471,0.0351
2138,bored,0.7611,0.0006,0.2352,0.0032
2139,bored,0.9615,0.0047,0.0208,0.013
2140,bored,0.7176,0.0164,0.2374,0.0286
2141,bored,0.7692,0.0436,0.1521,0.0351
2142,bored,0.764,0.0,0.2359,0.0001
2143,bored,0.7158,0.0129,0.2456,0.0257
2144,bored,0.924,0.0126,0.0405,0.0229
2145,bored,0.7665,0.0449,0.1526,0.0359
2146,bored,0.141,0.4464,0.0197,0.3929
2147,bored,0.9299,0.0116,0.0369,0.0217
2148,bored,0.7114,0.0157,0.2451,0.0277
2149,bored,0.7769,0.0421,0.1458,0.0352
2150,bored,0.8167,0.0635,0.0882,0.0316
2151,bored,0.9264,0.0099,0.0429,0.0209
2152,bored,0.8143,0.0143,0.1482,0.0232
2153,bored,0.7818,0.0409,0.1437,0.0337
2154,bored,0.0214,0.0034,0.0005,0.9747
2155,bored,0.9797,0.0014,0.012,0.0069
2156,bored,0.7023,0.0243,0.2382,0.0353
2157,bored,0.7688,0.0408,0.1554,0.035
2158,bored,0.8051,0.0648,0.0981,0.032
2159,bored,0.9688,0.0026,0.0187,0.0099
2160,bored,0.862,0.0238,0.0803,0.0339
2161,bored,0.7663,0.0422,0.1562,0.0354
2162,bored,0.0183,0.0045,0.0005,0.9767
2163,bored,0.963,0.0036,0.0214,0.012
2164,bored,0.6817,0.0155,0.2743,0.0285
2165,bored,0.7717,0.0429,0.15,0.0354
2166,bored,0.0,0.0,0.0,1.0
2167,bored,0.9826,0.0013,0.0096,0.0065
2168,bored,0.7028,0.0141,0.2559,0.0272
2169,bored,0.7788,0.0417,0.1448,0.0347
2170,bored,0.015,0.1288,0.0,0.8562
2171,bored,0.9789,0.0016,0.012,0.0075
2172,bored,0.0883,0.3046,0.063,0.544
2173,bored,0.7893,0.0406,0.1358,0.0343
2174,bored,0.9914,0.0004,0.0046,0.0035
2175,bored,0.0,0.0,0.0,1.0
2176,bored,0.72,0.017,0.2332,0.0298
2177,bored,0.7805,0.0418,0.1424,0.0353
2178,bored,0.0232,0.2332,0.0,0.7437
2179,bored,0.9917,0.0005,0.0043,0.0035
2180,bored,0.8038,0.0528,0.1024,0.041
2181,bored,0.7724,0.0513,0.1386,0.0377
2182,bored,0.9917,0.0005,0.0042,0.0035
2183,bored,0.0108,0.1272,0.0,0.8621
2184,bored,0.7571,0.1064,0.0796,0.0569
2185,bored,0.7772,0.0462,0.1401,0.0364
2186,bored,0.1004,0.4883,0.1108,0.3005
2187,bored,0.9926,0.0004,0.0037,0.0033
2188,bored,0.6975,0.0152,0.2588,0.0285
2189,bored,0.787,0.043,0.1344,0.0355
2190,bored,0.9929,0.0004,0.0034,0.0033
2191,bored,0.1001,0.4581,0.1007,0.3412
2192,bored,0.7196,0.0279,0.2157,0.0369
2193,bored,0.7753,0.0404,0.1488,0.0355
2194,bored,0.9928,0.0004,0.0036,0.0032
2195,bored,0.0241,0.4501,0.0,0.5258
2196,bored,0.782,0.0363,0.1417,0.04
2197,bored,0.7748,0.0442,0.1452,0.0358
2198,bored,0.9328,0.0037,0.0503,0.0131
2199,bored,0.9923,0.0004,0.0039,0.0034
2200,bored,0.6788,0.0116,0.2853,0.0244
2201,bored,0.7797,0.0409,0.1443,0.0351
2202,bored,0.9926,0.0004,0.0038,0.0032
2203,bored,0.0,0.0,0.0,1.0
2204,bored,0.8016,0.1054,0.0411,0.0518
2205,bored,0.789,0.0415,0.1347,0.0348
2206,bored,0.9318,0.0038,0.0545,0.01
2207,bored,0.9923,0.0003,0.0043,0.0031
2208,bored,0.8244,0.0397,0.1005,0.0354
2209,bored,0.7771,0.0386,0.1499,0.0344
2210,bored,0.9929,0.0004,0.0036,0.0032
2211,bored,0.0,0.0,0.0,1.0
2212,bored,0.0919,0.3357,0.071,0.5013
2213,bored,0.7885,0.0412,0.1352,0.0351
2214,bored,0.9395,0.0012,0.055,0.0043
2215,bored,0.992,0.0005,0.0038,0.0037
2216,bored,0.0906,0.3244,0.0672,0.5177
2217,bored,0.777,0.0458,0.1405,0.0366
2218,bored,0.9924,0.0005,0.0038,0.0034
2219,bored,0.0298,0.3977,0.0,0.5726
2220,bored,0.8029,0.0776,0.0695,0.05
2221,bored,0.786,0.0319,0.1507,0.0314
2222,bored,0.9924,0.0004,0.0039,0.0033
2223,bored,0.1429,0.3351,0.0534,0.4686
2224,bored,0.7416,0.039,0.1766,0.0427
2225,bored,0.7899,0.0405,0.1354,0.0342
2226,bored,0.9933,0.0002,0.0039,0.0025
2227,bored,0.0003,0.0006,0.0,0.9991
2228,bored,0.716,0.0241,0.2247,0.0352
2229,bored,0.7878,0.0485,0.1273,0.0364
2230,bored,0.9924,0.0004,0.0041,0.0032
2231,bored,0.9359,0.0011,0.059,0.0041
2232,bored,0.0854,0.2832,0.057,0.5743
2233,bored,0.7795,0.0476,0.1359,0.0371
2234,bored,0.9925,0.0004,0.0039,0.0032
2235,bored,0.9311,0.0011,0.0637,0.0041
2236,bored,0.6655,0.0113,0.2988,0.0244
2237,bored,0.7795,0.0476,0.1359,0.0371
2238,bored,0.9926,0.0004,0.0039,0.0032
2239,bored,0.9307,0.0011,0.0641,0.0041
2240,bored,0.6732,0.015,0.2839,0.0279
2241,bored,0.7811,0.0416,0.1426,0.0348
2242,bored,0.0244,0.4312,0.0,0.5444
2243,bored,0.9936,0.0002,0.0037,0.0025
2244,bored,0.7554,0.0573,0.1389,0.0484
2245,bored,0.7803,0.036,0.1505,0.0332
2246,bored,0.0074,0.0032,0.0001,0.9894
2247,bored,0.9925,0.0004,0.0038,0.0032
2248,bored,0.682,0.0346,0.242,0.0415
2249,bored,0.79,0.0425,0.1333,0.0343
2250,bored,0.9925,0.0005,0.0036,0.0034
2251,bored,0.0,0.0,0.0,1.0
2252,bored,0.7571,0.0744,0.1162,0.0523
2253,bored,0.7948,0.0385,0.1336,0.0331
2254,bored,0.1,0.5216,0.1204,0.2581
2255,bored,0.9934,0.0003,0.0037,0.0027
2256,bored,0.6839,0.0325,0.2432,0.0403
2257,bored,0.7834,0.0419,0.1402,0.0346
2258,bored,0.0786,0.0063,0.0015,0.9137
2259,bored,0.9925,0.0004,0.0039,0.0032
2260,bored,0.7006,0.0271,0.2349,0.0373
2261,bored,0.7753,0.0358,0.1559,0.0329
2262,bored,0.097,0.5742,0.1374,0.1914
2263,bored,0.9926,0.0004,0.0037,0.0033
2264,bored,0.6969,0.0185,0.2536,0.031
2265,bored,0.7762,0.0353,0.1553,0.0332
2266,bored,0.0994,0.4367,0.0964,0.3676
2267,bored,0.9935,0.0003,0.0036,0.0026
2268,bored,0.7322,0.0631,0.154,0.0506
2269,bored,0.7806,0.0461,0.1372,0.0361
2270,bored,0.9922,0.0004,0.004,0.0034
2271,bored,0.02,0.1643,0.0,0.8158
2272,bored,0.397,0.2354,0.2933,0.0744
2273,bored,0.7912,0.0422,0.132,0.0346
2274,bored,0.9926,0.0004,0.0038,0.0032
2275,bored,0.0,0.0,0.0,1.0
2276,bored,0.6897,0.0304,0.2408,0.0391
2277,bored,0.7862,0.0411,0.1375,0.0352
2278,bored,0.9933,0.0003,0.0038,0.0026
2279,bored,0.0271,0.0035,0.0006,0.9688
2280,bored,0.7009,0.0252,0.2376,0.0362
2281,bored,0.7844,0.0497,0.1286,0.0374
2282,bored,0.9424,0.0008,0.0532,0.0036
2283,bored,0.9918,0.0004,0.0045,0.0033
2284,bored,0.8159,0.0457,0.1,0.0384
2285,bored,0.7772,0.0492,0.1367,0.0369
2286,bored,0.0,0.0,0.0,1.0
2287,bored,0.9921,0.0004,0.0042,0.0033
2288,bored,0.7284,0.0304,0.2023,0.0389
2289,bored,0.7818,0.0431,0.1397,0.0353
2290,bored,0.9927,0.0004,0.0038,0.0031
2291,bored,0.1004,0.4846,0.1107,0.3043
2292,bored,0.6948,0.0462,0.2129,0.046
2293,bored,0.7788,0.0426,0.1431,0.0355
2294,bored,0.9931,0.0002,0.0042,0.0025
2295,bored,0.0231,0.2521,0.0,0.7248
2296,bored,0.8056,0.0813,0.0629,0.0502
2297,bored,0.7844,0.0421,0.1386,0.0349
2298,bored,0.9931,0.0003,0.0035,0.0031
2299,bored,0.9368,0.001,0.0581,0.0041
2300,bored,0.8117,0.0492,0.0992,0.04
2301,bored,0.7872,0.0437,0.1341,0.035
2302,bored,0.9931,0.0003,0.0035,0.003
2303,bored,0.0,0.0,0.0,1.0
2304,bored,0.7054,0.0394,0.2118,0.0434
2305,bored,0.7785,0.0386,0.1487,0.0341
2306,bored,0.9933,0.0002,0.0041,0.0024
2307,bored,0.0,0.0,0.0,1.0
2308,bored,0.6982,0.019,0.2511,0.0317
2309,bored,0.7817,0.0437,0.1388,0.0357
2310,bored,0.993,0.0004,0.0036,0.0031
2311,bored,0.0221,0.2158,0.0,0.7621
2312,bored,0.7604,0.0457,0.1492,0.0448
2313,bored,0.783,0.0421,0.1396,0.0353
2314,bored,0.9936,0.0003,0.0035,0.0026
2315,bored,0.9433,0.0011,0.0516,0.0041
2316,bored,0.6997,0.0164,0.2546,0.0293
2317,bored,0.7855,0.0405,0.1392,0.0348
2318,bored,0.9936,0.0002,0.0038,0.0024
2319,bored,0.9341,0.001,0.0608,0.0041
2320,bored,0.7941,0.0462,0.1205,0.0393
2321,bored,0.795,0.0421,0.1288,0.0341
2322,bored,0.9926,0.0003,0.0042,0.0029
2323,bored,0.9406,0.001,0.0545,0.004
2324,bored,0.8102,0.0425,0.1102,0.0372
2325,bored,0.7792,0.0481,0.1364,0.0363
2326,bored,0.9938,0.0002,0.0036,0.0024
2327,bored,0.0,0.0,0.0,1.0
2328,bored,0.7395,0.0436,0.1723,0.0445
2329,bored,0.8591,0.0,0.1397,0.0011
2330,bored,0.447,0.3512,0.1171,0.0847
2331,bored,0.0003,0.0,0.0,0.9997
2332,bored,0.0857,0.2807,0.0646,0.569
2333,bored,0.476,0.2708,0.1828,0.0704
2334,bored,0.9938,0.0,0.0059,0.0003
2335,bored,0.0143,0.0205,0.0,0.9652
2336,bored,0.0988,0.5233,0.1418,0.2361
2337,bored,0.7267,0.1901,0.0478,0.0353
2338,bored,0.4965,0.2326,0.2047,0.0662
2339,bored,0.962,0.0093,0.0165,0.0122
2340,bored,0.0993,0.5124,0.1381,0.2502
2341,bored,0.9933,0.0,0.0064,0.0003
2342,bored,0.4786,0.238,0.2158,0.0675
2343,bored,0.8894,0.0124,0.0834,0.0148
2344,bored,0.1007,0.4097,0.116,0.3737
2345,bored,0.4844,0.2414,0.2069,0.0673
2346,bored,0.9941,0.0,0.0056,0.0002
2347,bored,0.8943,0.0124,0.0785,0.0148
2348,bored,0.0875,0.2935,0.0683,0.5507
2349,bored,0.994,0.0,0.0057,0.0002
2350,bored,0.4739,0.2588,0.1989,0.0684
2351,bored,0.963,0.0087,0.0129,0.0154
2352,bored,0.0822,0.2581,0.0557,0.6041
2353,bored,0.5,0.2296,0.204,0.0663
2354,bored,0.9937,0.0,0.0061,0.0002
2355,bored,0.8912,0.0143,0.0785,0.0159
2356,bored,0.0891,0.306,0.073,0.5318
2357,bored,0.4848,0.2239,0.2251,0.0662
2358,bored,0.9936,0.0,0.0062,0.0002
2359,bored,0.0112,0.015,0.0,0.9738
2360,bored,0.105,0.4232,0.1288,0.343
2361,bored,0.4652,0.2769,0.1868,0.0711
2362,bored,0.994,0.0,0.0057,0.0003
2363,bored,0.0136,0.019,0.0,0.9675
2364,bored,0.0866,0.2866,0.0666,0.5602
2365,bored,0.4895,0.2274,0.2166,0.0664
2366,bored,0.9938,0.0,0.006,0.0002
2367,bored,0.8894,0.0139,0.0809,0.0157
2368,bored,0.0929,0.3548,0.061,0.4914
2369,bored,0.4853,0.2334,0.2143,0.067
2370,bored,0.9938,0.0,0.006,0.0002
2371,bored,0.8906,0.0135,0.0805,0.0154
2372,bored,0.0941,0.3645,0.067,0.4745
2373,bored,0.4814,0.2646,0.1836,0.0704
2374,bored,0.9943,0.0,0.0054,0.0002
2375,bored,0.9624,0.0089,0.0168,0.0119
2376,bored,0.0978,0.5399,0.1484,0.2139
2377,bored,0.994,0.0,0.0058,0.0002
2378,bored,0.4828,0.2542,0.1955,0.0675
2379,bored,0.0177,0.0342,0.0,0.9481
2380,bored,0.0895,0.3104,0.0706,0.5295
2381,bored,0.9943,0.0,0.0055,0.0002
2382,bored,0.4788,0.2538,0.1997,0.0677
2383,bored,0.0001,0.0,0.0,0.9999
2384,bored,0.095,0.3628,0.0897,0.4525
2385,bored,0.9943,0.0,0.0055,0.0002
2386,bored,0.4719,0.2604,0.1996,0.068
2387,bored,0.8975,0.0139,0.073,0.0156
2388,bored,0.0928,0.3391,0.0824,0.4857
2389,bored,0.9945,0.0,0.0053,0.0002
2390,bored,0.4716,0.267,0.193,0.0684
2391,bored,0.9596,0.0098,0.018,0.0126
2392,bored,0.0939,0.3557,0.0758,0.4745
2393,bored,0.9947,0.0,0.0051,0.0002
2394,bored,0.4721,0.2697,0.1896,0.0686
2395,bored,0.678,0.1771,0.0011,0.1437
2396,bored,0.0995,0.5081,0.1358,0.2567
2397,bored,0.9946,0.0,0.0051,0.0002
2398,bored,0.4887,0.2407,0.2039,0.0666
2399,bored,0.8946,0.0121,0.0788,0.0146
2400,bored,0.0892,0.3074,0.0724,0.531
2401,bored,0.9943,0.0,0.0055,0.0002
2402,bored,0.4757,0.2582,0.198,0.0682
2403,bored,0.0002,0.0,0.0,0.9998
2404,bored,0.0992,0.5138,0.1384,0.2486
2405,bored,0.9947,0.0,0.0051,0.0002
2406,bored,0.4685,0.2597,0.2033,0.0684
2407,bored,0.8985,0.0121,0.0749,0.0145
2408,bored,0.0875,0.2933,0.0688,0.5504
2409,bored,0.9942,0.0,0.0056,0.0002
2410,bored,0.4647,0.2492,0.2171,0.069
2411,bored,0.0219,0.0457,0.0,0.9324
2412,bored,0.081,0.2493,0.0561,0.6136
2413,bored,0.9944,0.0,0.0054,0.0002
2414,bored,0.4645,0.2544,0.2119,0.0693
2415,bored,0.9246,0.0159,0.0429,0.0165
2416,bored,0.0887,0.3163,0.0534,0.5416
2417,bored,0.994,0.0,0.0057,0.0003
2418,bored,0.4581,0.2556,0.2173,0.069
2419,bored,0.014,0.0207,0.0,0.9653
2420,bored,0.0877,0.2968,0.0656,0.5499
2421,bored,0.9937,0.0,0.0061,0.0002
2422,bored,0.4626,0.2734,0.1951,0.0689
2423,bored,0.7369,0.1551,0.0019,0.1061
2424,bored,0.0991,0.5178,0.1395,0.2436
2425,bored,0.9942,0.0,0.0055,0.0002
2426,bored,0.4602,0.2606,0.2101,0.0691
2427,bored,0.0765,0.5352,0.3284,0.0599
2428,bored,0.0896,0.3371,0.0442,0.5291
2429,bored,0.9943,0.0,0.0055,0.0002
2430,bored,0.4651,0.2758,0.1897,0.0695
2431,bored,0.9224,0.0153,0.046,0.0162
2432,bored,0.0886,0.3104,0.0593,0.5417
2433,bored,0.4733,0.2806,0.1753,0.0709
2434,bored,0.9943,0.0,0.0055,0.0002
2435,bored,0.9199,0.0147,0.0494,0.016
2436,bored,0.0899,0.3191,0.0635,0.5276
2437,bored,0.9937,0.0,0.0061,0.0002
2438,bored,0.4848,0.2864,0.1583,0.0705
2439,bored,0.0005,0.0,0.0,0.9995
2440,bored,0.0906,0.3183,0.0764,0.5147
2441,bored,0.9947,0.0,0.0051,0.0002
2442,bored,0.4771,0.2788,0.1744,0.0697
2443,bored,0.0243,0.052,0.0,0.9237
2444,bored,0.0697,0.8983,0.003,0.0289
2445,bored,0.9945,0.0,0.0053,0.0002
2446,bored,0.4697,0.2875,0.1731,0.0696
2447,bored,0.9676,0.0062,0.0164,0.0099
2448,bored,0.0797,0.2413,0.0543,0.6248
2449,bored,0.9942,0.0,0.0056,0.0002
2450,bored,0.4636,0.2998,0.1662,0.0703
2451,bored,0.8538,0.0006,0.1432,0.0025
2452,bored,0.0706,0.1925,0.0407,0.6962
2453,bored,0.994,0.0,0.0057,0.0003
2454,bored,0.4824,0.264,0.1849,0.0687
2455,bored,0.9451,0.0006,0.0509,0.0034
2456,bored,0.0818,0.2641,0.0453,0.6087
2457,bored,0.9941,0.0,0.0057,0.0002
2458,bored,0.4942,0.2351,0.2039,0.0668
2459,bored,0.9065,0.0072,0.0751,0.0112
2460,bored,0.0887,0.3144,0.0559,0.541
2461,bored,0.9945,0.0,0.0053,0.0002
2462,bored,0.4942,0.2351,0.2039,0.0668
2463,bored,0.9063,0.0072,0.0754,0.0111
2464,bored,0.0853,0.2863,0.052,0.5764
2465,bored,0.9939,0.0,0.0059,0.0002
2466,bored,0.9246,0.0169,0.0415,0.017
2467,bored,0.4919,0.3,0.1382,0.07
2468,bored,0.092,0.3304,0.0807,0.497
2469,bored,0.9929,0.0,0.0069,0.0002
2470,bored,0.4742,0.2816,0.1723,0.0718
2471,bored,0.9205,0.0168,0.0457,0.017
2472,bored,0.0883,0.3066,0.0596,0.5455
2473,bored,0.9931,0.0,0.0067,0.0002
2474,bored,0.4593,0.332,0.1359,0.0728
2475,bored,0.9595,0.0012,0.0342,0.005
2476,bored,0.0999,0.4909,0.1296,0.2796
2477,bored,0.9935,0.0,0.0062,0.0002
2478,bored,0.4818,0.2551,0.1944,0.0687
2479,bored,0.9513,0.0075,0.0063,0.0349
2480,bored,0.0928,0.339,0.0826,0.4855
2481,bored,0.9943,0.0,0.0055,0.0002
2482,bored,0.475,0.2333,0.2239,0.0678
2483,bored,0.9276,0.0152,0.0411,0.0161
2484,bored,0.0935,0.3531,0.0714,0.4821
2485,bored,0.9937,0.0,0.006,0.0002
2486,bored,0.4903,0.2463,0.1935,0.0698
2487,bored,0.9241,0.0184,0.0397,0.0178
2488,bored,0.1,0.4544,0.0999,0.3457
2489,bored,0.9936,0.0,0.0061,0.0002
2490,bored,0.4931,0.2157,0.2249,0.0663
2491,bored,0.9233,0.018,0.0413,0.0175
2492,bored,0.0828,0.2647,0.0537,0.5987
2493,bored,0.9944,0.0,0.0054,0.0002
2494,bored,0.4741,0.2438,0.2136,0.0685
2495,bored,0.9275,0.0163,0.0396,0.0166
2496,bored,0.087,0.2896,0.0683,0.5551
2497,bored,0.9937,0.0,0.0061,0.0002
2498,bored,0.4842,0.2276,0.2209,0.0673
2499,bored,0.4824,0.2648,0.0003,0.2525
2500,bored,0.0895,0.309,0.0736,0.5279
2501,bored,0.9942,0.0,0.0056,0.0002
2502,bored,0.8668,0.0008,0.1297,0.0027
2503,bored,0.7607,0.0291,0.1769,0.0333
2504,bored,0.0855,0.2785,0.0647,0.5712
2505,bored,0.9942,0.0,0.0056,0.0002
2506,bored,0.8673,0.0008,0.1292,0.0028
2507,bored,0.7606,0.0298,0.176,0.0335
2508,bored,0.0866,0.2864,0.0668,0.5603
2509,bored,0.9947,0.0,0.0051,0.0002
2510,bored,0.4713,0.2528,0.2068,0.0691
2511,bored,0.407,0.2671,0.0002,0.3257
2512,bored,0.0765,0.2228,0.0489,0.6518
2513,bored,0.9944,0.0,0.0054,0.0002
2514,bored,0.8942,0.0005,0.103,0.0023
2515,bored,0.479,0.2393,0.2138,0.0679
2516,bored,0.082,0.2549,0.0584,0.6047
2517,bored,0.9942,0.0,0.0056,0.0002
2518,bored,0.9256,0.0062,0.0579,0.0102
2519,bored,0.7502,0.0306,0.185,0.0342
2520,bored,0.0902,0.3307,0.054,0.5252
2521,bored,0.994,0.0,0.0057,0.0002
2522,bored,0.9283,0.0062,0.0554,0.0101
2523,bored,0.4873,0.2311,0.2146,0.0671
2524,bored,0.0947,0.3601,0.0868,0.4584
2525,bored,0.9951,0.0,0.0046,0.0002
2526,bored,0.9721,0.0057,0.0129,0.0093
2527,bored,0.4862,0.2538,0.1918,0.0682
2528,bored,0.0834,0.5115,0.0045,0.4007
2529,bored,0.9948,0.0,0.005,0.0002
2530,bored,0.044,0.1568,0.0,0.7992
2531,bored,0.483,0.2308,0.2191,0.0671
2532,bored,0.0868,0.6647,0.0082,0.2403
2533,bored,0.9949,0.0,0.0049,0.0002
2534,bored,0.9148,0.0004,0.0827,0.0021
2535,bored,0.765,0.0309,0.1702,0.0339
2536,bored,0.0844,0.2725,0.0605,0.5826
2537,bored,0.9951,0.0,0.0047,0.0002
2538,bored,0.0007,0.0001,0.0,0.9992
2539,bored,0.4713,0.2561,0.2037,0.0689
2540,bored,0.0876,0.2942,0.0683,0.5499
2541,bored,0.9937,0.0,0.0061,0.0002
2542,bored,0.4791,0.2398,0.2135,0.0677
2543,bored,0.9363,0.0159,0.0317,0.0161
2544,bored,0.0921,0.3319,0.0806,0.4954
2545,bored,0.9943,0.0,0.0055,0.0002
2546,bored,0.4839,0.2493,0.1989,0.0678
2547,bored,0.9316,0.0139,0.0393,0.0152
2548,bored,0.0972,0.3923,0.0995,0.4109
2549,bored,0.994,0.0,0.0058,0.0002
2550,bored,0.4832,0.2329,0.2167,0.0673
2551,bored,0.9372,0.0148,0.0324,0.0156
2552,bored,0.0879,0.311,0.0511,0.5499
2553,bored,0.9941,0.0,0.0056,0.0002
2554,bored,0.4837,0.2265,0.2228,0.067
2555,bored,0.9363,0.0148,0.0333,0.0156
2556,bored,0.0703,0.8089,0.0027,0.1181
2557,bored,0.994,0.0,0.0058,0.0002
2558,bored,0.5011,0.2112,0.2223,0.0654
2559,bored,0.9339,0.0157,0.0343,0.0161
2560,bored,0.093,0.3409,0.0832,0.4829
2561,bored,0.9941,0.0,0.0057,0.0002
2562,bored,0.0663,0.1748,0.0,0.759
2563,bored,0.5047,0.2021,0.2287,0.0645
2564,bored,0.0838,0.2758,0.0501,0.5903
2565,bored,0.9941,0.0,0.0056,0.0002
2566,bored,0.9356,0.0169,0.0307,0.0168
2567,bored,0.7675,0.0271,0.1735,0.0319
2568,bored,0.9941,0.0,0.0057,0.0002
2569,bored,0.4789,0.2482,0.2047,0.0682
2570,bored,0.9287,0.0169,0.0375,0.0169
2571,bored,0.0852,0.2765,0.0639,0.5744
2572,bored,0.9944,0.0,0.0053,0.0002
2573,bored,0.4723,0.2316,0.2274,0.0686
2574,bored,0.8942,0.0003,0.0001,0.1055
2575,bored,0.0926,0.3387,0.0772,0.4915
2576,on_the_phone,0.6786,0.0335,0.2499,0.0381
2577,on_the_phone,0.997,0.0,0.0027,0.0003
2578,on_the_phone,0.8979,0.0002,0.0998,0.0021
2579,on_the_phone,0.2853,0.5878,0.0552,0.0718
2580,on_the_phone,0.6765,0.0358,0.2488,0.039
2581,on_the_phone,0.9936,0.0,0.0062,0.0002
2582,on_the_phone,0.9941,0.0,0.0053,0.0006
2583,on_the_phone,0.0756,0.2219,0.0428,0.6597
2584,on_the_phone,0.6739,0.0299,0.2599,0.0363
2585,on_the_phone,0.9926,0.0,0.0072,0.0002
2586,on_the_phone,0.9949,0.0,0.0045,0.0007
2587,on_the_phone,0.0741,0.2136,0.0412,0.6711
2588,on_the_phone,0.6897,0.0353,0.2359,0.0392
2589,on_the_phone,0.9925,0.0,0.0073,0.0002
2590,on_the_phone,0.9374,0.0002,0.0605,0.002
2591,on_the_phone,0.1406,0.7846,0.023,0.0518
2592,on_the_phone,0.6802,0.033,0.2491,0.0378
2593,on_the_phone,0.9951,0.0,0.0047,0.0003
2594,on_the_phone,0.9954,0.0,0.004,0.0006
2595,on_the_phone,0.2414,0.6489,0.0429,0.0668
2596,on_the_phone,0.6844,0.0314,0.247,0.0372
2597,on_the_phone,0.9945,0.0,0.0053,0.0002
2598,on_the_phone,0.9954,0.0,0.004,0.0006
2599,on_the_phone,0.2496,0.6321,0.0496,0.0687
2600,on_the_phone,0.6652,0.0347,0.2618,0.0383
2601,on_the_phone,0.9971,0.0,0.0027,0.0003
2602,on_the_phone,0.9954,0.0,0.0039,0.0006
2603,on_the_phone,0.3729,0.4587,0.0897,0.0787
2604,on_the_phone,0.6721,0.033,0.2572,0.0376
2605,on_the_phone,0.9979,0.0,0.0018,0.0003
2606,on_the_phone,0.9949,0.0,0.0044,0.0006
2607,on_the_phone,0.0719,0.6611,0.2137,0.0533
2608,on_the_phone,0.6803,0.0326,0.2497,0.0375
2609,on_the_phone,0.9922,0.0,0.0076,0.0002
2610,on_the_phone,0.9948,0.0,0.0046,0.0006
2611,on_the_phone,0.0715,0.2011,0.0365,0.691
2612,on_the_phone,0.663,0.0315,0.2688,0.0368
2613,on_the_phone,0.9974,0.0,0.0024,0.0003
2614,on_the_phone,0.9935,0.0,0.0059,0.0006
2615,on_the_phone,0.081,0.2538,0.0503,0.6148
2616,on_the_phone,0.6784,0.0317,0.2525,0.0374
2617,on_the_phone,0.9876,0.0,0.0122,0.0002
2618,on_the_phone,0.9945,0.0,0.0048,0.0006
2619,on_the_phone,0.0881,0.3027,0.0626,0.5466
2620,raise_hand,0.7629,0.0,0.0,0.2371
2621,raise_hand,0.9961,0.0003,0.0009,0.0027
2622,raise_hand,0.6869,0.0,0.0,0.3131
2623,raise_hand,0.9939,0.0005,0.0014,0.0041
2624,raise_hand,0.6987,0.0,0.0,0.3013
2625,raise_hand,0.9935,0.0005,0.0014,0.0046
2626,raise_hand,0.7169,0.0,0.0,0.2831
2627,raise_hand,0.996,0.0003,0.001,0.0027
2628,raise_hand,0.993,0.0006,0.0014,0.0051
2629,raise_hand,0.7165,0.0,0.0,0.2835
2630,raise_hand,0.7222,0.0,0.0,0.2777
2631,raise_hand,0.9959,0.0003,0.001,0.0028
2632,raise_hand,0.7825,0.0,0.0,0.2175
2633,raise_hand,0.9957,0.0004,0.001,0.0029
2634,raise_hand,0.8054,0.0,0.0,0.1946
2635,raise_hand,0.9958,0.0004,0.0008,0.003
2636,raise_hand,0.8134,0.0,0.0,0.1865
2637,raise_hand,0.9965,0.0003,0.0006,0.0026
2638,raise_hand,0.8137,0.0,0.0,0.1863
2639,raise_hand,0.9959,0.0003,0.0006,0.0032
2640,raise_hand,0.8552,0.0,0.0,0.1447
2641,raise_hand,0.9968,0.0003,0.0006,0.0023
2642,raise_hand,0.8817,0.0,0.0,0.1183
2643,raise_hand,0.9972,0.0002,0.0005,0.0021
2644,raise_hand,0.8346,0.0,0.0,0.1654
2645,raise_hand,0.9981,0.0001,0.0003,0.0015
2646,raise_hand,0.9126,0.0,0.0,0.0874
2647,raise_hand,0.9977,0.0002,0.0003,0.0018
2648,raise_hand,0.9211,0.0,0.0,0.0788
2649,raise_hand,0.998,0.0001,0.0003,0.0016
2650,raise_hand,0.9287,0.0,0.0,0.0713
2651,raise_hand,0.9969,0.0002,0.0003,0.0026
2652,raise_hand,0.9131,0.0,0.0,0.0869
2653,raise_hand,0.0035,0.0021,0.0001,0.9943
2654,raise_hand,0.975,0.0,0.0,0.025
2655,raise_hand,0.9979,0.0002,0.0002,0.0017
2656,raise_hand,0.9703,0.0,0.0,0.0297
2657,raise_hand,0.9981,0.0001,0.0003,0.0015
2658,raise_hand,0.9659,0.0,0.0,0.034
2659,raise_hand,0.9978,0.0002,0.0003,0.0018
2660,raise_hand,0.9175,0.0,0.0,0.0824
2661,raise_hand,0.9981,0.0001,0.0002,0.0015
2662,raise_hand,0.9175,0.0,0.0,0.0824
2663,raise_hand,0.9965,0.0002,0.0002,0.0032
2664,raise_hand,0.8596,0.0,0.0,0.1403
2665,raise_hand,0.9965,0.0002,0.0002,0.0032
2666,raise_hand,0.8585,0.0,0.0,0.1415
2667,raise_hand,0.9974,0.0001,0.0002,0.0022
2668,raise_hand,0.9609,0.0,0.0,0.0391
2669,raise_hand,0.9961,0.0001,0.0001,0.0036
2670,raise_hand,0.0016,0.0101,0.0,0.9883
2671,raise_hand,0.9935,0.0001,0.0001,0.0063
2672,raise_hand,0.8456,0.0,0.0,0.1544
2673,raise_hand,0.994,0.0001,0.0001,0.0058
2674,raise_hand,0.001,0.0049,0.0,0.994
2675,raise_hand,0.9877,0.0001,0.0,0.0122
2676,raise_hand,0.8585,0.0001,0.0,0.1414
2677,raise_hand,0.9846,0.0001,0.0,0.0153
2678,raise_hand,0.8471,0.0,0.0,0.1529
2679,raise_hand,0.9853,0.0001,0.0,0.0146
2680,raise_hand,0.5246,0.0001,0.0,0.4754
2681,raise_hand,0.0114,0.2392,0.0,0.7494
2682,raise_hand,0.5169,0.0001,0.0,0.4831
2683,raise_hand,0.0131,0.2827,0.0,0.7042
2684,raise_hand,0.5119,0.0001,0.0,0.488
2685,raise_hand,0.0104,0.1759,0.0,0.8137
2686,raise_hand,0.5138,0.0001,0.0,0.4861
2687,raise_hand,0.0127,0.292,0.0,0.6953
2688,raise_hand,0.5145,0.0001,0.0,0.4854
2689,raise_hand,0.0122,0.2227,0.0,0.7651
2690,raise_hand,0.5148,0.0001,0.0,0.4851
2691,raise_hand,0.0135,0.3108,0.0,0.6757
2692,raise_hand,0.014,0.3917,0.0,0.5943
2693,raise_hand,0.5232,0.0001,0.0,0.4767
2694,raise_hand,0.5203,0.0001,0.0,0.4797
2695,raise_hand,0.014,0.3353,0.0,0.6508
2696,raise_hand,0.0156,0.6389,0.0,0.3456
2697,raise_hand,0.5299,0.0001,0.0,0.47
2698,raise_hand,0.0148,0.4474,0.0,0.5378
2699,raise_hand,0.5348,0.0001,0.0,0.4651
2700,raise_hand,0.0157,0.417,0.0,0.5673
2701,raise_hand,0.5319,0.0001,0.0,0.468
2702,raise_hand,0.0165,0.6468,0.0,0.3367
2703,raise_hand,0.5333,0.0001,0.0,0.4666
2704,raise_hand,0.0043,0.0331,0.0,0.9626
2705,raise_hand,0.5239,0.0001,0.0,0.476
2706,raise_hand,0.0179,0.5991,0.0,0.383
2707,raise_hand,0.5276,0.0001,0.0,0.4723
2708,raise_hand,0.0051,0.042,0.0,0.9529
2709,raise_hand,0.5232,0.0001,0.0,0.4767
2710,raise_hand,0.0175,0.7247,0.0,0.2578
2711,raise_hand,0.5246,0.0001,0.0,0.4753
2712,raise_hand,0.0181,0.4986,0.0,0.4833
2713,raise_hand,0.5194,0.0001,0.0,0.4806
2714,raise_hand,0.0158,0.3389,0.0,0.6453
2715,raise_hand,0.5173,0.0001,0.0,0.4827
2716,raise_hand,0.0171,0.6529,0.0,0.3299
2717,raise_hand,0.5182,0.0001,0.0,0.4818
2718,raise_hand,0.011,0.1414,0.0,0.8476
2719,raise_hand,0.5133,0.0001,0.0,0.4866
2720,raise_hand,0.0075,0.0669,0.0,0.9256
2721,raise_hand,0.5163,0.0001,0.0,0.4836
2722,raise_hand,0.0056,0.0413,0.0,0.9531
2723,raise_hand,0.5195,0.0001,0.0,0.4804
2724,raise_hand,0.0113,0.1377,0.0,0.851
2725,raise_hand,0.5217,0.0001,0.0,0.4782
2726,raise_hand,0.0073,0.0667,0.0,0.926
2727,raise_hand,0.5153,0.0001,0.0,0.4846
2728,raise_hand,0.0085,0.1057,0.0,0.8858
2729,raise_hand,0.5146,0.0001,0.0,0.4853
2730,raise_hand,0.0038,0.0253,0.0,0.9708
2731,raise_hand,0.5149,0.0001,0.0,0.485
2732,raise_hand,0.0044,0.0309,0.0,0.9647
2733,raise_hand,0.5113,0.0001,0.0,0.4886
2734,raise_hand,0.0042,0.0359,0.0,0.9599
2735,raise_hand,0.5162,0.0001,0.0,0.4837
2736,raise_hand,0.0031,0.0184,0.0,0.9785
2737,raise_hand,0.5145,0.0001,0.0,0.4854
2738,raise_hand,0.0035,0.0266,0.0,0.9699
2739,raise_hand,0.5153,0.0001,0.0,0.4847
2740,bored,0.9981,0.0,0.0018,0.0001
2741,raise_hand,0.9847,0.0001,0.0001,0.0151
2742,bored,0.9977,0.0,0.0022,0.0001
2743,raise_hand,0.9811,0.0001,0.0001,0.0187
2744,bored,0.9978,0.0,0.0021,0.0001
2745,raise_hand,0.9861,0.0001,0.0001,0.0137
2746,bored,0.9975,0.0,0.0024,0.0001
2747,raise_hand,0.9879,0.0001,0.0001,0.0119
2748,bored,0.9978,0.0,0.0021,0.0001
2749,raise_hand,0.9859,0.0001,0.0001,0.014
2750,bored,0.9977,0.0,0.0022,0.0001
2751,raise_hand,0.9874,0.0001,0.0001,0.0124
2752,bored,0.9978,0.0,0.0021,0.0001
2753,raise_hand,0.9869,0.0001,0.0001,0.0129
2754,bored,0.9971,0.0,0.0028,0.0001
2755,raise_hand,0.9878,0.0001,0.0001,0.012
2756,bored,0.9975,0.0,0.0024,0.0001
2757,raise_hand,0.9884,0.0001,0.0001,0.0114
2758,bored,0.9975,0.0,0.0024,0.0001
2759,raise_hand,0.9885,0.0001,0.0001,0.0113
2760,bored,0.9975,0.0,0.0024,0.0001
2761,raise_hand,0.9883,0.0001,0.0001,0.0115
2762,bored,0.9974,0.0,0.0025,0.0001
2763,raise_hand,0.9925,0.0001,0.0002,0.0072
2764,bored,0.9975,0.0,0.0024,0.0001
2765,raise_hand,0.9914,0.0001,0.0002,0.0083
2766,bored,0.9975,0.0,0.0024,0.0001
2767,raise_hand,0.992,0.0001,0.0001,0.0078
2768,bored,0.9976,0.0,0.0023,0.0001
2769,raise_hand,0.9953,0.0001,0.0002,0.0044
2770,bored,0.9979,0.0,0.0021,0.0001
2771,raise_hand,0.9966,0.0001,0.0004,0.0029
2772,bored,0.9978,0.0,0.0021,0.0001
2773,raise_hand,0.9968,0.0002,0.0005,0.0025
2774,bored,0.9976,0.0,0.0023,0.0001
2775,raise_hand,0.9969,0.0001,0.0004,0.0026
2776,bored,0.9974,0.0,0.0026,0.0001
2777,raise_hand,0.9977,0.0001,0.0005,0.0017
2778,bored,0.9973,0.0,0.0026,0.0001
2779,raise_hand,0.9977,0.0001,0.0006,0.0015
2780,bored,0.9976,0.0,0.0023,0.0001
2781,raise_hand,0.9975,0.0001,0.0007,0.0017
2782,bored,0.9978,0.0,0.0021,0.0001
2783,raise_hand,0.9975,0.0001,0.0008,0.0016
2784,bored,0.9975,0.0,0.0024,0.0001
2785,raise_hand,0.9974,0.0001,0.0009,0.0016
2786,bored,0.9977,0.0,0.0022,0.0001
2787,raise_hand,0.9974,0.0001,0.001,0.0016
2788,bored,0.9974,0.0,0.0025,0.0001
2789,raise_hand,0.9973,0.0001,0.0011,0.0015
2790,bored,0.9976,0.0,0.0023,0.0001
2791,raise_hand,0.9943,0.0003,0.0021,0.0032
2792,bored,0.9975,0.0,0.0024,0.0001
2793,raise_hand,0.9974,0.0001,0.0007,0.0018
2794,bored,0.9975,0.0,0.0024,0.0001
2795,raise_hand,0.9869,0.0032,0.0019,0.008
2796,bored,0.9975,0.0,0.0024,0.0001
2797,raise_hand,0.9912,0.0019,0.0011,0.0059
2798,bored,0.9975,0.0,0.0025,0.0001
2799,raise_hand,0.9921,0.0015,0.0011,0.0053
2800,bored,0.9973,0.0,0.0026,0.0001
2801,raise_hand,0.9936,0.0009,0.0012,0.0043
2802,bored,0.9973,0.0,0.0026,0.0001
2803,raise_hand,0.9919,0.0018,0.0009,0.0055
2804,raise_hand,0.9971,0.0001,0.0001,0.0027
2805,bored,0.0087,0.5323,0.0,0.4591
2806,raise_hand,0.9975,0.0001,0.0001,0.0023
2807,bored,0.0076,0.2678,0.0,0.7246
2808,raise_hand,0.9973,0.0001,0.0001,0.0025
2809,bored,0.0088,0.4474,0.0,0.5438
2810,raise_hand,0.9972,0.0001,0.0001,0.0026
2811,bored,0.0087,0.4697,0.0,0.5216
2812,raise_hand,0.9972,0.0001,0.0001,0.0026
2813,bored,0.0079,0.3731,0.0,0.619
2814,raise_hand,0.9973,0.0001,0.0001,0.0025
2815,bored,0.0086,0.367,0.0,0.6244
2816,raise_hand,0.9968,0.0001,0.0001,0.003
2817,bored,0.0086,0.6316,0.0,0.3599
2818,raise_hand,0.996,0.0001,0.0001,0.0038
2819,bored,0.0071,0.26,0.0,0.7329
2820,raise_hand,0.9961,0.0001,0.0001,0.0038
2821,bored,0.9616,0.0,0.0,0.0384
2822,raise_hand,0.9973,0.0001,0.0001,0.0025
2823,bored,0.0076,0.3079,0.0,0.6845
2824,raise_hand,0.996,0.0001,0.0001,0.0039
2825,bored,0.0085,0.4668,0.0,0.5247
2826,raise_hand,0.9974,0.0001,0.0001,0.0023
2827,bored,0.0085,0.3967,0.0,0.5948
2828,raise_hand,0.0002,0.0,0.0,0.9997
2829,bored,0.0069,0.2063,0.0,0.7868
2830,raise_hand,0.9968,0.0001,0.0001,0.003
2831,bored,0.0066,0.2362,0.0,0.7572
2832,raise_hand,0.9974,0.0001,0.0001,0.0024
2833,bored,0.0083,0.517,0.0,0.4746
2834,raise_hand,0.0078,0.4532,0.0,0.539
2835,bored,0.9969,0.0001,0.0001,0.0029
2836,raise_hand,0.0071,0.3684,0.0,0.6245
2837,bored,0.9978,0.0001,0.0001,0.002
2838,raise_hand,0.006,0.8584,0.0,0.1356
2839,bored,0.9978,0.0001,0.0002,0.002
2840,raise_hand,0.0078,0.4945,0.0,0.4977
2841,bored,0.9977,0.0001,0.0002,0.002
2842,raise_hand,0.0066,0.8048,0.0,0.1886
2843,bored,0.9979,0.0001,0.0002,0.0018
2844,raise_hand,0.0064,0.8241,0.0,0.1695
2845,bored,0.9978,0.0001,0.0002,0.0019
2846,raise_hand,0.006,0.8447,0.0,0.1493
2847,bored,0.9983,0.0001,0.0002,0.0014
2848,raise_hand,0.0065,0.8309,0.0,0.1626
2849,bored,0.9984,0.0001,0.0002,0.0013
2850,raise_hand,0.0031,0.9633,0.0,0.0336
2851,bored,0.9983,0.0001,0.0002,0.0014
2852,raise_hand,0.0076,0.609,0.0,0.3834
2853,bored,0.9982,0.0001,0.0002,0.0016
2854,raise_hand,0.992,0.0,0.0,0.008
2855,bored,0.9984,0.0001,0.0002,0.0013
2856,raise_hand,0.9931,0.0,0.0,0.0069
2857,bored,0.9986,0.0001,0.0003,0.001
2858,raise_hand,0.9925,0.0,0.0,0.0075
2859,bored,0.9985,0.0001,0.0003,0.0012
2860,raise_hand,0.0061,0.2808,0.0,0.7131
2861,bored,0.9986,0.0001,0.0003,0.001
2862,raise_hand,0.9945,0.0,0.0,0.0055
2863,bored,0.9986,0.0001,0.0003,0.0011
2864,raise_hand,0.9931,0.0,0.0,0.0069
2865,bored,0.9986,0.0001,0.0002,0.0011
2866,raise_hand,0.9982,0.0,0.0007,0.001
2867,engaged,0.8334,0.0,0.0,0.1666
2868,raise_hand,0.9982,0.0,0.0008,0.001
2869,engaged,0.8382,0.0001,0.0,0.1617
2870,raise_hand,0.9982,0.0,0.0008,0.001
2871,engaged,0.851,0.0001,0.0,0.149
2872,raise_hand,0.9982,0.0,0.0007,0.001
2873,engaged,0.8685,0.0001,0.0,0.1315
2874,raise_hand,0.9982,0.0,0.0008,0.001
2875,engaged,0.8603,0.0001,0.0,0.1396
2876,raise_hand,0.9983,0.0,0.0008,0.0009
2877,engaged,0.861,0.0001,0.0,0.139
2878,raise_hand,0.9984,0.0,0.0006,0.0009
2879,engaged,0.8729,0.0001,0.0,0.127
2880,raise_hand,0.9982,0.0,0.0008,0.001
2881,engaged,0.8723,0.0,0.0,0.1276
2882,raise_hand,0.9983,0.0,0.0007,0.0009
2883,engaged,0.8672,0.0001,0.0,0.1327
2884,raise_hand,0.9982,0.0,0.0008,0.0009
2885,engaged,0.9144,0.0001,0.0,0.0855
2886,raise_hand,0.9983,0.0,0.0007,0.0009
2887,engaged,0.898,0.0001,0.0,0.102
2888,raise_hand,0.9983,0.0,0.0008,0.0009
2889,engaged,0.936,0.0001,0.0,0.0639
2890,raise_hand,0.9983,0.0,0.0008,0.0009
2891,engaged,0.9244,0.0001,0.0,0.0755
2892,raise_hand,0.9983,0.0,0.0008,0.0009
2893,engaged,0.9329,0.0001,0.0,0.067
2894,raise_hand,0.9982,0.0,0.0009,0.0009
2895,engaged,0.9361,0.0001,0.0,0.0638
2896,raise_hand,0.9309,0.0001,0.0,0.069
2897,engaged,0.9981,0.0,0.001,0.0009
2898,raise_hand,0.998,0.0,0.0011,0.0009
2899,engaged,0.9338,0.0001,0.0,0.0661
2900,raise_hand,0.9982,0.0,0.0009,0.0009
2901,engaged,0.9343,0.0001,0.0,0.0656
2902,raise_hand,0.998,0.0,0.001,0.0009
2903,engaged,0.9346,0.0001,0.0,0.0653
2904,raise_hand,0.9395,0.0001,0.0,0.0604
2905,engaged,0.998,0.0,0.001,0.0009
2906,raise_hand,0.9981,0.0,0.001,0.0009
2907,engaged,0.9387,0.0001,0.0,0.0612
2908,raise_hand,0.9534,0.0001,0.0,0.0465
2909,engaged,0.998,0.0,0.0011,0.0009
2910,raise_hand,0.9511,0.0001,0.0,0.0488
2911,engaged,0.9983,0.0,0.0009,0.0008
2912,raise_hand,0.9345,0.0001,0.0,0.0654
2913,engaged,0.9979,0.0,0.0012,0.0009
2914,raise_hand,0.9981,0.0,0.001,0.0009
2915,engaged,0.9403,0.0001,0.0,0.0596
2916,raise_hand,0.941,0.0001,0.0,0.0589
2917,engaged,0.998,0.0,0.0011,0.0009
2918,raise_hand,0.9514,0.0001,0.0,0.0485
2919,engaged,0.9981,0.0,0.001,0.0009
2920,raise_hand,0.9388,0.0001,0.0,0.0611
2921,engaged,0.998,0.0,0.0011,0.0009
2922,raise_hand,0.9383,0.0001,0.0,0.0616
2923,engaged,0.998,0.0,0.0011,0.0009
2924,raise_hand,0.9349,0.0001,0.0,0.065
2925,engaged,0.998,0.0,0.0011,0.0009
2926,on_the_phone,0.994,0.0,0.0055,0.0005
2927,engaged,0.9154,0.0511,0.0,0.0335
2928,on_the_phone,0.8332,0.1126,0.0,0.0542
2929,engaged,0.9937,0.0,0.0059,0.0004
2930,on_the_phone,0.7974,0.1432,0.0,0.0594
2931,engaged,0.9943,0.0,0.0052,0.0004
2932,on_the_phone,0.9926,0.0,0.0069,0.0004
2933,engaged,0.9122,0.0588,0.0,0.0291
2934,on_the_phone,0.9959,0.0,0.0033,0.0008
2935,engaged,0.9917,0.0,0.0079,0.0004
2936,on_the_phone,0.9916,0.0,0.0079,0.0004
2937,engaged,0.9956,0.0,0.0036,0.0008
2938,on_the_phone,0.9932,0.0,0.0064,0.0005
2939,engaged,0.9291,0.0452,0.0,0.0257
2940,on_the_phone,0.9917,0.0,0.0079,0.0004
2941,engaged,0.8929,0.0667,0.0,0.0404
2942,on_the_phone,0.9929,0.0,0.0066,0.0004
2943,engaged,0.9942,0.0001,0.0043,0.0014
2944,on_the_phone,0.993,0.0,0.0066,0.0004
2945,engaged,0.8954,0.0741,0.0,0.0305
2946,on_the_phone,0.993,0.0,0.0065,0.0005
2947,engaged,0.9404,0.038,0.0,0.0216
2948,on_the_phone,0.9942,0.0,0.0054,0.0004
2949,engaged,0.9492,0.0313,0.0,0.0195
2950,on_the_phone,0.9938,0.0,0.0058,0.0004
2951,engaged,0.8219,0.1306,0.0,0.0475
2952,on_the_phone,0.9931,0.0,0.0065,0.0004
2953,engaged,0.8434,0.1042,0.0,0.0524
2954,on_the_phone,0.9928,0.0,0.0068,0.0004
2955,engaged,0.9959,0.0,0.003,0.001
2956,on_the_phone,0.9927,0.0,0.0068,0.0004
2957,engaged,0.8001,0.1495,0.0,0.0504
2958,on_the_phone,0.9927,0.0,0.0069,0.0004
2959,engaged,0.8465,0.1098,0.0,0.0437
2960,on_the_phone,0.993,0.0,0.0066,0.0004
2961,engaged,0.9959,0.0,0.0031,0.001
2962,on_the_phone,0.9926,0.0,0.007,0.0004
2963,engaged,0.9961,0.0,0.0029,0.001
2964,on_the_phone,0.9927,0.0,0.0069,0.0004
2965,engaged,0.9498,0.0288,0.0,0.0213
2966,on_the_phone,0.9924,0.0,0.0072,0.0004
2967,engaged,0.9407,0.0358,0.0,0.0235
2968,on_the_phone,0.9929,0.0,0.0067,0.0004
2969,engaged,0.9956,0.0,0.0034,0.0009
2970,on_the_phone,0.993,0.0,0.0066,0.0004
2971,engaged,0.9329,0.0424,0.0,0.0247
2972,on_the_phone,0.9931,0.0,0.0065,0.0004
2973,engaged,0.9957,0.0,0.0034,0.0009
2974,on_the_phone,0.9922,0.0,0.0074,0.0004
2975,engaged,0.969,0.0157,0.0,0.0153
2976,on_the_phone,0.9921,0.0,0.0075,0.0004
2977,engaged,0.9963,0.0,0.0028,0.0009
2978,on_the_phone,0.9912,0.0,0.0085,0.0004
2979,engaged,0.9958,0.0,0.0033,0.0009
2980,on_the_phone,0.9963,0.0,0.0028,0.0009
2981,engaged,0.9925,0.0,0.0071,0.0004
2982,on_the_phone,0.992,0.0,0.0076,0.0004
2983,engaged,0.9955,0.0,0.0036,0.0009
2984,on_the_phone,0.9917,0.0,0.0079,0.0004
2985,engaged,0.9254,0.0484,0.0,0.0261
2986,on_the_phone,0.993,0.0,0.0066,0.0004
2987,engaged,0.9291,0.0447,0.0,0.0261
2988,engaged,0.9977,0.0,0.0018,0.0004
2989,on_the_phone,0.9751,0.0,0.0245,0.0004
2990,engaged,0.9709,0.0,0.0287,0.0004
2991,on_the_phone,0.9979,0.0,0.0016,0.0004
2992,engaged,0.979,0.0,0.0204,0.0005
2993,on_the_phone,0.9979,0.0,0.0016,0.0005
2994,engaged,0.9796,0.0,0.0199,0.0006
2995,on_the_phone,0.9977,0.0,0.0018,0.0005
2996,engaged,0.973,0.0,0.0265,0.0005
2997,on_the_phone,0.9978,0.0,0.0017,0.0005
2998,engaged,0.9695,0.0,0.03,0.0005
2999,on_the_phone,0.9978,0.0,0.0017,0.0005
3000,engaged,0.9661,0.0,0.0335,0.0005
3001,on_the_phone,0.9977,0.0,0.0018,0.0005
3002,engaged,0.9688,0.0,0.0307,0.0005
3003,on_the_phone,0.998,0.0,0.0015,0.0005
3004,engaged,0.9643,0.0,0.0351,0.0006
3005,on_the_phone,0.9975,0.0,0.002,0.0005
3006,engaged,0.9659,0.0,0.0336,0.0005
3007,on_the_phone,0.9977,0.0,0.0019,0.0004
3008,engaged,0.9649,0.0,0.0347,0.0004
3009,on_the_phone,0.9976,0.0,0.0019,0.0005
3010,engaged,0.963,0.0,0.0367,0.0004
3011,on_the_phone,0.9977,0.0,0.0018,0.0005
3012,engaged,0.9647,0.0,0.035,0.0004
3013,on_the_phone,0.9974,0.0,0.0021,0.0005
3014,engaged,0.9669,0.0,0.0328,0.0004
3015,on_the_phone,0.9975,0.0,0.0021,0.0004
3016,engaged,0.9674,0.0,0.0323,0.0003
3017,on_the_phone,0.9975,0.0,0.002,0.0005
3018,engaged,0.9737,0.0,0.026,0.0003
3019,on_the_phone,0.9976,0.0,0.002,0.0004
3020,engaged,0.9731,0.0,0.0266,0.0003
3021,on_the_phone,0.9978,0.0,0.0018,0.0004
3022,engaged,0.9743,0.0,0.0254,0.0003
3023,on_the_phone,0.9977,0.0,0.0019,0.0004
3024,engaged,0.9736,0.0,0.0261,0.0003
3025,on_the_phone,0.9976,0.0,0.0019,0.0004
3026,engaged,0.9759,0.0,0.0237,0.0004
3027,on_the_phone,0.9978,0.0,0.0017,0.0004
3028,engaged,0.9792,0.0,0.0204,0.0003
3029,on_the_phone,0.9975,0.0,0.002,0.0004
3030,engaged,0.9813,0.0,0.0184,0.0003
3031,on_the_phone,0.9975,0.0,0.0021,0.0004
3032,engaged,0.9818,0.0,0.0178,0.0003
3033,on_the_phone,0.9975,0.0,0.0021,0.0004
3034,engaged,0.9831,0.0,0.0165,0.0003
3035,on_the_phone,0.9973,0.0,0.0022,0.0004
3036,engaged,0.9855,0.0,0.0142,0.0003
3037,on_the_phone,0.9973,0.0,0.0023,0.0004
3038,engaged,0.9872,0.0,0.0125,0.0003
3039,on_the_phone,0.9976,0.0,0.002,0.0004
3040,engaged,0.9877,0.0,0.0119,0.0003
3041,on_the_phone,0.9975,0.0,0.0021,0.0004
3042,engaged,0.988,0.0,0.0116,0.0004
3043,on_the_phone,0.9976,0.0,0.002,0.0004
3044,engaged,0.9879,0.0,0.0117,0.0004
3045,on_the_phone,0.9975,0.0,0.002,0.0004
3046,engaged,0.9883,0.0,0.0113,0.0004
3047,on_the_phone,0.9978,0.0,0.0017,0.0004
