,proposed,baseline,lower_column
0,0.0269,0.7553,proposed
1,0.0245999999999999,0.7162999999999999,proposed
2,0.0331,0.7827999999999999,proposed
3,0.0283999999999999,0.7256,proposed
4,0.0275999999999999,0.7493000000000001,proposed
5,0.0372,0.7888,proposed
6,0.0279,0.8072,proposed
7,0.0276999999999999,0.8084,proposed
8,0.0283999999999999,0.7634,proposed
9,0.0252,0.8309,proposed
10,0.0291,0.8839,proposed
11,0.0334999999999999,0.8865,proposed
12,0.0363,0.8852,proposed
13,0.0349,0.8868,proposed
14,0.0391,0.8648,proposed
15,0.0434999999999999,0.8230999999999999,proposed
16,0.047,0.8697,proposed
17,0.0555999999999999,0.9275,proposed
18,0.0572,0.9072,proposed
19,0.0651,0.9162,proposed
20,0.0665,0.8234,proposed
21,0.0602,0.942,proposed
22,0.0642,0.8909,proposed
23,0.0671,0.935,proposed
24,0.0722,0.9566,proposed
25,0.0785,0.9404,proposed
26,0.0863,0.8881,proposed
27,0.0901999999999999,0.8612,proposed
28,0.0847,0.6345000000000001,proposed
29,0.0887999999999999,0.6065,proposed
30,0.0878999999999999,0.165,proposed
31,0.0903,0.2170999999999999,proposed
32,0.0936,0.3713999999999999,proposed
33,0.0963,0.5525,proposed
34,0.0884,0.3801,proposed
35,0.0877999999999999,0.3146,proposed
36,0.0836,0.4663,proposed
37,0.0862,0.4091,proposed
38,0.0858999999999999,0.5012,proposed
39,0.0917,0.394,proposed
40,0.0947,0.7314,proposed
41,0.0993,0.3992,proposed
42,0.0918999999999999,0.4143,proposed
43,0.0948,0.5869,proposed
44,0.0998,0.7938000000000001,proposed
45,0.0088,0.4135,proposed
46,0.0056,0.361,proposed
47,0.0050999999999999,0.1106,proposed
48,0.0039,0.0484,proposed
49,0.0039,0.0631,proposed
50,0.0037,0.3816,proposed
51,0.0047,0.4622,proposed
52,0.0042999999999999,0.5640000000000001,proposed
53,0.0039,0.2829,proposed
54,0.0034999999999999,0.0617999999999999,proposed
55,0.0036,0.1411,proposed
56,0.0030999999999999,0.1000999999999999,proposed
57,0.0032999999999999,0.0285999999999999,proposed
58,0.0030999999999999,0.0332,proposed
59,0.0039,0.0312,proposed
60,0.0039,0.0497999999999999,proposed
61,0.0038,0.0451,proposed
62,0.0042999999999999,0.0333999999999999,proposed
63,0.0044999999999999,0.0302999999999999,proposed
64,0.0043999999999999,0.0555999999999999,proposed
65,0.0046,0.0524999999999999,proposed
66,0.0046,0.0365999999999999,proposed
67,0.0048,0.1531,proposed
68,0.0057,0.1198,proposed
69,0.0062999999999999,0.0622,proposed
70,0.0056,0.0858999999999999,proposed
71,0.0060999999999999,0.1794,proposed
72,0.0073999999999999,0.1642,proposed
73,0.0086,0.3369999999999999,proposed
74,0.0118,0.1434999999999999,proposed
75,0.0179,0.4749,proposed
76,0.026,0.7337,proposed
77,0.4864,0.0504999999999999,baseline
78,0.5375,0.0324999999999999,baseline
79,0.5359,0.0339,baseline
80,0.5149,0.0405999999999999,baseline
81,0.5408,0.0541,baseline
82,0.5361,0.0575999999999999,baseline
83,0.5226,0.0627999999999999,baseline
84,0.5288999999999999,0.0618999999999999,baseline
85,0.5452,0.061,baseline
86,0.5191,0.0621,baseline
87,0.5510999999999999,0.0604,baseline
88,0.5112,0.0784,baseline
89,0.5048,0.0822,baseline
90,0.4816,0.0795,baseline
91,0.5133,0.0858999999999999,baseline
92,0.4985,0.0816,baseline
93,0.4903999999999999,0.0842,baseline
94,0.4737,0.0933,baseline
95,0.4569,0.0805,baseline
96,0.4729,0.0890999999999999,baseline
97,0.4810999999999999,0.0810999999999999,baseline
98,0.4847,0.0602,baseline
99,0.4943999999999999,0.0828999999999999,baseline
100,0.4770999999999999,0.0743,baseline
101,0.488,0.0571,baseline
102,0.4808,0.0608999999999999,baseline
103,0.4776,0.056,baseline
104,0.5062,0.0577999999999999,baseline
105,0.5231,0.0447999999999999,baseline
106,0.5311,0.0302,baseline
107,0.5003,0.0365999999999999,baseline
108,0.4865,0.0365999999999999,baseline
109,0.5667,0.0274999999999999,baseline
110,0.5038,0.0544,baseline
111,0.4438,0.1102999999999999,baseline
112,0.3997,0.0676,baseline
113,0.2542999999999999,0.1709,baseline
114,0.1939999999999999,0.1846999999999999,baseline
115,0.1509,0.167,proposed
116,0.1522,0.1493999999999999,baseline
117,0.1816999999999999,0.1564999999999999,baseline
118,0.1936999999999999,0.1543999999999999,baseline
119,0.1845,0.1449,baseline
120,0.1854,0.1377,baseline
121,0.1778999999999999,0.1284999999999999,baseline
122,0.1687999999999999,0.137,baseline
123,0.1634999999999999,0.1264999999999999,baseline
124,0.1662,0.1193999999999999,baseline
125,0.1776999999999999,0.1286,baseline
126,0.1746999999999999,0.1287,baseline
127,0.172,0.1558,baseline
128,0.1556999999999999,0.1368,baseline
129,0.1588,0.1392,baseline
130,0.1605999999999999,0.1689,proposed
131,0.1593,0.1614999999999999,proposed
132,0.1649,0.1553999999999999,baseline
133,0.1592,0.1596999999999999,proposed
134,0.1699,0.1841,proposed
135,0.1784,0.1872,proposed
136,0.1602,0.1952,proposed
137,0.168,0.1749,proposed
138,0.1581,0.1569,baseline
139,0.1516999999999999,0.2397,proposed
140,0.1543,0.2066,proposed
141,0.1544999999999999,0.147,baseline
142,0.1588,0.2014,proposed
143,0.1595999999999999,0.185,proposed
144,0.1632,0.1735,proposed
145,0.1564999999999999,0.1971,proposed
146,0.1521,0.1487,baseline
147,0.1501,0.1889999999999999,proposed
148,0.15,0.2124,proposed
149,0.1612,0.1594999999999999,baseline
150,0.1695999999999999,0.1817999999999999,proposed
151,0.1523999999999999,0.1979999999999999,proposed
152,0.157,0.1788999999999999,proposed
153,0.1614,0.1712,proposed
154,0.1609,0.1725,proposed
155,0.1569,0.2450999999999999,proposed
156,0.153,0.1852,proposed
157,0.1535999999999999,0.1729,proposed
158,0.1641,0.1888999999999999,proposed
159,0.1736999999999999,0.1795,proposed
160,0.1624999999999999,0.2169999999999999,proposed
161,0.1489,0.1783,proposed
162,0.1705999999999999,0.152,baseline
163,0.1709,0.149,baseline
164,0.1727999999999999,0.1651,baseline
165,0.163,0.2190999999999999,proposed
166,0.1644,0.2010999999999999,proposed
167,0.1536999999999999,0.1227,baseline
168,0.1641,0.1146,baseline
169,0.1776999999999999,0.0786,baseline
170,0.2137,0.0733,baseline
171,0.2118999999999999,0.0688999999999999,baseline
172,0.2154,0.0461,baseline
173,0.2270999999999999,0.0522,baseline
174,0.265,0.0464999999999999,baseline
175,0.2554999999999999,0.0313999999999999,baseline
176,0.2602,0.0271,baseline
177,0.2758,0.027,baseline
178,0.2399,0.0304999999999999,baseline
179,0.2662,0.0252999999999999,baseline
180,0.2148999999999999,0.0311,baseline
181,0.2255,0.0269,baseline
182,0.2139999999999999,0.0286999999999999,baseline
183,0.2380999999999999,0.024,baseline
184,0.2243,0.0232999999999999,baseline
185,0.2286,0.0218,baseline
186,0.2118,0.0217,baseline
187,0.2224,0.0244999999999999,baseline
188,0.2259999999999999,0.0481,baseline
189,0.2267,0.0449,baseline
190,0.2281999999999999,0.0291,baseline
191,0.2347,0.0359,baseline
192,0.2165,0.0407999999999999,baseline
193,0.2213,0.0351,baseline
194,0.2154,0.0531,baseline
195,0.2066,0.0401,baseline
196,0.2018999999999999,0.0364999999999999,baseline
197,0.2148,0.0467999999999999,baseline
198,0.3309999999999999,0.0029,baseline
199,0.1996,0.0031999999999999,baseline
200,0.1626999999999999,0.0033999999999999,baseline
201,0.2106,0.0033999999999999,baseline
202,0.2069999999999999,0.0034999999999999,baseline
203,0.2137,0.0031999999999999,baseline
204,0.1921,0.0059,baseline
205,0.1604,0.0060999999999999,baseline
206,0.2037,0.0069,baseline
207,0.3856,0.0088,baseline
208,0.1448,0.008,baseline
209,0.2185,0.0084999999999999,baseline
210,0.1161999999999999,0.0072999999999999,baseline
211,0.1287,0.0054999999999999,baseline
212,0.2131999999999999,0.0057,baseline
213,0.1685999999999999,0.0052999999999999,baseline
214,0.1559,0.0053999999999999,baseline
215,0.127,0.0059,baseline
216,0.2027,0.0054999999999999,baseline
217,0.2103,0.0046,baseline
218,0.2214,0.0044999999999999,baseline
219,0.2996999999999999,0.0047,baseline
220,0.2380999999999999,0.0049,baseline
221,0.2285,0.0060999999999999,baseline
222,0.2814,0.9971,proposed
223,0.2929,0.0050999999999999,baseline
224,0.2884,0.0060999999999999,baseline
225,0.2258,0.0083999999999999,baseline
226,0.2732,0.0068,baseline
227,0.2784999999999999,0.007,baseline
228,0.2665999999999999,0.0051999999999999,baseline
229,0.3668,0.0061999999999999,baseline
230,0.3037999999999999,0.0053999999999999,baseline
231,0.42,0.0040999999999999,baseline
232,0.431,0.0032999999999999,baseline
233,0.2836999999999999,0.0031999999999999,baseline
234,0.3147999999999999,0.0033999999999999,baseline
235,0.3641999999999999,0.0030999999999999,baseline
236,0.3409999999999999,0.0032999999999999,baseline
237,0.5078,0.0032999999999999,baseline
238,0.5335,0.0031999999999999,baseline
239,0.2492999999999999,0.0034999999999999,baseline
240,0.415,0.0030999999999999,baseline
241,0.5005999999999999,0.0030999999999999,baseline
242,0.5323,0.003,baseline
243,0.542,0.0029,baseline
244,0.4661999999999999,0.003,baseline
245,0.5221,0.0024999999999999,baseline
246,0.7052,0.0024999999999999,baseline
247,0.6091,0.9985,proposed
248,0.5880000000000001,0.002,baseline
249,0.6681,0.0022999999999999,baseline
250,0.5412,0.0022999999999999,baseline
251,0.7065,0.0014999999999999,baseline
252,0.5485,0.0023999999999999,baseline
253,0.5659000000000001,0.0021999999999999,baseline
254,0.5859,0.0021999999999999,baseline
255,0.6058,0.0021999999999999,baseline
256,0.5395,0.0020999999999999,baseline
257,0.5285,0.0019,baseline
258,0.5124,0.002,baseline
259,0.5897,0.0018,baseline
260,0.5558000000000001,0.0018,baseline
261,0.5888,0.002,baseline
262,0.5981000000000001,0.0017,baseline
263,0.5541,0.0017,baseline
264,0.6994,0.0016,baseline
265,0.6042000000000001,0.002,baseline
266,0.7246,0.002,baseline
267,0.6436999999999999,0.0022999999999999,baseline
268,0.6714,0.002,baseline
269,0.7078,0.0019,baseline
270,0.6288,0.0019,baseline
271,0.7609,0.0023999999999999,baseline
272,0.6273,0.0019,baseline
273,0.7152000000000001,0.002,baseline
274,0.7644,0.0022999999999999,baseline
275,0.7229,0.0022999999999999,baseline
276,0.8481,0.002,baseline
277,0.7577,0.0023999999999999,baseline
278,0.7778,0.0022999999999999,baseline
279,0.7534,0.0022999999999999,baseline
280,0.7774,0.0022999999999999,baseline
281,0.7518,0.0023999999999999,baseline
282,0.7335,0.0024999999999999,baseline
283,0.7766,0.0024999999999999,baseline
284,0.7384999999999999,0.0023999999999999,baseline
285,0.7613,0.002,baseline
286,0.7562,0.0022999999999999,baseline
287,0.7774,0.0026,baseline
288,0.6275999999999999,0.0021999999999999,baseline
289,0.6737,0.0022999999999999,baseline
290,0.7016,0.0022999999999999,baseline
291,0.5961000000000001,0.0022999999999999,baseline
292,0.6515,0.0022999999999999,baseline
293,0.5589,0.0022999999999999,baseline
294,0.583,0.0024999999999999,baseline
295,0.6254,0.0023999999999999,baseline
296,0.656,0.0022999999999999,baseline
297,0.6485000000000001,0.0021999999999999,baseline
298,0.6351,0.0021999999999999,baseline
299,0.7327,0.002,baseline
300,0.6724,0.0018,baseline
301,0.7048,0.0013999999999999,baseline
302,0.648,0.0014999999999999,baseline
303,0.5971,0.0024999999999999,baseline
304,0.4599,0.0013999999999999,baseline
305,0.4951,0.0014999999999999,baseline
306,0.5206,0.0032999999999999,baseline
307,0.6461,0.003,baseline
308,0.6451,0.003,baseline
309,0.6936,0.003,baseline
310,0.5906,0.0021999999999999,baseline
311,0.4623,0.0022999999999999,baseline
312,0.4620999999999999,0.0029,baseline
313,0.4983999999999999,0.003,baseline
314,0.4383,0.0026,baseline
315,0.4469999999999999,0.0024999999999999,baseline
316,0.312,0.0031999999999999,baseline
317,0.3696,0.0029,baseline
318,0.0353999999999999,0.0071999999999999,baseline
319,0.0423999999999999,0.001,baseline
320,0.027,0.0017,baseline
321,0.0454999999999999,0.0059,baseline
322,0.0333999999999999,0.003,baseline
323,0.0325999999999999,0.0046,baseline
324,0.0391,0.0044999999999999,baseline
325,0.0343999999999999,0.0102999999999999,baseline
326,0.0365999999999999,0.0047,baseline
327,0.0253999999999999,0.0048,baseline
328,0.0416999999999999,0.0053999999999999,baseline
329,0.0595999999999999,0.0119,baseline
330,0.0296999999999999,0.018,baseline
331,0.0532,0.0169,baseline
332,0.0798999999999999,0.0071999999999999,baseline
333,0.044,0.0074999999999999,baseline
334,0.0262,0.008,baseline
335,0.0189,0.0078,baseline
336,0.032,0.0102999999999999,baseline
337,0.0159,0.0073999999999999,baseline
338,0.0292,0.009,baseline
339,0.0262999999999999,0.0224999999999999,baseline
340,0.0221,0.023,proposed
341,0.0637999999999999,0.0089,baseline
342,0.0435999999999999,0.0087,baseline
343,0.0447999999999999,0.0052999999999999,baseline
344,0.0291,0.0017,baseline
345,0.0615999999999999,0.0024999999999999,baseline
346,0.0389,0.0109,baseline
347,0.0419,0.002,baseline
348,0.0228,0.0018,baseline
349,0.0366999999999999,0.004,baseline
350,0.0901999999999999,0.0017,baseline
351,0.062,0.0024999999999999,baseline
352,0.0847,0.0028,baseline
353,0.0687999999999999,0.0038,baseline
354,0.0293999999999999,0.0046,baseline
355,0.044,0.0038,baseline
356,0.0325999999999999,0.0061999999999999,baseline
357,0.0991999999999999,0.0051999999999999,baseline
358,0.1408,0.0081999999999999,baseline
359,0.1445999999999999,0.0057,baseline
360,0.1117,0.0040999999999999,baseline
361,0.2365,0.0032999999999999,baseline
362,0.2508,0.0028,baseline
363,0.2501,0.0023999999999999,baseline
364,0.2946999999999999,0.0017,baseline
365,0.2118999999999999,0.0017,baseline
366,0.1971,0.0018,baseline
367,0.1329,0.0009,baseline
368,0.4691999999999999,0.0012999999999999,baseline
369,0.3823,0.0012999999999999,baseline
370,0.4131,0.0012999999999999,baseline
371,0.6609,0.001,baseline
372,0.5219,0.0071999999999999,baseline
373,0.752,0.0086,baseline
374,0.5166,0.0119,baseline
375,0.2393999999999999,0.0125999999999999,baseline
376,0.0890999999999999,0.0052999999999999,baseline
377,0.2173,0.0052999999999999,baseline
378,0.2045,0.0050999999999999,baseline
379,0.375,0.0058,baseline
380,0.3952,0.0068,baseline
381,0.4277999999999999,0.0057,baseline
382,0.1973,0.0060999999999999,baseline
383,0.2815,0.0131999999999999,baseline
384,0.525,0.0014999999999999,baseline
385,0.3061,0.0069,baseline
386,0.3046999999999999,0.0072999999999999,baseline
387,0.4277999999999999,0.0084999999999999,baseline
388,0.7888999999999999,0.0114999999999999,baseline
389,0.6275999999999999,0.0054999999999999,baseline
390,0.3899,0.0078,baseline
391,0.3937,0.0082999999999999,baseline
392,0.6473,0.009,baseline
393,0.5277000000000001,0.001,baseline
394,0.1544999999999999,0.0012999999999999,baseline
395,0.5752999999999999,0.0078,baseline
396,0.3793999999999999,0.0024999999999999,baseline
397,0.4343,0.009,baseline
398,0.4592,0.0090999999999999,baseline
399,0.394,0.0097,baseline
400,0.2372999999999999,0.0086,baseline
401,0.3581999999999999,0.0116,baseline
402,0.3924999999999999,0.0131999999999999,baseline
403,0.3881,0.0128,baseline
404,0.5823,0.013,baseline
405,0.3239999999999999,0.0084999999999999,baseline
406,0.166,0.0083999999999999,baseline
407,0.7123999999999999,0.0109,baseline
408,0.4278999999999999,0.0064999999999999,baseline
409,0.1155,0.007,baseline
410,0.4624,0.0079,baseline
411,0.281,0.0093999999999999,baseline
412,0.303,0.0129,baseline
413,0.4304,0.0078,baseline
414,0.2925999999999999,0.008,baseline
415,0.2443999999999999,0.0071999999999999,baseline
416,0.2989,0.0106,baseline
417,0.246,0.0127,baseline
418,0.3211,0.007,baseline
419,0.1085,0.0088,baseline
420,0.1185,0.0074999999999999,baseline
421,0.1133999999999999,0.0081999999999999,baseline
422,0.1401,0.0088,baseline
423,0.4068,0.0128,baseline
424,0.3174,0.013,baseline
425,0.3796,0.0117,baseline
426,0.122,0.0137,baseline
427,0.1104,0.0121,baseline
428,0.5595,0.009,baseline
429,0.1282999999999999,0.0147,baseline
430,0.1614999999999999,0.0102999999999999,baseline
431,0.1667999999999999,0.0208,baseline
432,0.1531,0.0231,baseline
433,0.1979999999999999,0.0233999999999999,baseline
434,0.5041,0.0222999999999999,baseline
435,0.3178999999999999,0.0029,baseline
436,0.3346,0.002,baseline
437,0.6496,0.0092999999999999,baseline
438,0.2038999999999999,0.0089,baseline
439,0.2344,0.9868,proposed
440,0.2408,0.9887,proposed
441,0.2501,0.9875,proposed
442,0.2541,0.9867,proposed
443,0.2463999999999999,0.9882,proposed
444,0.2509,0.9879,proposed
445,0.2561,0.9879,proposed
446,0.2642,0.9901,proposed
447,0.2504999999999999,0.9905,proposed
448,0.2577,0.9895,proposed
449,0.2571,0.9897,proposed
450,0.2479,0.9901,proposed
451,0.2469,0.9902,proposed
452,0.2289999999999999,0.99,proposed
453,0.2369,0.9901,proposed
454,0.2390999999999999,0.99,proposed
455,0.2312999999999999,0.9898,proposed
456,0.2448,0.9898,proposed
457,0.2234,0.9896,proposed
458,0.2356,0.9887,proposed
459,0.2416,0.9893,proposed
460,0.2243,0.9899,proposed
461,0.2109999999999999,0.99,proposed
462,0.2070999999999999,0.9912,proposed
463,0.1938999999999999,0.9936,proposed
464,0.1897999999999999,0.991,proposed
465,0.1886,0.9938,proposed
466,0.1825999999999999,0.9928,proposed
467,0.1694,0.9934,proposed
468,0.1868999999999999,0.9934,proposed
469,0.1784,0.9933,proposed
470,0.1777999999999999,0.994,proposed
471,0.1733,0.9933,proposed
472,0.1736999999999999,0.9939,proposed
473,0.1581,0.9944,proposed
474,0.172,0.9946,proposed
475,0.1651,0.9935,proposed
476,0.1676999999999999,0.9943,proposed
477,0.1694,0.9942,proposed
478,0.1656999999999999,0.9943,proposed
479,0.1674,0.9935,proposed
480,0.1735999999999999,0.9941,proposed
481,0.1742,0.9943,proposed
482,0.1747999999999999,0.9942,proposed
483,0.1756999999999999,0.9944,proposed
484,0.1755999999999999,0.994,proposed
485,0.1767999999999999,0.9928,proposed
486,0.1828999999999999,0.9925,proposed
487,0.1827999999999999,0.9917,proposed
488,0.1868999999999999,0.9923,proposed
489,0.1772,0.9926,proposed
490,0.1884,0.9925,proposed
491,0.1845,0.9924,proposed
492,0.18,0.9924,proposed
493,0.176,0.9919,proposed
494,0.1747999999999999,0.9921,proposed
495,0.1858999999999999,0.9917,proposed
496,0.1781,0.9906,proposed
497,0.1746999999999999,0.9915,proposed
498,0.1814,0.9917,proposed
499,0.1755,0.992,proposed
500,0.1784,0.9913,proposed
501,0.0615,0.9344,proposed
502,0.0462,0.9913,proposed
503,0.0645999999999999,0.9482,proposed
504,0.0423999999999999,0.9925,proposed
505,0.0634,0.9499,proposed
506,0.0516999999999999,0.9911,proposed
507,0.0676,0.9564,proposed
508,0.049,0.9926,proposed
509,0.0631,0.975,proposed
510,0.0474999999999999,0.9904,proposed
511,0.0646999999999999,0.9796,proposed
512,0.0432,0.9882,proposed
513,0.0714,0.9816,proposed
514,0.0421,0.9888,proposed
515,0.0672,0.9837,proposed
516,0.0454999999999999,0.9887,proposed
517,0.0646999999999999,0.982,proposed
518,0.0456999999999999,0.9932,proposed
519,0.0702,0.9853,proposed
520,0.0524,0.9925,proposed
521,0.0699999999999999,0.9858,proposed
522,0.0517999999999999,0.9933,proposed
523,0.0611,0.9844,proposed
524,0.0615,0.995,proposed
525,0.0706999999999999,0.9844,proposed
526,0.0704,0.9962,proposed
527,0.0699999999999999,0.9828,proposed
528,0.1020999999999999,0.9965,proposed
529,0.0654,0.9835,proposed
530,0.1562,0.9971,proposed
531,0.0726,0.9836,proposed
532,0.2213,0.9991,proposed
533,0.0760999999999999,0.9835,proposed
534,0.2779,0.9991,proposed
535,0.0709999999999999,0.9796,proposed
536,0.3959,0.9976,proposed
537,0.0666999999999999,0.9833,proposed
538,0.4368999999999999,0.9977,proposed
539,0.0732,0.9953,proposed
540,0.4879,0.9829,proposed
541,0.0737999999999999,0.9878,proposed
542,0.5137,0.982,proposed
543,0.5365,0.9699,proposed
544,0.0716999999999999,0.9823,proposed
545,0.515,0.9832,proposed
546,0.0743,0.9818,proposed
547,0.5522,0.9758,proposed
548,0.0749999999999999,0.9825,proposed
549,0.5516,0.9716,proposed
550,0.0696999999999999,0.9821,proposed
551,0.0739999999999999,0.9824,proposed
552,0.5532,0.9816,proposed
553,0.0718999999999999,0.9794,proposed
554,0.4673,0.9856,proposed
555,0.0701,0.9797,proposed
556,0.4268999999999999,0.9969,proposed
557,0.0701,0.9787,proposed
558,0.4026999999999999,0.9857,proposed
559,0.0739999999999999,0.9788,proposed
560,0.3562999999999999,0.9962,proposed
561,0.0766,0.9783,proposed
562,0.3077999999999999,0.9884,proposed
563,0.2367,0.9822,proposed
564,0.0840999999999999,0.994,proposed
565,0.2248,0.9961,proposed
566,0.0804,0.9818,proposed
567,0.2130999999999999,0.9863,proposed
568,0.0862,0.9957,proposed
569,0.1846,0.9962,proposed
570,0.0961999999999999,0.9861,proposed
571,0.1895,0.9944,proposed
572,0.0918999999999999,0.984,proposed
573,0.1871,0.9961,proposed
574,0.0850999999999999,0.9869,proposed
575,0.2023,0.9962,proposed
576,0.0965,0.9914,proposed
577,0.2340999999999999,0.9961,proposed
578,0.0968999999999999,0.9861,proposed
579,0.1943,0.995,proposed
580,0.0894,0.9871,proposed
581,0.1661,0.9956,proposed
582,0.0879999999999999,0.9874,proposed
583,0.2098999999999999,0.9917,proposed
584,0.0936,0.9865,proposed
585,0.2175,0.9949,proposed
586,0.0998999999999999,0.9868,proposed
587,0.1751,0.9954,proposed
588,0.0880999999999999,0.9845,proposed
589,0.1899999999999999,0.9933,proposed
590,0.0886,0.9875,proposed
591,0.1928999999999999,0.9939,proposed
592,0.0936,0.9901,proposed
593,0.2241999999999999,0.9938,proposed
594,0.0854,0.9893,proposed
595,0.1935,0.9947,proposed
596,0.0895,0.9929,proposed
597,0.1955,0.9962,proposed
598,0.0923,0.9906,proposed
599,0.2452999999999999,0.9956,proposed
600,0.0767999999999999,0.9864,proposed
601,0.0815,0.9947,proposed
602,0.2220999999999999,0.9909,proposed
603,0.0799999999999999,0.9887,proposed
604,0.2029999999999999,0.9964,proposed
605,0.0802,0.987,proposed
606,0.1926,0.9956,proposed
607,0.2260999999999999,0.9952,proposed
608,0.0807,0.9871,proposed
609,0.0788999999999999,0.9822,proposed
610,0.2128999999999999,0.9952,proposed
611,0.3475,0.9829,proposed
612,0.0807999999999999,0.9954,proposed
613,0.0709999999999999,0.9874,proposed
614,0.2320999999999999,0.9943,proposed
615,0.2573,0.9969,proposed
616,0.0628999999999999,0.9857,proposed
617,0.2651,0.9954,proposed
618,0.0687999999999999,0.9862,proposed
619,0.1518,0.991,proposed
620,0.0605,0.9864,proposed
621,0.0551,0.985,proposed
622,0.1462999999999999,0.9879,proposed
623,0.0593,0.9893,proposed
624,0.1089999999999999,0.9669,proposed
625,0.0792,0.9868,proposed
626,0.0518999999999999,0.9222,proposed
627,0.0491,0.99,proposed
628,0.0618999999999999,0.6369,proposed
629,0.0394999999999999,0.9863,proposed
630,0.0291,0.6868000000000001,proposed
631,0.0375999999999999,0.9857,proposed
632,0.0254999999999999,0.4214,proposed
633,0.0201999999999999,0.4424,proposed
634,0.0384999999999999,0.9874,proposed
635,0.025,0.4071,proposed
636,0.0209,0.9898,proposed
637,0.0135999999999999,0.2204,proposed
638,0.02,0.9888,proposed
639,0.0183999999999999,0.1806999999999999,proposed
640,0.0087,0.9728,proposed
641,0.0090999999999999,0.4246,proposed
642,0.0128,0.8681,proposed
643,0.0049,0.4073,proposed
644,0.0121999999999999,0.9851,proposed
645,0.0143999999999999,0.2065,proposed
646,0.0093999999999999,0.9753,proposed
647,0.0131,0.17,proposed
648,0.0098,0.4726,proposed
649,0.0099,0.3438,proposed
650,0.0068,0.429,proposed
651,0.0137,0.4391,proposed
652,0.0071999999999999,0.5352,proposed
653,0.0144999999999999,0.3676,proposed
654,0.0069,0.4014,proposed
655,0.0158,0.4296,proposed
656,0.0063999999999999,0.2327,proposed
657,0.0152999999999999,0.4347,proposed
658,0.006,0.2602,proposed
659,0.0201999999999999,0.5595,proposed
660,0.0067,0.3443,proposed
661,0.0476999999999999,0.6598999999999999,proposed
662,0.0063999999999999,0.2825999999999999,proposed
663,0.0627999999999999,0.6933,proposed
664,0.0067,0.4770999999999999,proposed
665,0.0665999999999999,0.8192,proposed
666,0.0062999999999999,0.4235,proposed
667,0.0904,0.96,proposed
668,0.0058,0.536,proposed
669,0.1143999999999999,0.9886,proposed
670,0.0062999999999999,0.4952999999999999,proposed
671,0.1627999999999999,0.994,proposed
672,0.0056,0.7583,proposed
673,0.138,0.9965,proposed
674,0.0067,0.8048,proposed
675,0.0064999999999999,0.995,proposed
676,0.1881,0.8873,proposed
677,0.2000999999999999,0.9949,proposed
678,0.0066,0.4568,proposed
679,0.166,0.9936,proposed
680,0.0059,0.9253,proposed
681,0.1649,0.9955,proposed
682,0.0060999999999999,0.943,proposed
683,0.1948999999999999,0.996,proposed
684,0.006,0.4788,proposed
685,0.2082,0.9948,proposed
686,0.0064999999999999,0.8928,proposed
687,0.1871,0.9964,proposed
688,0.0063999999999999,0.7465999999999999,proposed
689,0.2046,0.9956,proposed
690,0.006,0.8996,proposed
691,0.1716999999999999,0.9947,proposed
692,0.0061999999999999,0.8938,proposed
693,0.2128,0.9954,proposed
694,0.0059,0.906,proposed
695,0.2136,0.9951,proposed
696,0.0060999999999999,0.4538999999999999,proposed
697,0.0060999999999999,0.9953,proposed
698,0.1951,0.7054,proposed
699,0.006,0.9949,proposed
700,0.2370999999999999,0.5972999999999999,proposed
701,0.0060999999999999,0.9964,proposed
702,0.2137,0.4121,proposed
703,0.2426,0.9959,proposed
704,0.0059,0.4738,proposed
705,0.0060999999999999,0.9964,proposed
706,0.2426,0.4437,proposed
707,0.3151,0.9969,proposed
708,0.0062999999999999,0.3949,proposed
709,0.3163,0.9971,proposed
710,0.0068,0.3629,proposed
711,0.3763999999999999,1.0,proposed
712,0.0702,0.9998,proposed
713,0.3998,1.0,proposed
714,0.1242999999999999,0.9848,proposed
715,0.3602999999999999,1.0,proposed
716,0.0755,0.5177,proposed
717,0.3478,1.0,proposed
718,0.1505999999999999,0.2659,proposed
719,0.3669,0.9998,proposed
720,0.0715,1.0,proposed
721,0.362,1.0,proposed
722,0.1667999999999999,0.8924,proposed
723,0.368,1.0,proposed
724,0.0737999999999999,0.9998,proposed
725,0.3403,1.0,proposed
726,0.0654,0.6101,proposed
727,0.3774999999999999,0.354,baseline
728,0.0718999999999999,1.0,proposed
729,0.3561999999999999,1.0,proposed
730,0.1534999999999999,0.2504999999999999,proposed
731,0.3794999999999999,1.0,proposed
732,0.0914,0.9998,proposed
733,0.3608,0.9998,proposed
734,0.0915,1.0,proposed
735,0.3898,1.0,proposed
736,0.0959999999999999,0.5402,proposed
737,0.3711,0.4564,proposed
738,0.1471,1.0,proposed
739,0.3861,1.0,proposed
740,0.1102999999999999,0.6299,proposed
741,0.3656,1.0,proposed
742,0.1535999999999999,0.6061000000000001,proposed
743,0.3695,1.0,proposed
744,0.1072999999999999,0.2262999999999999,proposed
745,0.3891,1.0,proposed
746,0.0968999999999999,0.9998,proposed
747,0.3891,0.4593,proposed
748,0.1128,1.0,proposed
749,0.3619,1.0,proposed
750,0.1501,0.3178999999999999,proposed
751,0.376,1.0,proposed
752,0.1228,0.3824999999999999,proposed
753,0.3756,1.0,proposed
754,0.0794,0.6779,proposed
755,0.3697,1.0,proposed
756,0.0764,0.4946,proposed
757,0.3624,1.0,proposed
758,0.1297,0.3471999999999999,proposed
759,0.3778,0.9998,proposed
760,0.0617999999999999,1.0,proposed
761,0.3508,1.0,proposed
762,0.0898999999999999,0.2265,proposed
763,0.3738,1.0,proposed
764,0.0908999999999999,0.9998,proposed
765,0.3646,1.0,proposed
766,0.0867,0.286,proposed
767,0.3947,1.0,proposed
768,0.1422,0.92,proposed
769,0.3695,1.0,proposed
770,0.1177,0.9766,proposed
771,0.383,1.0,proposed
772,0.0785,0.9854,proposed
773,0.3565,1.0,proposed
774,0.0736,0.6246,proposed
775,0.3827,0.9985,proposed
776,0.0592,0.7312000000000001,proposed
777,0.4041,1.0,proposed
778,0.0576999999999999,0.8351999999999999,proposed
779,0.379,0.9259,proposed
780,0.0535999999999999,1.0,proposed
781,0.0532,1.0,proposed
782,0.3679,0.8921,proposed
783,0.3535,1.0,proposed
784,0.0383999999999999,0.8164,proposed
785,0.0435999999999999,1.0,proposed
786,0.362,0.8915,proposed
787,0.3574,1.0,proposed
788,0.0353,0.9426,proposed
789,0.3701,0.857,proposed
790,0.04,1.0,proposed
791,0.3596,1.0,proposed
792,0.0423999999999999,0.9352,proposed
793,0.3722,1.0,proposed
794,0.0524,0.9702,proposed
795,0.3455,1.0,proposed
796,0.0605,0.9648,proposed
797,0.3559,1.0,proposed
798,0.0491,0.9942,proposed
799,0.3831,1.0,proposed
800,0.0494,0.9952,proposed
801,0.3753999999999999,1.0,proposed
802,0.055,0.9921,proposed
803,0.3739,1.0,proposed
804,0.0721,0.992,proposed
805,0.3645,1.0,proposed
806,0.0722,0.9944,proposed
807,0.3589,0.9879,proposed
808,0.0727999999999999,1.0,proposed
809,0.3657,0.9896,proposed
810,0.0508999999999999,1.0,proposed
811,0.0677999999999999,0.9963,proposed
812,0.368,1.0,proposed
813,0.3826,0.9837,proposed
814,0.0445999999999999,1.0,proposed
815,0.3627,0.9805,proposed
816,0.0632,1.0,proposed
817,0.3669,0.986,proposed
818,0.0494999999999999,1.0,proposed
819,0.3851,0.9935,proposed
820,0.0696999999999999,1.0,proposed
821,0.3691,0.9941,proposed
822,0.0694,1.0,proposed
823,0.3686,0.7827,proposed
824,0.0544,1.0,proposed
825,0.3582999999999999,0.9134,proposed
826,0.0374999999999999,1.0,proposed
827,0.3768,1.0,proposed
828,0.0741,0.9359,proposed
829,0.3615,0.8962,proposed
830,0.0401,1.0,proposed
831,0.3671999999999999,0.8992,proposed
832,0.0512,1.0,proposed
833,0.0613,1.0,proposed
834,0.3658,0.9203,proposed
835,0.3631999999999999,1.0,proposed
836,0.0554,0.8099000000000001,proposed
837,0.3753999999999999,0.6625,proposed
838,0.0645,1.0,proposed
839,0.0797999999999999,1.0,proposed
840,0.3909,0.4499999999999999,proposed
841,0.0623,1.0,proposed
842,0.3823,0.5161,proposed
843,0.0608999999999999,0.5637,proposed
844,0.3611,1.0,proposed
845,0.0612,0.5785,proposed
846,0.3673999999999999,1.0,proposed
847,0.3709,0.5091,proposed
848,0.0603,1.0,proposed
849,0.3771,0.6093,proposed
850,0.0601,1.0,proposed
851,0.3756,0.4767,proposed
852,0.0592,1.0,proposed
853,0.357,1.0,proposed
854,0.0572,0.2946,proposed
855,0.3853,1.0,proposed
856,0.0561,0.9998,proposed
857,0.3728,1.0,proposed
858,0.0455999999999999,0.165,proposed
859,0.3767,0.1356,baseline
860,0.0596999999999999,1.0,proposed
861,0.3762,1.0,proposed
862,0.0608999999999999,0.1594999999999999,proposed
863,0.3902,1.0,proposed
864,0.0441,0.5208999999999999,proposed
865,0.3578,1.0,proposed
866,0.0464,0.5855,proposed
867,0.383,0.9999,proposed
868,0.0489,1.0,proposed
869,0.3784999999999999,1.0,proposed
870,0.0508999999999999,0.6556,proposed
871,0.3669,1.0,proposed
872,0.0643,0.6396,proposed
873,0.3806,0.7248,proposed
874,0.0697999999999999,1.0,proposed
875,0.3578,1.0,proposed
876,0.0679999999999999,0.4125999999999999,proposed
877,0.3871,0.9999,proposed
878,0.0667999999999999,1.0,proposed
879,0.3741,1.0,proposed
880,0.0648999999999999,0.9999,proposed
881,0.3615,1.0,proposed
882,0.0741,0.9999,proposed
883,0.3669,1.0,proposed
884,0.0695,0.9999,proposed
885,0.0959999999999999,1.0,proposed
886,0.3708,0.9999,proposed
887,0.0643,0.9999,proposed
888,0.3745,1.0,proposed
889,0.399,1.0,proposed
890,0.0683,0.9999,proposed
891,0.3748,1.0,proposed
892,0.0689999999999999,0.9999,proposed
893,0.3752,1.0,proposed
894,0.0966,0.9999,proposed
895,0.391,1.0,proposed
896,0.0673,0.9999,proposed
897,0.0638999999999999,1.0,proposed
898,0.3752,0.9999,proposed
899,0.3878,1.0,proposed
900,0.0698999999999999,0.9999,proposed
901,0.0743,0.2034,proposed
902,0.3646,1.0,proposed
903,0.379,0.2534999999999999,baseline
904,0.0603,1.0,proposed
905,0.3687,0.9999,proposed
906,0.0776,1.0,proposed
907,0.3864999999999999,1.0,proposed
908,0.0736999999999999,0.9999,proposed
909,0.3837,1.0,proposed
910,0.1209,0.9999,proposed
911,0.3591,1.0,proposed
912,0.0788999999999999,0.9999,proposed
913,0.388,1.0,proposed
914,0.0897999999999999,0.9999,proposed
915,0.3841,1.0,proposed
916,0.0611,0.9999,proposed
917,0.3979,1.0,proposed
918,0.0724,0.9999,proposed
919,0.3843999999999999,0.6602,proposed
920,0.0886,1.0,proposed
921,0.3612999999999999,1.0,proposed
922,0.1010999999999999,0.6266,proposed
923,0.9992,0.0011999999999999,baseline
924,0.166,0.9579,proposed
925,0.9993,0.0013999999999999,baseline
926,0.1452999999999999,0.9547,proposed
927,0.9992,0.0013999999999999,baseline
928,0.1936,0.9579,proposed
929,0.9992,0.0012999999999999,baseline
930,0.1806999999999999,0.9524,proposed
931,0.9992,0.0012999999999999,baseline
932,0.1902,0.9555,proposed
933,0.2256,0.0013999999999999,baseline
934,0.9993,0.9559,baseline
935,0.999,0.0013999999999999,baseline
936,0.1959999999999999,0.9536,proposed
937,0.9993,0.0011999999999999,baseline
938,0.1664999999999999,0.9512,proposed
939,0.9993,0.0012999999999999,baseline
940,0.18,0.9504,proposed
941,0.9992,0.0012999999999999,baseline
942,0.2173,0.955,proposed
943,0.9992,0.0011999999999999,baseline
944,0.1758999999999999,0.9505,proposed
945,0.999,0.0010999999999999,baseline
946,0.2135,0.9498,proposed
947,0.9993,0.0010999999999999,baseline
948,0.1917999999999999,0.9515,proposed
949,0.9992,0.0011999999999999,baseline
950,0.2391999999999999,0.9483,proposed
951,0.9993,0.0010999999999999,baseline
952,0.1833,0.9485,proposed
953,0.9993,0.0011999999999999,baseline
954,0.1884,0.9576,proposed
955,0.9993,0.0011999999999999,baseline
956,0.1913,0.9554,proposed
957,0.9992,0.0010999999999999,baseline
958,0.1553999999999999,0.9538,proposed
959,0.9993,0.0011999999999999,baseline
960,0.2250999999999999,0.9539,proposed
961,0.9993,0.0011999999999999,baseline
962,0.1574999999999999,0.9583,proposed
963,0.9993,0.0011999999999999,baseline
964,0.1725999999999999,0.9381,proposed
965,0.9992,0.0011999999999999,baseline
966,0.2108999999999999,0.9517,proposed
967,0.9993,0.0011999999999999,baseline
968,0.1673,0.9536,proposed
969,0.9992,0.0013999999999999,baseline
970,0.1742,0.9545,proposed
971,0.9992,0.0012999999999999,baseline
972,0.2261999999999999,0.9611,proposed
973,0.9992,0.0012999999999999,baseline
974,0.2057,0.954,proposed
975,0.9993,0.0012999999999999,baseline
976,0.1609,0.9568,proposed
977,0.9993,0.0012999999999999,baseline
978,0.1713,0.9594,proposed
979,0.9992,0.0012999999999999,baseline
980,0.1508,0.9602,proposed
981,0.9993,0.0011999999999999,baseline
982,0.1692,0.9549,proposed
983,0.9993,0.0011999999999999,baseline
984,0.2143,0.9529,proposed
985,0.0057,0.003,baseline
986,0.8275,0.0013999999999999,baseline
987,0.866,0.0038,baseline
988,0.0054999999999999,0.0014999999999999,baseline
989,0.8213,0.004,baseline
990,0.0054999999999999,0.0016,baseline
991,0.8794,0.0031999999999999,baseline
992,0.0052999999999999,0.0013999999999999,baseline
993,0.8,0.0041999999999999,baseline
994,0.0056,0.0014999999999999,baseline
995,0.8160000000000001,0.0041999999999999,baseline
996,0.0044999999999999,0.0019,baseline
997,0.8625,0.0037,baseline
998,0.0049,0.002,baseline
999,0.8717,0.0036,baseline
1000,0.0046,0.0021999999999999,baseline
1001,0.8348,0.0038,baseline
1002,0.005,0.0020999999999999,baseline
1003,0.8585,0.0038,baseline
1004,0.006,0.002,baseline
1005,0.8929,0.0038,baseline
1006,0.0042999999999999,0.0016,baseline
1007,0.8689,0.004,baseline
1008,0.0069,0.0019,baseline
1009,0.876,0.0043999999999999,baseline
1010,0.005,0.0021999999999999,baseline
1011,0.8966,0.0038,baseline
1012,0.0054999999999999,0.0018,baseline
1013,0.867,0.0034999999999999,baseline
1014,0.0044999999999999,0.0017,baseline
1015,0.8612,0.0041999999999999,baseline
1016,0.005,0.0021999999999999,baseline
1017,0.8767,0.0041999999999999,baseline
1018,0.0046,0.002,baseline
1019,0.8283,0.0040999999999999,baseline
1020,0.0044999999999999,0.002,baseline
1021,0.8559,0.0037,baseline
1022,0.0047,0.0019,baseline
1023,0.8567,0.0041999999999999,baseline
1024,0.0043999999999999,0.0019,baseline
1025,0.851,0.004,baseline
1026,0.0046,0.0019,baseline
1027,0.8891,0.0039,baseline
1028,0.0046,0.0018,baseline
1029,0.8688,0.0037,baseline
1030,0.0046,0.0017,baseline
1031,0.8545,0.0036,baseline
1032,0.0043999999999999,0.0018,baseline
1033,0.8873,0.0037,baseline
1034,0.0052999999999999,0.0017,baseline
1035,0.8676,0.0030999999999999,baseline
1036,0.0049,0.0017,baseline
1037,0.854,0.0031999999999999,baseline
1038,0.0054999999999999,0.0014999999999999,baseline
1039,0.8572,0.0040999999999999,baseline
1040,0.0056,0.0014999999999999,baseline
1041,0.8479,0.0040999999999999,baseline
1042,0.0044999999999999,0.0013999999999999,baseline
1043,0.7908999999999999,0.0046,baseline
1044,0.0052999999999999,0.0013999999999999,baseline
1045,0.8099000000000001,0.0048,baseline
1046,0.0042999999999999,0.002,baseline
1047,0.8129,0.0038,baseline
1048,0.0050999999999999,0.0013999999999999,baseline
1049,0.8681,0.0038,baseline
1050,0.0047,0.0020999999999999,baseline
1051,0.8516,0.0040999999999999,baseline
1052,0.0051999999999999,0.0020999999999999,baseline
1053,0.8585,0.0043999999999999,baseline
1054,0.0050999999999999,0.0014999999999999,baseline
1055,0.8573999999999999,0.0043999999999999,baseline
1056,0.0051999999999999,0.0014999999999999,baseline
1057,0.8351,0.0043999999999999,baseline
1058,0.0049,0.0016,baseline
1059,0.8799,0.0037,baseline
1060,0.0048,0.002,baseline
1061,0.8762,0.0042999999999999,baseline
1062,0.0061999999999999,0.0016,baseline
1063,0.8328,0.0037,baseline
1064,0.0039,0.0017,baseline
1065,0.8302,0.0043999999999999,baseline
1066,0.005,0.0019,baseline
1067,0.8737,0.0037,baseline
1068,0.0044999999999999,0.002,baseline
1069,0.8459,0.0042999999999999,baseline
1070,0.0053999999999999,0.0018,baseline
1071,0.849,0.0041999999999999,baseline
1072,0.0040999999999999,0.0020999999999999,baseline
1073,0.8682,0.0037,baseline
1074,0.0046,0.0020999999999999,baseline
1075,0.8362,0.0040999999999999,baseline
1076,0.004,0.0017,baseline
1077,0.8578,0.0038,baseline
1078,0.0046,0.002,baseline
1079,0.8528,0.0042999999999999,baseline
1080,0.0052999999999999,0.0017,baseline
1081,0.8369,0.0032999999999999,baseline
1082,0.0048,0.0017,baseline
1083,0.8988,0.0039,baseline
1084,0.0041999999999999,0.0017,baseline
1085,0.8429,0.0040999999999999,baseline
1086,0.0047,0.0016,baseline
1087,0.8328,0.0032999999999999,baseline
1088,0.0056,0.0016,baseline
1089,0.8774,0.0041999999999999,baseline
1090,0.005,0.0014999999999999,baseline
1091,0.8375,0.004,baseline
1092,0.0059,0.0018,baseline
1093,0.8401000000000001,0.0036,baseline
1094,0.0053999999999999,0.0013999999999999,baseline
1095,0.8354,0.004,baseline
1096,0.0052999999999999,0.0014999999999999,baseline
1097,0.8385,0.0040999999999999,baseline
1098,0.0057,0.0014999999999999,baseline
1099,0.8372999999999999,0.0039,baseline
1100,0.005,0.0016,baseline
1101,0.835,0.0038,baseline
1102,0.0059,0.0020999999999999,baseline
1103,0.8568,0.0040999999999999,baseline
1104,0.0039,0.0014999999999999,baseline
1105,0.8047,0.0043999999999999,baseline
1106,0.0056,0.0017,baseline
1107,0.8280000000000001,0.0042999999999999,baseline
1108,0.0047,0.0017,baseline
1109,0.8197,0.0042999999999999,baseline
1110,0.0049,0.0017,baseline
1111,0.8734,0.0044999999999999,baseline
1112,0.0054999999999999,0.0020999999999999,baseline
1113,0.8867,0.0042999999999999,baseline
1114,0.005,0.0016,baseline
1115,0.8723,0.0040999999999999,baseline
1116,0.0040999999999999,0.002,baseline
1117,0.8599,0.0046,baseline
1118,0.0048,0.0019,baseline
1119,0.8629,0.0034999999999999,baseline
1120,0.0046,0.0019,baseline
1121,0.8351,0.0041999999999999,baseline
1122,0.0050999999999999,0.0019,baseline
1123,0.9207,0.0042999999999999,baseline
1124,0.0044999999999999,0.0019,baseline
1125,0.907,0.0037,baseline
1126,0.0046,0.0019,baseline
1127,0.8698,0.0042999999999999,baseline
1128,0.0047,0.0018,baseline
1129,0.8472999999999999,0.0039,baseline
1130,0.0058,0.0018,baseline
1131,0.8535,0.004,baseline
1132,0.0049,0.0018,baseline
1133,0.8105,0.0033999999999999,baseline
1134,0.0049,0.0018,baseline
1135,0.8662,0.004,baseline
1136,0.0052999999999999,0.0017,baseline
1137,0.2315,0.9941,proposed
1138,0.9505,0.952,proposed
1139,0.2289999999999999,0.9939,proposed
1140,0.9466,0.9564,proposed
1141,0.2243,0.9934,proposed
1142,0.9288,0.959,proposed
1143,0.2118999999999999,0.9933,proposed
1144,0.9367,0.9544,proposed
1145,0.2171999999999999,0.9938,proposed
1146,0.93,0.9527,proposed
1147,0.2116,0.9943,proposed
1148,0.9348,0.9564,proposed
1149,0.2145,0.9938,proposed
1150,0.9287,0.9511,proposed
1151,0.2280999999999999,0.9936,proposed
1152,0.9476,0.9561,proposed
1153,0.2269,0.9941,proposed
1154,0.9338,0.9565,proposed
1155,0.2216,0.9934,proposed
1156,0.9488,0.9574,proposed
1157,0.2289999999999999,0.9935,proposed
1158,0.9248,0.9551,proposed
1159,0.2266,0.9939,proposed
1160,0.9423,0.9551,proposed
1161,0.2282999999999999,0.9938,proposed
1162,0.9356,0.9559,proposed
1163,0.2262999999999999,0.9937,proposed
1164,0.8983,0.9559,proposed
1165,0.2271999999999999,0.9939,proposed
1166,0.8625,0.9509,proposed
1167,0.2196,0.9938,proposed
1168,0.8897,0.9531,proposed
1169,0.2211999999999999,0.9938,proposed
1170,0.8854,0.9469,proposed
1171,0.2191999999999999,0.9938,proposed
1172,0.9043,0.9411,proposed
1173,0.2262999999999999,0.9942,proposed
1174,0.9164,0.9385,proposed
1175,0.2250999999999999,0.9941,proposed
1176,0.9085,0.9619,proposed
1177,0.2223,0.9938,proposed
1178,0.9283,0.9822,proposed
1179,0.2223,0.9937,proposed
1180,0.9267,0.9749,proposed
1181,0.2425,0.9935,proposed
1182,0.918,0.9709,proposed
1183,0.2347,0.9942,proposed
1184,0.9486,0.9849,proposed
1185,0.2281999999999999,0.9938,proposed
1186,0.9742,0.9919,proposed
1187,0.2324,0.9938,proposed
1188,0.9691,0.9946,proposed
1189,0.2312999999999999,0.9939,proposed
1190,0.9674,0.9951,proposed
1191,0.2299999999999999,0.994,proposed
1192,0.9642,0.9948,proposed
1193,0.2231999999999999,0.9938,proposed
1194,0.9708,0.9939,proposed
1195,0.2295,0.9937,proposed
1196,0.963,0.9925,proposed
1197,0.2265,0.9942,proposed
1198,0.9531,0.9782,proposed
1199,0.2203,0.994,proposed
1200,0.9487,0.9844,proposed
1201,0.2362999999999999,0.9943,proposed
1202,0.967,0.9845,proposed
1203,0.2234,0.9937,proposed
1204,0.962,0.9726,proposed
1205,0.2311999999999999,0.9934,proposed
1206,0.9739,0.9621,baseline
1207,0.2203,0.9942,proposed
1208,0.972,0.9721,proposed
1209,0.2398,0.9938,proposed
1210,0.9659,0.9733,proposed
1211,0.2329,0.9935,proposed
1212,0.9675,0.9835,proposed
1213,0.2331999999999999,0.9942,proposed
1214,0.9667,0.9595,baseline
1215,0.2205,0.9941,proposed
1216,0.9678,0.971,proposed
1217,0.2227,0.9938,proposed
1218,0.9618,0.9506,baseline
1219,0.2255,0.9942,proposed
1220,0.9751,0.9654,baseline
1221,0.2096,0.9939,proposed
1222,0.9576,0.9492,baseline
1223,0.2149999999999999,0.9936,proposed
1224,0.9674,0.9518,baseline
1225,0.2124,0.9939,proposed
1226,0.9712,0.9579,baseline
1227,0.2200999999999999,0.994,proposed
1228,0.9711,0.9646,baseline
1229,0.2097,0.9935,proposed
1230,0.9687,0.9477,baseline
1231,0.2135,0.9937,proposed
1232,0.9715,0.9673,baseline
1233,0.2396,0.9942,proposed
1234,0.96,0.946,baseline
1235,0.2044,0.9943,proposed
1236,0.9708,0.9673,baseline
1237,0.2302999999999999,0.9944,proposed
1238,0.96,0.9536,baseline
1239,0.2206,0.9942,proposed
1240,0.9619,0.9792,proposed
1241,0.2266,0.9946,proposed
1242,0.953,0.9699,proposed
1243,0.2392999999999999,0.9943,proposed
1244,0.9584,0.9719,proposed
1245,0.2257,0.994,proposed
1246,0.9721,0.9633,baseline
1247,0.2185,0.9944,proposed
1248,0.9653,0.9765,proposed
1249,0.2089999999999999,0.9944,proposed
1250,0.9718,0.9567,baseline
1251,0.2180999999999999,0.994,proposed
1252,0.9629,0.9738,proposed
1253,0.2379,0.9944,proposed
1254,0.9673,0.9431,baseline
1255,0.2351999999999999,0.9943,proposed
1256,0.9625,0.947,baseline
1257,0.2339999999999999,0.9943,proposed
1258,0.9467,0.9398,baseline
1259,0.2479,0.9943,proposed
1260,0.9398,0.9441,proposed
1261,0.2355,0.9939,proposed
1262,0.9383,0.9426,proposed
1263,0.2243,0.9944,proposed
1264,0.9124,0.9415,proposed
1265,0.2395,0.9942,proposed
1266,0.9095,0.9428,proposed
1267,0.2381999999999999,0.994,proposed
1268,0.9507,0.942,baseline
1269,0.2457,0.9941,proposed
1270,0.9486,0.9412,baseline
1271,0.2382999999999999,0.9943,proposed
1272,0.9529,0.9455,baseline
1273,0.2451999999999999,0.9943,proposed
1274,0.9533,0.9431,baseline
1275,0.243,0.9943,proposed
1276,0.9433,0.9408,baseline
1277,0.242,0.9943,proposed
1278,0.9394,0.9384,baseline
1279,0.2531,0.9945,proposed
1280,0.9332,0.941,proposed
1281,0.2378,0.9942,proposed
1282,0.9407,0.939,baseline
1283,0.2408,0.994,proposed
1284,0.9521,0.9405,baseline
1285,0.2433999999999999,0.9938,proposed
1286,0.9445,0.9423,baseline
1287,0.2382999999999999,0.9942,proposed
1288,0.953,0.9377,baseline
1289,0.2351999999999999,0.9944,proposed
1290,0.9249,0.9404,proposed
1291,0.2319999999999999,0.9942,proposed
1292,0.9323,0.9448,proposed
1293,0.2433999999999999,0.9939,proposed
1294,0.9455,0.9431,baseline
1295,0.2367,0.9936,proposed
1296,0.9537,0.9386,baseline
1297,0.2477,0.9938,proposed
1298,0.9393,0.9454,proposed
1299,0.2431999999999999,0.9941,proposed
1300,0.943,0.9434,proposed
1301,0.2339,0.9941,proposed
1302,0.9099,0.9516,proposed
1303,0.2509,0.994,proposed
1304,0.9461,0.967,proposed
1305,0.2421999999999999,0.9936,proposed
1306,0.9456,0.9498,proposed
1307,0.2455,0.9935,proposed
1308,0.9406,0.9455,proposed
1309,0.2185,0.9943,proposed
1310,0.9314,0.9437,proposed
1311,0.2194,0.9941,proposed
1312,0.9287,0.9451,proposed
1313,0.2178999999999999,0.9942,proposed
1314,0.9413,0.9689,proposed
1315,0.2358,0.994,proposed
1316,0.9033,0.978,proposed
1317,0.2576,0.9943,proposed
1318,0.9413,0.9707,proposed
1319,0.249,0.9935,proposed
1320,0.942,0.9689,proposed
1321,0.2682,0.994,proposed
1322,0.9469,0.9847,proposed
1323,0.0935,1.0,proposed
1324,0.9204,0.9999,proposed
1325,0.1871,0.4422,proposed
1326,0.9283,1.0,proposed
1327,0.0949999999999999,0.7057,proposed
1328,0.9838,0.9999,proposed
1329,0.1451,1.0,proposed
1330,0.9152,0.6115999999999999,baseline
1331,0.0808999999999999,0.7118,proposed
1332,0.9848,0.9999,proposed
1333,0.1802,0.9696,proposed
1334,0.9314,0.971,proposed
1335,0.2070999999999999,0.7035,proposed
1336,0.9764,0.9999,proposed
1337,0.1977,1.0,proposed
1338,0.9262,0.9933,proposed
1339,0.4371,0.6982999999999999,proposed
1340,0.9443,0.9999,proposed
1341,0.1864,0.9272,proposed
1342,0.9081,0.9909,proposed
1343,0.0764,0.708,proposed
1344,0.9745,0.9999,proposed
1345,0.2014,0.9966,proposed
1346,0.9563,0.7044,baseline
1347,0.1130999999999999,0.7076,proposed
1348,0.9615,0.9999,proposed
1349,0.1664999999999999,1.0,proposed
1350,0.9677,0.9753,proposed
1351,0.1256,0.7222999999999999,proposed
1352,0.9676,0.9999,proposed
1353,0.1876999999999999,1.0,proposed
1354,0.9663,0.6684,baseline
1355,0.2126,0.7076,proposed
1356,0.9737,0.9999,proposed
1357,0.1582,1.0,proposed
1358,0.9695,0.7076,baseline
1359,0.0941999999999999,0.9999,proposed
1360,0.9849,1.0,proposed
1361,0.2249999999999999,0.9935,proposed
1362,0.9255,0.7132000000000001,baseline
1363,0.1088,0.9999,proposed
1364,0.9653,0.9399,baseline
1365,0.9132,0.7141,baseline
1366,0.1866999999999999,0.9999,proposed
1367,0.0784,0.9646,proposed
1368,0.9669,0.6626000000000001,baseline
1369,0.9551,0.7132000000000001,baseline
1370,0.1962,0.9999,proposed
1371,0.0687999999999999,0.9738,proposed
1372,0.9388,0.6608,baseline
1373,0.1804,0.7096,proposed
1374,0.9258,0.9999,proposed
1375,0.0848999999999999,0.9757,proposed
1376,0.963,0.9726,proposed
1377,0.1837999999999999,0.7150000000000001,proposed
1378,0.9326,0.9999,proposed
1379,0.2234,0.9615,proposed
1380,0.941,0.9936,proposed
1381,0.1909999999999999,0.7079,proposed
1382,0.9735,0.9999,proposed
1383,0.2141999999999999,0.965,proposed
1384,0.9323,0.9642,proposed
1385,0.2118999999999999,0.9999,proposed
1386,0.9647,0.4476,baseline
1387,0.7924,0.9989,proposed
1388,0.9629,0.9654,proposed
1389,0.158,0.4445,proposed
1390,0.9047,0.9999,proposed
1391,0.9554,1.0,proposed
1392,0.9508,0.9901,proposed
1393,0.1623,0.7102999999999999,proposed
1394,0.9294,0.9999,proposed
1395,0.1891,0.9996,proposed
1396,0.9632,0.9921,proposed
1397,0.1796999999999999,0.9999,proposed
1398,0.9049,0.4452,baseline
1399,0.255,0.9717,proposed
1400,0.9544,0.9915,proposed
1401,0.1982,0.9999,proposed
1402,0.9566,0.4503,baseline
1403,0.5234,1.0,proposed
1404,0.9718,0.683,baseline
1405,0.1687999999999999,0.9999,proposed
1406,0.9245,0.7054,baseline
1407,0.1347,1.0,proposed
1408,0.9586,0.6561,baseline
1409,0.9179,0.9999,proposed
1410,0.2024,0.4606,proposed
1411,0.1622,1.0,proposed
1412,0.9647,0.9833,proposed
1413,0.175,0.9999,proposed
1414,0.9281,0.4471,baseline
1415,0.0832,1.0,proposed
1416,0.9674,0.9909,proposed
1417,0.2087,0.4597,proposed
1418,0.9624,0.9999,proposed
1419,0.2408,1.0,proposed
1420,0.9063,0.7045,baseline
1421,0.1815,0.4579,proposed
1422,0.9563,0.9999,proposed
1423,0.1852,1.0,proposed
1424,0.9413,0.9915,proposed
1425,0.2563999999999999,0.4548999999999999,proposed
1426,0.9449,0.9999,proposed
1427,0.2403999999999999,0.9223,proposed
1428,0.963,0.4412,baseline
1429,0.2367,0.9999,proposed
1430,0.9725,1.0,proposed
1431,0.1319,0.6756,proposed
1432,0.988,0.9999,proposed
1433,0.2534999999999999,1.0,proposed
1434,0.9298,0.9916,proposed
1435,0.7977,0.4392,baseline
1436,0.8472999999999999,0.9999,proposed
1437,0.1943,0.9964,proposed
1438,0.8864,0.9727,proposed
1439,0.0858999999999999,0.4372,proposed
1440,0.8628,0.9999,proposed
1441,0.9538,0.9982,proposed
1442,0.1515999999999999,0.6877,proposed
1443,0.3766,0.4411,proposed
1444,0.9746,0.9999,proposed
1445,0.1856,0.9999,proposed
1446,0.9638,0.7187,baseline
1447,0.6139,0.4411,baseline
1448,0.8984,0.9999,proposed
1449,0.1519,0.9993,proposed
1450,0.9583,0.6814,baseline
1451,0.1898999999999999,0.4382,proposed
1452,0.9272,0.9999,proposed
1453,0.1662,0.9716,proposed
1454,0.9414,0.7036,baseline
1455,0.2264,0.4474,proposed
1456,0.8875,0.9999,proposed
1457,0.9556,1.0,proposed
1458,0.1633,0.4520999999999999,proposed
1459,0.6813,0.9999,proposed
1460,0.1317,1.0,proposed
1461,0.9256,0.4318999999999999,baseline
1462,0.1585999999999999,0.9999,proposed
1463,0.7491,0.9884,proposed
1464,0.1473999999999999,0.4489999999999999,proposed
1465,0.1474999999999999,0.9999,proposed
1466,0.9271,1.0,proposed
1467,0.7515000000000001,0.4487,baseline
1468,0.0948999999999999,0.9999,proposed
1469,0.92,0.9965,proposed
1470,0.1581,0.9916,proposed
1471,0.7625,0.4435,baseline
1472,0.0721,0.9999,proposed
1473,0.164,0.9977,proposed
1474,0.9156,0.9712,proposed
1475,0.7155,0.4337999999999999,baseline
1476,0.0731,0.9999,proposed
1477,0.1673,0.9763,proposed
1478,0.9032,0.9734,proposed
1479,0.7836,0.4303,baseline
1480,0.0777999999999999,0.9999,proposed
1481,0.1689,0.9691,proposed
1482,0.9075,0.9631,proposed
1483,0.7825,0.4322,baseline
1484,0.0750999999999999,0.9999,proposed
1485,0.2000999999999999,1.0,proposed
1486,0.9027,0.4336,baseline
1487,0.6756,0.9999,proposed
1488,0.0955,1.0,proposed
1489,0.2279,0.4312,proposed
1490,0.8948,0.9999,proposed
1491,0.6005,1.0,proposed
1492,0.1262999999999999,0.4351,proposed
1493,0.2488,0.9999,proposed
1494,0.893,1.0,proposed
1495,0.484,0.9626,proposed
1496,0.0844,0.4358999999999999,proposed
1497,0.2465,0.9999,proposed
1498,0.9121,0.9976,proposed
1499,0.6127,0.9665,proposed
1500,0.1206,0.4306,proposed
1501,0.1952,0.9999,proposed
1502,0.9312,1.0,proposed
1503,0.5104,0.4343,baseline
1504,0.0723,0.9999,proposed
1505,0.1982,0.9085,proposed
1506,0.9319,0.9999,proposed
1507,0.4845,0.4343,baseline
1508,0.3157,1.0,proposed
1509,0.1795,0.9999,proposed
1510,0.9165,0.4334,baseline
1511,0.4069,1.0,proposed
1512,0.2799,0.9999,proposed
1513,0.1994,0.4295,proposed
1514,0.927,0.9962,proposed
1515,0.4187999999999999,0.9718,proposed
1516,0.1099,0.4305,proposed
1517,0.1771,0.9999,proposed
1518,0.9132,0.9822,proposed
1519,0.4287999999999999,0.974,proposed
1520,0.0897,0.4278999999999999,proposed
1521,0.1585999999999999,0.9999,proposed
1522,0.9158,0.9234,proposed
1523,0.4367999999999999,0.4401,proposed
1524,0.1705999999999999,0.9999,proposed
1525,0.243,0.9084,proposed
1526,0.9243,0.4411,baseline
1527,0.4076999999999999,0.9999,proposed
1528,0.1503,0.9313,proposed
1529,0.1505999999999999,0.9999,proposed
1530,0.9289,0.4325,baseline
1531,0.4056999999999999,1.0,proposed
1532,0.1415999999999999,0.9999,proposed
1533,0.2462999999999999,0.437,proposed
1534,0.9482,0.9999,proposed
1535,0.3727,0.9999,proposed
1536,0.2677,0.4276,proposed
1537,0.9326,0.9996,proposed
1538,0.2613999999999999,0.9999,proposed
1539,0.4535,0.4357,baseline
1540,0.177,1.0,proposed
1541,0.1533999999999999,0.6567000000000001,proposed
1542,0.91,0.9999,proposed
1543,0.6819999999999999,0.4327999999999999,baseline
1544,0.1124,0.942,proposed
1545,0.2262999999999999,0.9901,proposed
1546,0.9212,0.9999,proposed
1547,0.6525000000000001,0.4351,baseline
1548,0.1044,0.9416,proposed
1549,0.1827999999999999,0.9999,proposed
1550,0.8959,0.4283,baseline
1551,0.645,0.9399,proposed
1552,0.1026,0.9899,proposed
1553,0.1777999999999999,0.4295,proposed
1554,0.8961,0.9999,proposed
1555,0.6696,1.0,proposed
1556,0.1274999999999999,0.4378999999999999,proposed
1557,0.1697999999999999,0.9999,proposed
1558,0.9268,0.944,proposed
1559,0.0964,0.9901,proposed
1560,0.5858,0.9999,proposed
1561,0.2298,0.4345,proposed
1562,0.9064,0.9275,proposed
1563,0.0860999999999999,0.9999,proposed
1564,0.4264,0.4322,proposed
1565,0.1919999999999999,0.9228,proposed
1566,0.93,0.437,baseline
1567,0.1079999999999999,0.9999,proposed
1568,0.4552,1.0,proposed
1569,0.1752,0.4315,proposed
1570,0.9288,1.0,proposed
1571,0.0938999999999999,0.9454,proposed
1572,0.3330999999999999,0.9923,proposed
1573,0.2274,0.4313,proposed
1574,0.9048,0.9999,proposed
1575,0.0805,0.9035,proposed
1576,0.3473,0.9907,proposed
1577,0.2681,0.9999,proposed
1578,0.9078,0.4354,baseline
1579,0.0911999999999999,1.0,proposed
1580,0.3808,0.6782,proposed
1581,0.2471,0.6707000000000001,proposed
1582,0.8986,0.9999,proposed
1583,0.0686,0.9353,proposed
1584,0.3284,0.9942,proposed
1585,0.498,0.9528,proposed
1586,0.0605,0.8069,proposed
1587,0.7592,0.9105,proposed
1588,0.4025999999999999,0.9637,proposed
1589,0.0661,0.8499,proposed
1590,0.9834,0.8945,baseline
1591,0.0315999999999999,0.96,proposed
1592,0.4804,0.7067,proposed
1593,0.9309,0.6584,baseline
1594,0.0332999999999999,0.9501,proposed
1595,0.5661,0.8225,proposed
1596,0.9547,0.6572,baseline
1597,0.0423,0.9268,proposed
1598,0.5157,0.6960999999999999,proposed
1599,0.8325,0.6363,baseline
1600,0.0352,0.9293,proposed
1601,0.6694,0.6836,proposed
1602,0.8773,0.887,proposed
1603,0.0313999999999999,0.9177,proposed
1604,0.5846,0.6731,proposed
1605,0.9224,0.8788,baseline
1606,0.9865,0.0,baseline
1607,0.0399,0.5932999999999999,proposed
1608,0.8275,0.8872,proposed
1609,0.6149,0.9107,proposed
1610,0.0322999999999999,0.9122,proposed
1611,0.9363,0.3609,baseline
1612,0.9992,0.9327,baseline
1613,0.0312999999999999,0.0818999999999999,proposed
1614,0.8224,0.3954999999999999,baseline
1615,0.0687999999999999,0.9135,proposed
1616,0.9996,0.0694,baseline
1617,0.0309,9.9999999999989e-05,baseline
1618,0.8416,0.8933,proposed
1619,0.0706,0.0429,baseline
1620,0.9997,0.3466,baseline
1621,0.0699999999999999,0.9123,proposed
1622,0.6953,0.8382000000000001,proposed
1623,0.0343,0.3195,proposed
1624,0.9971,0.8582,baseline
1625,0.0386999999999999,0.9091,proposed
1626,0.7188,0.3923999999999999,baseline
1627,0.5552,0.9335,proposed
1628,0.9987,0.8043,baseline
1629,0.0369,0.3883,proposed
1630,0.9567,0.9001,baseline
1631,0.9985,0.0920999999999999,baseline
1632,0.0336999999999999,0.9263,proposed
1633,0.895,0.9348,proposed
1634,0.0535999999999999,0.0876,proposed
1635,0.0268,0.0,baseline
1636,0.9985,0.9325,baseline
1637,0.8284,0.0783,baseline
1638,0.0439,0.9466,proposed
1639,0.0476999999999999,0.9,proposed
1640,0.9767,0.0896,baseline
1641,0.895,0.9692,proposed
1642,0.0433,0.0906,proposed
1643,0.0453,0.3191,proposed
1644,0.9994,0.928,baseline
1645,0.8438,0.5143,baseline
1646,0.0352,0.3925999999999999,proposed
1647,0.9656,0.9285,baseline
1648,0.8999,0.6538999999999999,baseline
1649,0.0407999999999999,0.9211,proposed
1650,0.0331,0.931,proposed
1651,0.4056999999999999,0.6204000000000001,proposed
1652,0.752,0.3955999999999999,baseline
1653,0.2638,0.9099,proposed
1654,0.0372,0.8459,proposed
1655,0.3813999999999999,0.9175,proposed
1656,0.9273,0.9059,baseline
1657,0.1615999999999999,0.4125999999999999,proposed
1658,0.0571,0.9286,proposed
1659,0.9895,0.9413,baseline
1660,0.9165,0.9462,proposed
1661,0.0636999999999999,0.9469,proposed
1662,0.9939,0.0,baseline
1663,0.844,0.9251,proposed
1664,0.1483999999999999,0.9236,proposed
1665,0.3797,0.3084,baseline
1666,0.055,0.9394,proposed
1667,0.8605,0.9567,proposed
1668,0.0577999999999999,0.3812,proposed
1669,0.9931,0.9435,baseline
1670,0.0446999999999999,0.893,proposed
1671,0.9953,0.2457,baseline
1672,0.0514999999999999,0.9022,proposed
1673,0.9995,0.9232,baseline
1674,0.0385999999999999,0.287,proposed
1675,0.9622,0.9439,baseline
1676,0.0635999999999999,0.8275,proposed
1677,0.0524,0.3456,proposed
1678,0.9979,0.9421,baseline
1679,0.971,0.8962,baseline
1680,0.0561,0.287,proposed
1681,0.3506,0.94,proposed
1682,0.0252,0.8962,proposed
1683,0.7128,0.2812,baseline
1684,0.0435999999999999,0.8895,proposed
1685,0.0088,0.9357,proposed
1686,0.958,0.0,baseline
1687,0.754,0.9262,proposed
1688,0.0437999999999999,0.9144,proposed
1689,0.9752,0.2208,baseline
1690,0.743,0.8936999999999999,proposed
1691,0.0386999999999999,0.9357,proposed
1692,0.9538,0.2991,baseline
1693,0.9257,0.9362,proposed
1694,0.0541,0.9252,proposed
1695,0.4818,0.9139,proposed
1696,0.8473999999999999,0.9196,proposed
1697,0.044,0.913,proposed
1698,0.9986,0.9299,baseline
1699,0.875,0.2727,baseline
1700,0.0346999999999999,0.9436,proposed
1701,0.9981,0.9474,baseline
1702,0.8813,0.2594999999999999,baseline
1703,0.4216,0.9159,proposed
1704,0.0372,0.896,proposed
1705,0.6689,0.0,baseline
1706,0.039,0.9135,proposed
1707,0.4291,0.9132,proposed
1708,0.7784,0.2294,baseline
1709,0.0483,0.8886000000000001,proposed
1710,0.4473,0.8734999999999999,proposed
1711,0.7484,0.2685999999999999,baseline
1712,0.0383,0.9278,proposed
1713,0.0499,0.9091,proposed
1714,0.3474,0.2411999999999999,baseline
1715,0.8056,0.9145,proposed
1716,0.0391,0.9116,proposed
1717,0.3917,0.2524999999999999,baseline
1718,0.8122,0.8694,proposed
1719,0.0471,0.9281,proposed
1720,0.4660999999999999,0.0,baseline
1721,0.7898000000000001,0.8672,proposed
1722,0.0395999999999999,0.916,proposed
1723,0.0469,0.2959,proposed
1724,0.4288999999999999,0.8867,proposed
1725,0.6861999999999999,0.919,proposed
1726,0.0393,0.2558,proposed
1727,0.0264999999999999,0.8906000000000001,proposed
1728,0.4239,0.9349,proposed
1729,0.6691,0.2393999999999999,baseline
1730,0.0373,0.8763,proposed
1731,0.0497999999999999,0.8335,proposed
1732,0.4510999999999999,0.2546,baseline
1733,0.8127,0.8899,proposed
1734,0.0433999999999999,0.9052,proposed
1735,0.0487999999999999,0.2290999999999999,proposed
1736,0.4586,0.9024,proposed
1737,0.7582,0.9231,proposed
1738,0.1241999999999999,0.276,proposed
1739,0.121,0.8749,proposed
1740,0.3789,0.9276,proposed
1741,0.9834,0.4104,baseline
1742,0.0474,0.9016,proposed
1743,0.0474,0.9005,proposed
1744,0.3918,0.3305,baseline
1745,0.9828,0.9075,baseline
1746,0.0435999999999999,0.8917,proposed
1747,0.1124,0.3318,proposed
1748,0.3645,0.8772,proposed
1749,0.7479,0.8874,proposed
1750,0.0492,0.3319,proposed
1751,0.041,0.9034,proposed
1752,0.3934999999999999,0.8989,proposed
1753,0.9878,0.2220999999999999,baseline
1754,0.4014999999999999,0.9086,proposed
1755,0.4881999999999999,0.8932,proposed
1756,0.3679,0.2582,baseline
1757,0.6725,0.9257,proposed
1758,0.5208999999999999,0.8896,proposed
1759,0.0534999999999999,0.2118,proposed
1760,0.5375,0.9098,proposed
1761,0.9753,0.9289,baseline
1762,0.0477999999999999,0.3323,proposed
1763,0.0362,0.8908,proposed
1764,0.4976,0.9016,proposed
1765,0.7015,0.2617,baseline
1766,0.0414999999999999,0.8972,proposed
1767,0.0407999999999999,0.883,proposed
1768,0.4296,0.2048999999999999,baseline
1769,0.6829000000000001,0.9043,proposed
1770,0.0409,0.8641,proposed
1771,0.0545999999999999,0.0,baseline
1772,0.3403,0.8923,proposed
1773,0.989,0.8838,baseline
1774,0.04,0.2049999999999999,proposed
1775,0.0489,0.877,proposed
1776,0.4498,0.7783,proposed
1777,0.6343,0.2473999999999999,baseline
1778,0.0403999999999999,0.9075,proposed
1779,0.0128,0.8923,proposed
1780,0.4643,0.2668,baseline
1781,0.7361,0.915,proposed
1782,0.0396999999999999,0.772,proposed
1783,0.0116,0.0,baseline
1784,0.4699,0.8936,proposed
1785,0.7538,0.8882,proposed
1786,0.0415999999999999,0.2336,proposed
1787,0.0554999999999999,0.913,proposed
1788,0.4438,0.9298,proposed
1789,0.96,0.3877,baseline
1790,0.04,0.9407,proposed
1791,0.0169,0.9241,proposed
1792,0.3146,0.0,baseline
1793,0.7541,0.9463,proposed
1794,0.0404999999999999,0.885,proposed
1795,0.0335999999999999,0.0,baseline
1796,0.4982999999999999,0.9091,proposed
1797,0.6978,0.79,proposed
1798,0.0417999999999999,0.0,baseline
1799,0.0177,0.9362,proposed
1800,0.2863,0.8847,proposed
1801,0.7923,0.0,baseline
1802,0.0414999999999999,0.9343,proposed
1803,0.0513,0.8712,proposed
1804,0.4175,0.013,baseline
1805,0.765,0.9031,proposed
1806,0.0376999999999999,0.8773,proposed
1807,0.4559999999999999,0.0,baseline
1808,0.7746,0.8883,proposed
1809,0.0393999999999999,0.8585,proposed
1810,0.029,0.9734,proposed
1811,0.296,0.8996999999999999,proposed
1812,0.7733,0.8819,proposed
1813,0.0403999999999999,0.2593999999999999,proposed
1814,0.0262999999999999,0.8971,proposed
1815,0.4407,0.8839,proposed
1816,0.6969000000000001,0.2553999999999999,baseline
1817,0.0103999999999999,0.8986,proposed
1818,0.3077999999999999,0.9155,proposed
1819,0.7262,0.0,baseline
1820,0.0338,0.8893,proposed
1821,0.3185,0.8985,proposed
1822,0.7162999999999999,0.2552,baseline
1823,0.0407999999999999,0.904,proposed
1824,0.422,0.887,proposed
1825,0.9999,0.7172000000000001,baseline
1826,0.0697999999999999,0.7162999999999999,proposed
1827,0.1539,0.3035,proposed
1828,0.9999,0.7211000000000001,baseline
1829,0.1040999999999999,0.9467,proposed
1830,0.1558,0.5681,proposed
1831,0.9999,0.7101999999999999,baseline
1832,0.0656999999999999,0.9467,proposed
1833,0.1606999999999999,0.5011,proposed
1834,0.9999,0.675,baseline
1835,0.0675,0.9467,proposed
1836,0.1662,0.4891999999999999,proposed
1837,0.9998,0.7315,baseline
1838,0.3519,0.9467,proposed
1839,0.8605,0.5909,baseline
1840,0.1696999999999999,0.5941000000000001,proposed
1841,0.9998,0.7119,baseline
1842,0.788,0.5754,baseline
1843,0.0449,0.6525000000000001,proposed
1844,0.1706999999999999,0.9467,proposed
1845,0.0739999999999999,0.5396000000000001,proposed
1846,0.9999,0.5867,baseline
1847,0.1382,0.9467,proposed
1848,0.9999,0.5920000000000001,baseline
1849,0.1582,0.5427,proposed
1850,0.1472,0.9467,proposed
1851,1.0,0.6036,baseline
1852,0.806,0.6707000000000001,baseline
1853,0.8582,0.9467,proposed
1854,0.1723,0.5883,proposed
1855,1.0,0.6767000000000001,baseline
1856,0.1328,0.9467,proposed
1857,0.1367,0.5574,proposed
1858,0.4194,0.6589,proposed
1859,0.1055,0.5666,proposed
1860,0.9999,0.9467,baseline
1861,0.0837999999999999,0.5587,proposed
1862,0.1589,0.5443,proposed
1863,1.0,0.9467,baseline
1864,0.0833,0.6226,proposed
1865,0.164,0.5437000000000001,proposed
1866,0.9999,0.9467,baseline
1867,0.1057,0.6112,proposed
1868,0.1324999999999999,0.5670999999999999,proposed
1869,0.9999,0.9467,baseline
1870,0.1082999999999999,0.5115000000000001,proposed
1871,0.9966,0.6972,baseline
1872,0.8375,0.9467,proposed
1873,0.1667999999999999,0.595,proposed
1874,0.1589,0.7050000000000001,proposed
1875,0.9997,0.9467,baseline
1876,0.833,0.5996,baseline
1877,0.0859999999999999,0.5799000000000001,proposed
1878,0.9999,0.9467,baseline
1879,0.1731,0.5835,proposed
1880,0.1521,0.5831999999999999,proposed
1881,0.9998,0.9467,baseline
1882,0.0744,0.3895999999999999,proposed
1883,0.8932,0.5624,baseline
1884,0.1602,0.9467,proposed
1885,0.9971,0.607,baseline
1886,0.0536999999999999,0.5737,proposed
1887,0.1543,0.9467,proposed
1888,0.9999,0.6711,baseline
1889,0.0686,0.5902000000000001,proposed
1890,0.8526,0.9467,proposed
1891,0.1569,0.5506,proposed
1892,0.9999,0.7025,baseline
1893,0.0963,0.5938,proposed
1894,0.8416,0.9467,proposed
1895,0.162,0.5613,proposed
1896,0.9999,0.5941000000000001,baseline
1897,0.0893,0.9467,proposed
1898,0.8905,0.6232,baseline
1899,0.1736999999999999,0.5800000000000001,proposed
1900,0.9999,0.9467,baseline
1901,0.1322999999999999,0.6476,proposed
1902,0.8823,0.6113999999999999,baseline
1903,0.1672,0.9467,proposed
1904,0.0904,0.6671,proposed
1905,0.9999,0.6128,baseline
1906,0.8724000000000001,0.9467,proposed
1907,0.16,0.6964,proposed
1908,0.9978,0.6957,baseline
1909,0.0641,0.7162999999999999,proposed
1910,0.8587,0.9467,proposed
1911,0.1758999999999999,0.6043000000000001,proposed
1912,0.9992,0.7304999999999999,baseline
1913,0.0624,0.9467,proposed
1914,0.9998,0.6819,baseline
1915,0.0494999999999999,0.6784,proposed
1916,0.9241,0.5892999999999999,baseline
1917,0.1477,0.9467,proposed
1918,0.5670999999999999,0.7013,proposed
1919,0.0874,0.6700999999999999,proposed
1920,0.9869,0.7195,baseline
1921,0.2415,0.9467,proposed
1922,0.9995,0.7054,baseline
1923,0.9722,0.6695,baseline
1924,0.1704999999999999,0.6202,proposed
1925,0.9997,0.9467,baseline
1926,0.0839999999999999,0.6585,proposed
1927,0.9742,0.6525000000000001,baseline
1928,0.9998,0.5724,baseline
1929,0.1807999999999999,0.9467,proposed
1930,0.9997,0.4550999999999999,baseline
1931,0.0994,0.5527,proposed
1932,0.9774,0.9467,baseline
1933,0.1735,0.4194,proposed
1934,0.9999,0.5739000000000001,baseline
1935,0.1594,0.9467,proposed
1936,0.9999,0.48,baseline
1937,0.0934,0.5470999999999999,proposed
1938,0.1427,0.9467,proposed
1939,1.0,0.4708,baseline
1940,0.0595,0.5638000000000001,proposed
1941,0.1589,0.9467,proposed
1942,1.0,0.4706,baseline
1943,0.0749999999999999,0.5582,proposed
1944,0.1761,0.9467,proposed
1945,1.0,0.5131,baseline
1946,0.1017,0.5696,proposed
1947,0.1778999999999999,0.9467,proposed
1948,1.0,0.4932999999999999,baseline
1949,0.0759999999999999,0.5888,proposed
1950,0.1541,0.9467,proposed
1951,1.0,0.5006999999999999,baseline
1952,0.1112999999999999,0.7148,proposed
1953,0.1505999999999999,0.9467,proposed
1954,1.0,0.4972,baseline
1955,0.9698,0.5997,baseline
1956,0.0906,0.9467,proposed
1957,0.154,0.7263999999999999,proposed
1958,1.0,0.7142,baseline
1959,0.0874,0.9467,proposed
1960,0.9691,0.5347999999999999,baseline
1961,0.1683,0.6301,proposed
1962,1.0,0.7262,baseline
1963,0.1783,0.9467,proposed
1964,0.1445999999999999,0.518,proposed
1965,1.0,0.6163000000000001,baseline
1966,0.7652,0.7076,baseline
1967,0.0411,0.9467,proposed
1968,0.1432,0.5218,proposed
1969,1.0,0.7102999999999999,baseline
1970,0.8069,0.9467,proposed
1971,0.06,0.5135000000000001,proposed
1972,0.1392,0.7197,proposed
1973,1.0,0.5087999999999999,baseline
1974,0.1286,0.9467,proposed
1975,0.9541,0.7483,baseline
1976,0.1404999999999999,0.9467,proposed
1977,0.1313999999999999,0.6835,proposed
1978,1.0,0.6945,baseline
1979,0.9657,0.9467,baseline
1980,0.146,0.655,proposed
1981,1.0,0.7175,baseline
1982,0.3698,0.9467,proposed
1983,0.1559,0.6281,proposed
1984,0.9999,0.5617,baseline
1985,0.1017,0.6658,proposed
1986,0.9346,0.9467,proposed
1987,0.1645999999999999,0.6223000000000001,proposed
1988,1.0,0.9467,baseline
1989,0.0679999999999999,0.6702,proposed
1990,0.1695999999999999,0.723,proposed
1991,0.9999,0.6646000000000001,baseline
1992,0.0955,0.9467,proposed
1993,0.8593999999999999,0.6274,baseline
1994,0.1753,0.5582,proposed
1995,0.9999,0.9467,baseline
1996,0.8096,0.661,baseline
1997,0.1354999999999999,0.5872999999999999,proposed
1998,0.1594999999999999,0.6756,proposed
1999,0.9999,0.9467,baseline
2000,0.0958,0.5849,proposed
2001,0.1563999999999999,0.7005,proposed
2002,1.0,0.9467,baseline
2003,0.0692,0.5918,proposed
2004,0.1612,0.6860999999999999,proposed
2005,0.9999,0.9467,baseline
2006,0.1081999999999999,0.746,proposed
2007,0.9051,0.6876,baseline
2008,0.1515999999999999,0.9467,proposed
2009,0.9998,0.6364000000000001,baseline
2010,0.8067,0.6104,baseline
2011,0.1806999999999999,0.6686000000000001,proposed
2012,0.155,0.9467,proposed
2013,1.0,0.5908,baseline
2014,0.1056,0.667,proposed
2015,0.9525,0.9467,baseline
2016,0.1535999999999999,0.7355,proposed
2017,0.9999,0.6697,baseline
2018,0.0792,0.9467,proposed
2019,0.1625999999999999,0.7355,proposed
2020,0.9999,0.6334,baseline
2021,0.0434999999999999,0.9467,proposed
2022,0.1756999999999999,0.633,proposed
2023,1.0,0.5574,baseline
2024,0.1644999999999999,0.6312,proposed
2025,0.1753,0.9467,proposed
2026,0.9999,0.65,baseline
2027,0.2766999999999999,0.54,proposed
2028,0.1629,0.6252,proposed
2029,1.0,0.9467,baseline
2030,0.0857,0.6367,proposed
2031,0.1614999999999999,0.5845,proposed
2032,0.9999,0.6059,baseline
2033,0.0664,0.9467,proposed
2034,0.9592,0.5387,baseline
2035,0.1902,0.625,proposed
2036,1.0,0.9467,baseline
2037,0.0923,0.5368999999999999,proposed
2038,0.1871,0.6443,proposed
2039,1.0,0.9467,baseline
2040,0.2260999999999999,0.6649,proposed
2041,0.9578,0.5409999999999999,baseline
2042,0.1647999999999999,0.9467,proposed
2043,1.0,0.6196999999999999,baseline
2044,0.0807999999999999,0.6097,proposed
2045,0.1561,0.9467,proposed
2046,0.9999,0.6099,baseline
2047,0.0767999999999999,0.5895,proposed
2048,0.1802,0.9467,proposed
2049,1.0,0.6103000000000001,baseline
2050,0.0843,0.5465,proposed
2051,0.8601,0.9467,proposed
2052,0.1827999999999999,0.6258,proposed
2053,1.0,0.6557,baseline
2054,0.0543,0.7009000000000001,proposed
2055,0.1797999999999999,0.9467,proposed
2056,0.9999,0.6031,baseline
2057,0.0602,0.6626000000000001,proposed
2058,0.1857999999999999,0.5546,proposed
2059,0.9997,0.9467,baseline
2060,0.0736999999999999,0.5971,proposed
2061,0.1785999999999999,0.5989,proposed
2062,0.9999,0.9467,baseline
2063,0.1452999999999999,0.4348999999999999,proposed
2064,0.9987,0.6795,baseline
2065,0.1782,0.5741,proposed
2066,1.0,0.9467,baseline
2067,0.2079999999999999,0.4389999999999999,proposed
2068,0.1649,0.6477999999999999,proposed
2069,0.9999,0.6043000000000001,baseline
2070,0.0715,0.9467,proposed
2071,0.1629,0.4518,proposed
2072,1.0,0.5466,baseline
2073,0.5319,0.5608,proposed
2074,0.1926,0.0033999999999999,baseline
2075,0.9956,0.5053000000000001,baseline
2076,0.9711,0.9106,baseline
2077,0.817,0.2371999999999999,baseline
2078,0.2145,0.9131,proposed
2079,0.9706,0.0044999999999999,baseline
2080,0.9958,0.1672,baseline
2081,0.7698,0.9192,proposed
2082,0.2049999999999999,0.0049,baseline
2083,0.9717,0.8098,baseline
2084,0.996,0.9148,baseline
2085,0.7726999999999999,0.5387,baseline
2086,0.0353,0.0052999999999999,baseline
2087,0.9728,1.0,proposed
2088,0.9967,0.9023,baseline
2089,0.8102,0.5435,baseline
2090,0.2329999999999999,1.0,proposed
2091,0.9699,0.9111,baseline
2092,0.9957,0.0060999999999999,baseline
2093,0.7831,0.2329999999999999,baseline
2094,0.2386,0.514,proposed
2095,0.9703,0.0063999999999999,baseline
2096,0.9967,0.2089999999999999,baseline
2097,0.7592,0.2136,baseline
2098,0.2925999999999999,0.2481999999999999,baseline
2099,0.9756,0.2067999999999999,baseline
2100,0.9966,0.0071999999999999,baseline
2101,0.8025,0.2251999999999999,baseline
2102,0.2543999999999999,0.2536,baseline
2103,0.9711,0.2049999999999999,baseline
2104,0.9966,0.0067,baseline
2105,0.8962,0.2409,baseline
2106,0.1533,1.0,proposed
2107,0.9732,0.008,baseline
2108,0.9968,0.918,baseline
2109,0.8598,0.5347,baseline
2110,0.2804999999999999,0.3194,proposed
2111,0.973,0.0152999999999999,baseline
2112,0.9973,0.9205,baseline
2113,0.8777,0.5355,baseline
2114,0.2457,0.51,proposed
2115,0.9736,0.0191999999999999,baseline
2116,0.9966,0.1944,baseline
2117,0.878,0.5490999999999999,baseline
2118,0.1776999999999999,0.8577,proposed
2119,0.9699,0.018,baseline
2120,0.9968,0.2684999999999999,baseline
2121,0.9083,0.2123,baseline
2122,0.9733,1.0,proposed
2123,0.2422999999999999,0.0563,baseline
2124,0.9969,0.2884,baseline
2125,0.8766,0.2256,baseline
2126,0.2108999999999999,0.9021,proposed
2127,0.9741,0.1025,baseline
2128,0.9966,0.2519,baseline
2129,0.8725,0.2326,baseline
2130,0.2308,0.0616999999999999,baseline
2131,0.9707,0.0575999999999999,baseline
2132,0.9966,0.2735999999999999,baseline
2133,0.8581,0.2317,baseline
2134,0.4686,0.9672,proposed
2135,0.9703,0.88,baseline
2136,0.9966,0.2457,baseline
2137,0.907,0.2251999999999999,baseline
2138,0.3399999999999999,0.2389,baseline
2139,0.9707,0.0384999999999999,baseline
2140,0.9968,0.2824,baseline
2141,0.8862,0.2308,baseline
2142,0.3494,0.236,baseline
2143,0.97,0.2842,baseline
2144,0.9964,0.0759999999999999,baseline
2145,0.8824,0.2335,baseline
2146,0.3145,0.859,proposed
2147,0.974,0.0701,baseline
2148,0.9963,0.2885999999999999,baseline
2149,0.8180000000000001,0.2230999999999999,baseline
2150,0.2301999999999999,0.1833,baseline
2151,0.9711,0.0736,baseline
2152,0.9965,0.1856999999999999,baseline
2153,0.7733,0.2181999999999999,baseline
2154,0.2219,0.9786,proposed
2155,0.9675,0.0202999999999999,baseline
2156,0.9962,0.2976999999999999,baseline
2157,0.6473,0.2311999999999999,baseline
2158,0.2120999999999999,0.1948999999999999,baseline
2159,0.9689,0.0312,baseline
2160,0.9962,0.138,baseline
2161,0.8511,0.2337,baseline
2162,0.1529,0.9817,proposed
2163,0.9724,0.037,baseline
2164,0.9946,0.3183,baseline
2165,0.8674,0.2282999999999999,baseline
2166,0.1867999999999999,1.0,proposed
2167,0.9699,0.0173999999999999,baseline
2168,0.9956,0.2972,baseline
2169,0.7582,0.2211999999999999,baseline
2170,0.1966999999999999,0.985,proposed
2171,0.9687,0.0211,baseline
2172,0.9968,0.9117,baseline
2173,0.8477,0.2107,baseline
2174,0.2023,0.0086,baseline
2175,0.9736,1.0,proposed
2176,0.9967,0.28,baseline
2177,0.8442000000000001,0.2195,baseline
2178,0.284,0.9768,proposed
2179,0.971,0.0082999999999999,baseline
2180,0.9964,0.1962,baseline
2181,0.9,0.2276,baseline
2182,0.2507,0.0082999999999999,baseline
2183,0.9728,0.9892,proposed
2184,0.9964,0.2429,baseline
2185,0.8718,0.2228,baseline
2186,0.1674999999999999,0.8996,proposed
2187,0.9705,0.0073999999999999,baseline
2188,0.9964,0.3025,baseline
2189,0.5678000000000001,0.2129999999999999,baseline
2190,0.1131999999999999,0.0070999999999999,baseline
2191,0.9704,0.8999,baseline
2192,0.9967,0.2804,baseline
2193,0.6554,0.2247,baseline
2194,0.1191999999999999,0.0071999999999999,baseline
2195,0.9701,0.9759,proposed
2196,0.9966,0.2179999999999999,baseline
2197,0.9335,0.2251999999999999,baseline
2198,0.1823,0.0672,baseline
2199,0.969,0.0077,baseline
2200,0.9967,0.3212,baseline
2201,0.8809,0.2203,baseline
2202,0.1684999999999999,0.0073999999999999,baseline
2203,0.9724,1.0,proposed
2204,0.9963,0.1984,baseline
2205,0.7895,0.2109999999999999,baseline
2206,0.1825999999999999,0.0682,baseline
2207,0.971,0.0077,baseline
2208,0.9958,0.1755999999999999,baseline
2209,0.8477,0.2229,baseline
2210,0.1709,0.0070999999999999,baseline
2211,0.9721,1.0,proposed
2212,0.9965,0.9081,baseline
2213,0.5481,0.2115,baseline
2214,0.1806999999999999,0.0605,baseline
2215,0.9698,0.008,baseline
2216,0.9957,0.9094,baseline
2217,0.8559,0.2229999999999999,baseline
2218,0.1785999999999999,0.0076,baseline
2219,0.9689,0.9702,proposed
2220,0.9963,0.1971,baseline
2221,0.4872999999999999,0.2139999999999999,baseline
2222,0.1523999999999999,0.0076,baseline
2223,0.9679,0.8571,baseline
2224,0.9964,0.2583999999999999,baseline
2225,0.6053999999999999,0.2100999999999999,baseline
2226,0.2117,0.0067,baseline
2227,0.9714,0.9997,proposed
2228,0.9964,0.284,baseline
2229,0.8721,0.2122,baseline
2230,0.146,0.0076,baseline
2231,0.9709,0.0641,baseline
2232,0.9973,0.9146,baseline
2233,0.581,0.2205,baseline
2234,0.2413999999999999,0.0074999999999999,baseline
2235,0.9708,0.0688999999999999,baseline
2236,0.9969,0.3345,baseline
2237,0.5660000000000001,0.2205,baseline
2238,0.2295,0.0073999999999999,baseline
2239,0.9708,0.0693,baseline
2240,0.9969,0.3268,baseline
2241,0.6605,0.2188999999999999,baseline
2242,0.2077999999999999,0.9756,proposed
2243,0.9685,0.0063999999999999,baseline
2244,0.9968,0.2446,baseline
2245,0.6497999999999999,0.2197,baseline
2246,0.2136,0.9926,proposed
2247,0.9695,0.0074999999999999,baseline
2248,0.9968,0.3179999999999999,baseline
2249,0.8623000000000001,0.2099999999999999,baseline
2250,0.2145,0.0074999999999999,baseline
2251,0.9693,1.0,proposed
2252,0.997,0.2429,baseline
2253,0.6507000000000001,0.2052,baseline
2254,0.2112,0.9,proposed
2255,0.9697,0.0066,baseline
2256,0.9969,0.3161,baseline
2257,0.7437,0.2166,baseline
2258,0.1709,0.9214,proposed
2259,0.9695,0.0074999999999999,baseline
2260,0.9968,0.2994,baseline
2261,0.7072,0.2247,baseline
2262,0.1657999999999999,0.903,proposed
2263,0.9682,0.0073999999999999,baseline
2264,0.9971,0.3031,baseline
2265,0.5411,0.2238,baseline
2266,0.2296,0.9006,proposed
2267,0.9689,0.0064999999999999,baseline
2268,0.9969,0.2678,baseline
2269,0.5848,0.2194,baseline
2270,0.1686999999999999,0.0078,baseline
2271,0.9694,0.98,proposed
2272,0.9969,0.603,baseline
2273,0.4225,0.2087999999999999,baseline
2274,0.1677999999999999,0.0073999999999999,baseline
2275,0.9667,1.0,proposed
2276,0.9968,0.3103,baseline
2277,0.53,0.2138,baseline
2278,0.1775,0.0067,baseline
2279,0.9694,0.9729,proposed
2280,0.9961,0.2991,baseline
2281,0.5386,0.2156,baseline
2282,0.1674999999999999,0.0575999999999999,baseline
2283,0.9679,0.0081999999999999,baseline
2284,0.9967,0.1841,baseline
2285,0.5570999999999999,0.2228,baseline
2286,0.1473,1.0,proposed
2287,0.9678,0.0079,baseline
2288,0.9966,0.2715999999999999,baseline
2289,0.5768,0.2181999999999999,baseline
2290,0.2028999999999999,0.0072999999999999,baseline
2291,0.9688,0.8996,baseline
2292,0.9968,0.3052,baseline
2293,0.5082,0.2211999999999999,baseline
2294,0.1846,0.0069,baseline
2295,0.9685,0.9769,proposed
2296,0.9966,0.1944,baseline
2297,0.5033000000000001,0.2156,baseline
2298,0.1604,0.0069,baseline
2299,0.9694,0.0632,baseline
2300,0.9967,0.1883,baseline
2301,0.7757000000000001,0.2128,baseline
2302,0.1445999999999999,0.0069,baseline
2303,0.9709,1.0,proposed
2304,0.9947,0.2946,baseline
2305,0.8465,0.2215,baseline
2306,0.1845,0.0067,baseline
2307,0.9683,1.0,proposed
2308,0.9952,0.3017999999999999,baseline
2309,0.8519,0.2183,baseline
2310,0.1478,0.007,baseline
2311,0.9728,0.9779,proposed
2312,0.9965,0.2396,baseline
2313,0.8527,0.2169999999999999,baseline
2314,0.2238,0.0063999999999999,baseline
2315,0.9697,0.0566999999999999,baseline
2316,0.9969,0.3003,baseline
2317,0.3578,0.2145,baseline
2318,0.1997,0.0063999999999999,baseline
2319,0.9709,0.0658999999999999,baseline
2320,0.9967,0.2058999999999999,baseline
2321,0.6736,0.2049999999999999,baseline
2322,0.1563999999999999,0.0073999999999999,baseline
2323,0.9691,0.0594,baseline
2324,0.9967,0.1897999999999999,baseline
2325,0.9056,0.2208,baseline
2326,0.1836999999999999,0.0061999999999999,baseline
2327,0.9727,1.0,proposed
2328,0.9969,0.2604999999999999,baseline
2329,0.2712,0.1409,baseline
2330,0.0513,0.5529999999999999,proposed
2331,0.8835,0.9997,proposed
2332,0.8983,0.9143,proposed
2333,0.0763,0.524,proposed
2334,0.9053,0.0061999999999999,baseline
2335,0.9952,0.9857,baseline
2336,0.2221999999999999,0.9012,proposed
2337,0.1085,0.2733,proposed
2338,0.8923,0.5035000000000001,baseline
2339,0.2765999999999999,0.038,baseline
2340,0.0830999999999999,0.9007000000000001,proposed
2341,0.8828,0.0067,baseline
2342,0.2065,0.5214,proposed
2343,0.0413999999999999,0.1106,proposed
2344,0.8875,0.8993,proposed
2345,0.9939,0.5156000000000001,baseline
2346,0.8122,0.0059,baseline
2347,0.0432,0.1057,proposed
2348,0.8936999999999999,0.9125,proposed
2349,0.2339,0.006,baseline
2350,0.0456999999999999,0.5261,proposed
2351,0.894,0.037,baseline
2352,0.2206,0.9178,proposed
2353,0.0303999999999999,0.5,proposed
2354,0.8912,0.0062999999999999,baseline
2355,0.9942,0.1088,baseline
2356,0.3074,0.9109,proposed
2357,0.0433999999999999,0.5152,proposed
2358,0.859,0.0063999999999999,baseline
2359,0.6534,0.9888,proposed
2360,0.0518999999999999,0.895,proposed
2361,0.942,0.5347999999999999,baseline
2362,0.5351,0.006,baseline
2363,0.0598999999999999,0.9864,proposed
2364,0.932,0.9134,baseline
2365,0.301,0.5105,proposed
2366,0.0495999999999999,0.0061999999999999,baseline
2367,0.9041,0.1106,baseline
2368,0.3997,0.9071,proposed
2369,0.0348,0.5146999999999999,proposed
2370,0.9344,0.0061999999999999,baseline
2371,0.4795,0.1094,baseline
2372,0.043,0.9059,proposed
2373,0.8867,0.5186,baseline
2374,0.2257,0.0057,baseline
2375,0.0332,0.0375999999999999,proposed
2376,0.9062,0.9022,baseline
2377,0.1962,0.006,baseline
2378,0.0835,0.5172,proposed
2379,0.9312,0.9823,proposed
2380,0.9944,0.9105,baseline
2381,0.2426,0.0057,baseline
2382,0.0382,0.5212,proposed
2383,0.9219,0.9999,proposed
2384,0.994,0.905,baseline
2385,0.2054,0.0057,baseline
2386,0.0302999999999999,0.5281,proposed
2387,0.9367,0.1025,baseline
2388,0.9936,0.9072,baseline
2389,0.1651,0.0054999999999999,baseline
2390,0.1372999999999999,0.5284,proposed
2391,0.8985,0.0403999999999999,baseline
2392,0.1671,0.9061,proposed
2393,0.0514999999999999,0.0052999999999999,baseline
2394,0.9371,0.5279,baseline
2395,0.2329999999999999,0.3219999999999999,proposed
2396,0.0489,0.9005,proposed
2397,0.9443,0.0053999999999999,baseline
2398,0.2163,0.5113,proposed
2399,0.0383999999999999,0.1054,proposed
2400,0.9417,0.9108,baseline
2401,0.2269999999999999,0.0057,baseline
2402,0.0346999999999999,0.5243,proposed
2403,0.9111,0.9998,proposed
2404,0.994,0.9008,baseline
2405,0.2596,0.0052999999999999,baseline
2406,0.0832,0.5315,proposed
2407,0.9118,0.1015,baseline
2408,0.2493999999999999,0.9125,proposed
2409,0.034,0.0058,baseline
2410,0.9338,0.5353,baseline
2411,0.1994,0.9781,proposed
2412,0.0402,0.919,proposed
2413,0.9266,0.0056,baseline
2414,0.2808,0.5355,proposed
2415,0.047,0.0754,proposed
2416,0.9565,0.9113,baseline
2417,0.2322999999999999,0.006,baseline
2418,0.0800999999999999,0.5419,proposed
2419,0.9279,0.986,proposed
2420,0.2385,0.9123,proposed
2421,0.0595,0.0062999999999999,baseline
2422,0.9315,0.5374,baseline
2423,0.2197,0.2631,proposed
2424,0.0533,0.9009,proposed
2425,0.9345,0.0058,baseline
2426,0.248,0.5398000000000001,proposed
2427,0.0401,0.9235,proposed
2428,0.9205,0.9104,baseline
2429,0.1549,0.0057,baseline
2430,0.0505999999999999,0.5348999999999999,proposed
2431,0.9108,0.0776,baseline
2432,0.2897999999999999,0.9114,proposed
2433,0.0706,0.5267,proposed
2434,0.9145,0.0057,baseline
2435,0.9937,0.0800999999999999,baseline
2436,0.2616,0.9101,proposed
2437,0.1639,0.0062999999999999,baseline
2438,0.9187,0.5152,baseline
2439,0.9929,0.9995,proposed
2440,0.2108,0.9094,proposed
2441,0.1975,0.0052999999999999,baseline
2442,0.9184,0.5228999999999999,baseline
2443,0.9932,0.9757,baseline
2444,0.1856,0.9303,proposed
2445,0.0423,0.0054999999999999,baseline
2446,0.9104,0.5303,baseline
2447,0.9928,0.0323999999999999,baseline
2448,0.1848999999999999,0.9203,proposed
2449,0.0638999999999999,0.0058,baseline
2450,0.936,0.5364,baseline
2451,0.1937999999999999,0.1462,baseline
2452,0.1178,0.9294,proposed
2453,0.9017,0.006,baseline
2454,0.175,0.5176000000000001,proposed
2455,0.0414999999999999,0.0548999999999999,proposed
2456,0.9316,0.9182,baseline
2457,0.1561,0.0059,baseline
2458,0.0544,0.5058,proposed
2459,0.8952,0.0935,baseline
2460,0.1515999999999999,0.9113,proposed
2461,0.0465999999999999,0.0054999999999999,baseline
2462,0.9089,0.5058,baseline
2463,0.9939,0.0937,baseline
2464,0.2057999999999999,0.9147,proposed
2465,0.0562,0.0060999999999999,baseline
2466,0.9186,0.0754,baseline
2467,0.9938,0.5081,baseline
2468,0.8384,0.908,proposed
2469,0.1398,0.0070999999999999,baseline
2470,0.921,0.5258,baseline
2471,0.6121,0.0795,baseline
2472,0.0578999999999999,0.9117,proposed
2473,0.8863,0.0069,baseline
2474,0.5145,0.5407,proposed
2475,0.0564999999999999,0.0404999999999999,baseline
2476,0.9036,0.9001,baseline
2477,0.7239,0.0064999999999999,baseline
2478,0.0295999999999999,0.5182,proposed
2479,0.944,0.0486999999999999,baseline
2480,0.3189999999999999,0.9072,proposed
2481,0.0476999999999999,0.0057,baseline
2482,0.9124,0.525,baseline
2483,0.2226,0.0724,baseline
2484,0.0635999999999999,0.9065,proposed
2485,0.9131,0.0062999999999999,baseline
2486,0.2012,0.5097,proposed
2487,0.0396999999999999,0.0758999999999999,proposed
2488,0.9103,0.9,baseline
2489,0.3287,0.0063999999999999,baseline
2490,0.0225999999999999,0.5069,proposed
2491,0.8979,0.0766999999999999,baseline
2492,0.3489,0.9172,proposed
2493,0.03,0.0056,baseline
2494,0.8828,0.5259,baseline
2495,0.2643999999999999,0.0725,baseline
2496,0.0522,0.913,proposed
2497,0.9044,0.0062999999999999,baseline
2498,0.2497,0.5158,proposed
2499,0.0372,0.5176000000000001,proposed
2500,0.9226,0.9105,baseline
2501,0.3088999999999999,0.0058,baseline
2502,0.0644,0.1331999999999999,proposed
2503,0.9065,0.2392999999999999,baseline
2504,0.3128999999999999,0.9145,proposed
2505,0.0741,0.0058,baseline
2506,0.9243,0.1327,baseline
2507,0.2473999999999999,0.2393999999999999,baseline
2508,0.1206,0.9134,proposed
2509,0.9279,0.0052999999999999,baseline
2510,0.2518,0.5287,proposed
2511,0.1291999999999999,0.593,proposed
2512,0.9291,0.9235,baseline
2513,0.3081,0.0056,baseline
2514,0.0351,0.1058,proposed
2515,0.9283,0.521,baseline
2516,0.3447,0.918,proposed
2517,0.0477999999999999,0.0058,baseline
2518,0.9297,0.0744,baseline
2519,0.2714,0.2498,baseline
2520,0.054,0.9098,proposed
2521,0.9148,0.006,baseline
2522,0.2010999999999999,0.0716999999999999,baseline
2523,0.0383999999999999,0.5126999999999999,proposed
2524,0.9253,0.9053,baseline
2525,0.2043,0.0049,baseline
2526,0.2028999999999999,0.0279,baseline
2527,0.9194,0.5138,baseline
2528,0.1968999999999999,0.9166,proposed
2529,0.0651,0.0051999999999999,baseline
2530,0.8962,0.956,proposed
2531,0.1634999999999999,0.517,proposed
2532,0.0568999999999999,0.9132,proposed
2533,0.9202,0.0050999999999999,baseline
2534,0.1943,0.0852,baseline
2535,0.0433,0.235,proposed
2536,0.9255,0.9156,baseline
2537,0.1969999999999999,0.0049,baseline
2538,0.1626999999999999,0.9993,proposed
2539,0.9012,0.5287,baseline
2540,0.2037,0.9124,proposed
2541,0.0561,0.0062999999999999,baseline
2542,0.8989,0.5208999999999999,baseline
2543,0.2622,0.0636999999999999,baseline
2544,0.0295999999999999,0.9079,proposed
2545,0.895,0.0057,baseline
2546,0.2055,0.5161,proposed
2547,0.1223999999999999,0.0684,baseline
2548,0.8765000000000001,0.9028,proposed
2549,0.1985,0.006,baseline
2550,0.0605999999999999,0.5167999999999999,proposed
2551,0.9157,0.0627999999999999,baseline
2552,0.1745999999999999,0.9121,proposed
2553,0.0406999999999999,0.0059,baseline
2554,0.9103,0.5163,baseline
2555,0.1926,0.0636999999999999,baseline
2556,0.0523,0.9297,proposed
2557,0.9163,0.006,baseline
2558,0.2532,0.4989,proposed
2559,0.055,0.0661,proposed
2560,0.9075,0.907,baseline
2561,0.3316,0.0059,baseline
2562,0.0484,0.9337,proposed
2563,0.8999,0.4952999999999999,baseline
2564,0.994,0.9162,baseline
2565,0.3879,0.0059,baseline
2566,0.0567999999999999,0.0644,proposed
2567,0.8983,0.2325,baseline
2568,0.1921,0.0059,baseline
2569,0.0533,0.5211,proposed
2570,0.8996999999999999,0.0713,baseline
2571,0.1987999999999999,0.9148,proposed
2572,0.0542,0.0056,baseline
2573,0.9084,0.5277000000000001,baseline
2574,0.2310999999999999,0.1058,baseline
2575,0.0655999999999999,0.9074,proposed
2576,0.6209,0.7501,proposed
2577,0.9981,0.9973,baseline
2578,0.3637,0.9002,proposed
2579,0.6705,0.9448,proposed
2580,0.5303,0.7512,proposed
2581,0.9986,0.9938,baseline
2582,0.3495,0.9947,proposed
2583,0.6746,0.9572,proposed
2584,0.5591999999999999,0.7401,proposed
2585,0.9986,0.9928,baseline
2586,0.3222,0.9955,proposed
2587,0.6933,0.9588,proposed
2588,0.6001000000000001,0.7641,proposed
2589,0.9984,0.9927,baseline
2590,0.3743999999999999,0.9395,proposed
2591,0.4939,0.977,proposed
2592,0.9982,0.7509,baseline
2593,0.3314,0.9953,proposed
2594,0.3512999999999999,0.996,proposed
2595,0.9984,0.9571,baseline
2596,0.3372,0.753,proposed
2597,0.6716,0.9947,proposed
2598,0.5517000000000001,0.996,proposed
2599,0.9979,0.9504,baseline
2600,0.3217,0.7382,proposed
2601,0.5142,0.9973,proposed
2602,0.9984,0.9961,baseline
2603,0.3605,0.9103,proposed
2604,0.6687000000000001,0.7428,proposed
2605,0.5484,0.9982,proposed
2606,0.9984,0.9956,baseline
2607,0.3420999999999999,0.7863,proposed
2608,0.5149,0.7503,proposed
2609,0.9968,0.9924,baseline
2610,0.3369,0.9954,proposed
2611,0.5,0.9635,proposed
2612,0.9985,0.7312000000000001,baseline
2613,0.3473,0.9976,proposed
2614,0.478,0.9941,proposed
2615,0.9985,0.9497,baseline
2616,0.2799,0.7475,proposed
2617,0.6854,0.9878,proposed
2618,0.4588,0.9952,proposed
2619,0.9981,0.9374,baseline
2620,0.0395999999999999,0.7629,proposed
2621,0.3092,0.9973,proposed
2622,0.2282999999999999,0.6869000000000001,proposed
2623,0.0354999999999999,0.9959,proposed
2624,0.2267,0.6987,proposed
2625,0.0547999999999999,0.9954,proposed
2626,0.035,0.7169,proposed
2627,0.2135,0.9973,proposed
2628,0.0253999999999999,0.9949,proposed
2629,0.1997999999999999,0.7165,proposed
2630,0.0302999999999999,0.7222999999999999,proposed
2631,0.2527,0.9972,proposed
2632,0.0289,0.7825,proposed
2633,0.399,0.9971,proposed
2634,0.0294999999999999,0.8054,proposed
2635,0.3712999999999999,0.997,proposed
2636,0.273,0.8135,proposed
2637,0.0394999999999999,0.9974,proposed
2638,0.2784999999999999,0.8137,proposed
2639,0.042,0.9968,proposed
2640,0.1644999999999999,0.8553,proposed
2641,0.0339,0.9977,proposed
2642,0.2055,0.8817,proposed
2643,0.0423999999999999,0.9979,proposed
2644,0.2713,0.8346,proposed
2645,0.0346999999999999,0.9985,proposed
2646,0.3018999999999999,0.9126,proposed
2647,0.0581,0.9982,proposed
2648,0.0857999999999999,0.9212,proposed
2649,0.2413999999999999,0.9984,proposed
2650,0.3198,0.9287,proposed
2651,0.0917,0.9974,proposed
2652,0.2368,0.9131,proposed
2653,0.1037,0.0057,baseline
2654,0.2250999999999999,0.975,proposed
2655,0.1191999999999999,0.9983,proposed
2656,0.2788,0.9703,proposed
2657,0.1185,0.9985,proposed
2658,0.252,0.966,proposed
2659,0.1575999999999999,0.9982,proposed
2660,0.2875999999999999,0.9176,proposed
2661,0.133,0.9985,proposed
2662,0.287,0.9176,proposed
2663,0.1277,0.9968,proposed
2664,0.2493999999999999,0.8597,proposed
2665,0.1575999999999999,0.9968,proposed
2666,0.3221,0.8585,proposed
2667,0.1256,0.9978,proposed
2668,0.2135,0.9609,proposed
2669,0.2346,0.9964,proposed
2670,0.1721,0.0117,baseline
2671,0.152,0.9937,proposed
2672,0.1273999999999999,0.8456,proposed
2673,0.1427,0.9942,proposed
2674,0.1048,0.006,baseline
2675,0.1923,0.9878,proposed
2676,0.1075,0.8586,proposed
2677,0.143,0.9847,proposed
2678,0.0825,0.8471,proposed
2679,0.1309,0.9854,proposed
2680,0.1090999999999999,0.5246,proposed
2681,0.0552,0.2506,proposed
2682,0.1114,0.5169,proposed
2683,0.0535999999999999,0.2957999999999999,proposed
2684,0.131,0.512,proposed
2685,0.0585999999999999,0.1863,proposed
2686,0.0907999999999999,0.5139,proposed
2687,0.0576999999999999,0.3046999999999999,proposed
2688,0.1022999999999999,0.5146,proposed
2689,0.0552,0.2349,proposed
2690,0.0889999999999999,0.5149,proposed
2691,0.0617999999999999,0.3243,proposed
2692,0.0833,0.4056999999999999,proposed
2693,0.0512,0.5233,proposed
2694,0.0911999999999999,0.5203,proposed
2695,0.0706,0.3491999999999999,proposed
2696,0.1019999999999999,0.6544,proposed
2697,0.0686999999999999,0.53,proposed
2698,0.1238,0.4622,proposed
2699,0.0840999999999999,0.5348999999999999,proposed
2700,0.1441,0.4327,proposed
2701,0.0824,0.532,proposed
2702,0.1167,0.6633,proposed
2703,0.0814,0.5334,proposed
2704,0.1185,0.0373999999999999,baseline
2705,0.0836,0.524,proposed
2706,0.1233999999999999,0.617,proposed
2707,0.0657999999999999,0.5277000000000001,proposed
2708,0.1435999999999999,0.0471,baseline
2709,0.0726,0.5233,proposed
2710,0.1283999999999999,0.7422,proposed
2711,0.0662,0.5246999999999999,proposed
2712,0.1544999999999999,0.5166999999999999,proposed
2713,0.0685,0.5194,proposed
2714,0.1756999999999999,0.3547,proposed
2715,0.0696999999999999,0.5173,proposed
2716,0.1716999999999999,0.6700999999999999,proposed
2717,0.0631,0.5182,proposed
2718,0.1448,0.1523999999999999,proposed
2719,0.0581,0.5134000000000001,proposed
2720,0.1323999999999999,0.0744,baseline
2721,0.0546999999999999,0.5164,proposed
2722,0.1157,0.0469,baseline
2723,0.0605,0.5196000000000001,proposed
2724,0.1679,0.149,baseline
2725,0.0612,0.5218,proposed
2726,0.1308,0.0739999999999999,baseline
2727,0.0683,0.5154000000000001,proposed
2728,0.1169,0.1141999999999999,baseline
2729,0.0631,0.5146999999999999,proposed
2730,0.1191999999999999,0.0292,baseline
2731,0.0593,0.515,proposed
2732,0.1220999999999999,0.0353,baseline
2733,0.0562,0.5114000000000001,proposed
2734,0.1227,0.0401,baseline
2735,0.0615,0.5163,proposed
2736,0.0938999999999999,0.0214999999999999,baseline
2737,0.0651,0.5146,proposed
2738,0.0819999999999999,0.0301,baseline
2739,0.0669999999999999,0.5153,proposed
2740,0.0058,0.0019,baseline
2741,0.0464999999999999,0.9849,proposed
2742,0.0032999999999999,0.0022999999999999,baseline
2743,0.0445999999999999,0.9813,proposed
2744,0.0049,0.0021999999999999,baseline
2745,0.0427999999999999,0.9863,proposed
2746,0.0057,0.0024999999999999,baseline
2747,0.0477999999999999,0.9881,proposed
2748,0.0049,0.0021999999999999,baseline
2749,0.0473,0.986,proposed
2750,0.0051999999999999,0.0022999999999999,baseline
2751,0.0501,0.9876,proposed
2752,0.0041999999999999,0.0021999999999999,baseline
2753,0.053,0.9871,proposed
2754,0.0046,0.0029,baseline
2755,0.0555999999999999,0.988,proposed
2756,0.0048,0.0024999999999999,baseline
2757,0.0576999999999999,0.9886,proposed
2758,0.0034999999999999,0.0024999999999999,baseline
2759,0.0522,0.9887,proposed
2760,0.0049,0.0024999999999999,baseline
2761,0.0443999999999999,0.9885,proposed
2762,0.0048,0.0026,baseline
2763,0.0566999999999999,0.9928,proposed
2764,0.0050999999999999,0.0024999999999999,baseline
2765,0.0584,0.9917,proposed
2766,0.0051999999999999,0.0024999999999999,baseline
2767,0.0522,0.9922,proposed
2768,0.0048,0.0023999999999999,baseline
2769,0.0533,0.9956,proposed
2770,0.0048,0.0020999999999999,baseline
2771,0.0651,0.9971,proposed
2772,0.0048,0.0021999999999999,baseline
2773,0.0769999999999999,0.9975,proposed
2774,0.004,0.0023999999999999,baseline
2775,0.0867999999999999,0.9974,proposed
2776,0.0049,0.0026,baseline
2777,0.0889999999999999,0.9983,proposed
2778,0.0046,0.0027,baseline
2779,0.0987,0.9985,proposed
2780,0.0043999999999999,0.0023999999999999,baseline
2781,0.1016,0.9983,proposed
2782,0.0057,0.0021999999999999,baseline
2783,0.0936,0.9984,proposed
2784,0.0040999999999999,0.0024999999999999,baseline
2785,0.1159,0.9984,proposed
2786,0.0037,0.0022999999999999,baseline
2787,0.1179,0.9984,proposed
2788,0.0057,0.0026,baseline
2789,0.1020999999999999,0.9985,proposed
2790,0.0037,0.0023999999999999,baseline
2791,0.1082999999999999,0.9968,proposed
2792,0.0046,0.0024999999999999,baseline
2793,0.1160999999999999,0.9982,proposed
2794,0.0048,0.0024999999999999,baseline
2795,0.1216,0.992,proposed
2796,0.006,0.0024999999999999,baseline
2797,0.1197,0.9941,proposed
2798,0.0026,0.0024999999999999,baseline
2799,0.1135,0.9947,proposed
2800,0.0053999999999999,0.0027,baseline
2801,0.1223999999999999,0.9957,proposed
2802,0.0047,0.0027,baseline
2803,0.1031999999999999,0.9945,proposed
2804,0.996,0.9973,proposed
2805,0.7109,0.9913,proposed
2806,0.0247,0.9977,proposed
2807,0.6912,0.9924,proposed
2808,0.0263999999999999,0.9975,proposed
2809,0.6992,0.9912,proposed
2810,0.0142999999999999,0.9974,proposed
2811,0.7277,0.9913,proposed
2812,0.0880999999999999,0.9974,proposed
2813,0.7176,0.9921,proposed
2814,0.0454999999999999,0.9975,proposed
2815,0.7536,0.9914,proposed
2816,0.0464999999999999,0.997,proposed
2817,0.7175,0.9914,proposed
2818,0.0631,0.9962,proposed
2819,0.6556,0.9929,proposed
2820,0.0614,0.9962,proposed
2821,0.6355,0.0383999999999999,baseline
2822,0.0315999999999999,0.9975,proposed
2823,0.7379,0.9924,proposed
2824,0.0157,0.9961,proposed
2825,0.6856,0.9915,proposed
2826,0.0238,0.9977,proposed
2827,0.636,0.9915,proposed
2828,0.0132999999999999,0.0002999999999999,baseline
2829,0.6034999999999999,0.9931,proposed
2830,0.0101999999999999,0.997,proposed
2831,0.6793,0.9934,proposed
2832,0.0111999999999999,0.9976,proposed
2833,0.7446999999999999,0.9917,proposed
2834,0.0124999999999999,0.4609999999999999,proposed
2835,0.6177,0.0030999999999999,baseline
2836,0.0174999999999999,0.3754999999999999,proposed
2837,0.7101,0.0021999999999999,baseline
2838,0.0133999999999999,0.8644000000000001,proposed
2839,0.6477999999999999,0.0021999999999999,baseline
2840,0.02,0.5023,proposed
2841,0.675,0.0022999999999999,baseline
2842,0.0111999999999999,0.8114,proposed
2843,0.6345000000000001,0.0020999999999999,baseline
2844,0.0118,0.8305,proposed
2845,0.6386000000000001,0.0021999999999999,baseline
2846,0.0203999999999999,0.8507,proposed
2847,0.6141,0.0017,baseline
2848,0.021,0.8374,proposed
2849,0.659,0.0016,baseline
2850,0.025,0.9664,proposed
2851,0.609,0.0017,baseline
2852,0.0253999999999999,0.6166,proposed
2853,0.6355999999999999,0.0018,baseline
2854,0.0213999999999999,0.992,proposed
2855,0.5709,0.0016,baseline
2856,0.0308,0.9931,proposed
2857,0.6088,0.0013999999999999,baseline
2858,0.0203999999999999,0.9925,proposed
2859,0.6376999999999999,0.0014999999999999,baseline
2860,0.0311,0.2869,proposed
2861,0.6463,0.0013999999999999,baseline
2862,0.0219,0.9945,proposed
2863,0.5905,0.0013999999999999,baseline
2864,0.0214999999999999,0.9931,proposed
2865,0.607,0.0013999999999999,baseline
2866,0.0757999999999999,0.999,proposed
2867,0.4122,1.0,proposed
2868,0.0433999999999999,0.999,proposed
2869,0.4236999999999999,0.9999,proposed
2870,0.0567999999999999,0.999,proposed
2871,0.4759,0.9999,proposed
2872,0.0971999999999999,0.999,proposed
2873,0.4473,0.9999,proposed
2874,0.0615,0.999,proposed
2875,0.4578,0.9999,proposed
2876,0.1351,0.9991,proposed
2877,0.3749,0.9999,proposed
2878,0.1292999999999999,0.9991,proposed
2879,0.4125,0.9999,proposed
2880,0.0826,0.999,proposed
2881,0.3431999999999999,1.0,proposed
2882,0.1785999999999999,0.9991,proposed
2883,0.4185999999999999,0.9999,proposed
2884,0.123,0.9991,proposed
2885,0.4046999999999999,0.9999,proposed
2886,0.0725,0.9991,proposed
2887,0.4278999999999999,0.9999,proposed
2888,0.0880999999999999,0.9991,proposed
2889,0.4224,0.9999,proposed
2890,0.051,0.9991,proposed
2891,0.3879,0.9999,proposed
2892,0.0401,0.9991,proposed
2893,0.3981,0.9999,proposed
2894,0.0758999999999999,0.9991,proposed
2895,0.5113,0.9999,proposed
2896,0.0757999999999999,0.931,proposed
2897,0.4135,1.0,proposed
2898,0.0433999999999999,0.9991,proposed
2899,0.3998,0.9999,proposed
2900,0.0495999999999999,0.9991,proposed
2901,0.3985999999999999,0.9999,proposed
2902,0.047,0.9991,proposed
2903,0.4035999999999999,0.9999,proposed
2904,0.0820999999999999,0.9396,proposed
2905,0.4005999999999999,1.0,proposed
2906,0.0536999999999999,0.9991,proposed
2907,0.3823,0.9999,proposed
2908,0.0594,0.9535,proposed
2909,0.3423,1.0,proposed
2910,0.1613,0.9512,proposed
2911,0.3799,1.0,proposed
2912,0.1449,0.9346,proposed
2913,0.4586,1.0,proposed
2914,0.0981999999999999,0.9991,proposed
2915,0.4085,0.9999,proposed
2916,0.0949999999999999,0.9411,proposed
2917,0.3722,1.0,proposed
2918,0.1252999999999999,0.9515,proposed
2919,0.4038,1.0,proposed
2920,0.1804,0.9389,proposed
2921,0.3879,1.0,proposed
2922,0.0574,0.9384,proposed
2923,0.4059,1.0,proposed
2924,0.0676999999999999,0.935,proposed
2925,0.3933,1.0,proposed
2926,0.5628,0.9945,proposed
2927,0.1139999999999999,0.9489,proposed
2928,0.5885,1.0,proposed
2929,0.1028,1.0,proposed
2930,0.5835,1.0,proposed
2931,0.1147,1.0,proposed
2932,0.6002000000000001,0.9931,proposed
2933,0.1071999999999999,0.9412,proposed
2934,0.5964,0.9967,proposed
2935,0.1089,1.0,proposed
2936,0.6022000000000001,0.9921,proposed
2937,0.1034,1.0,proposed
2938,0.6309,0.9936,proposed
2939,0.1016,0.9548,proposed
2940,0.6065,0.9921,proposed
2941,0.1158,0.9333,proposed
2942,0.6388,0.9934,proposed
2943,0.1026,0.9999,proposed
2944,0.5971,0.9934,proposed
2945,0.1082999999999999,0.9259,proposed
2946,0.5919,0.9935,proposed
2947,0.1246,0.962,proposed
2948,0.62,0.9946,proposed
2949,0.1187,0.9687,proposed
2950,0.6073999999999999,0.9942,proposed
2951,0.1137,0.8694,proposed
2952,0.6189,0.9935,proposed
2953,0.1271999999999999,0.8958,proposed
2954,0.6201,0.9932,proposed
2955,0.1200999999999999,1.0,proposed
2956,0.6105,0.9932,proposed
2957,0.1445999999999999,0.8505,proposed
2958,0.5911,0.9931,proposed
2959,0.1414999999999999,0.8902,proposed
2960,0.5919,0.9934,proposed
2961,0.1523999999999999,1.0,proposed
2962,0.5925,0.993,proposed
2963,0.1167,1.0,proposed
2964,0.5996,0.9931,proposed
2965,0.1432,0.9712,proposed
2966,0.601,0.9928,proposed
2967,0.1076,0.9642,proposed
2968,0.6048,0.9933,proposed
2969,0.1241999999999999,1.0,proposed
2970,0.6048,0.9934,proposed
2971,0.1190999999999999,0.9576,proposed
2972,0.5861000000000001,0.9935,proposed
2973,0.1282999999999999,1.0,proposed
2974,0.5945,0.9926,proposed
2975,0.0993,0.9843,proposed
2976,0.5860000000000001,0.9925,proposed
2977,0.1263999999999999,1.0,proposed
2978,0.5780000000000001,0.9915,proposed
2979,0.1241999999999999,1.0,proposed
2980,0.5844,0.9972,proposed
2981,0.1218,1.0,proposed
2982,0.5782,0.9924,proposed
2983,0.1162999999999999,1.0,proposed
2984,0.5787,0.9921,proposed
2985,0.1312999999999999,0.9516,proposed
2986,0.5735,0.9934,proposed
2987,0.1075,0.9553,proposed
2988,0.3584,1.0,proposed
2989,0.8863,0.9755,proposed
2990,0.4413,1.0,proposed
2991,0.888,0.9984,proposed
2992,0.4159,1.0,proposed
2993,0.899,0.9984,proposed
2994,0.422,1.0,proposed
2995,0.9448,0.9982,proposed
2996,0.484,1.0,proposed
2997,0.7395,0.9983,proposed
2998,0.3032,1.0,proposed
2999,0.6931,0.9983,proposed
3000,0.3549,1.0,proposed
3001,0.8141,0.9982,proposed
3002,0.3848,1.0,proposed
3003,0.8526,0.9985,proposed
3004,0.4246999999999999,1.0,proposed
3005,0.8926000000000001,0.998,proposed
3006,0.4408999999999999,1.0,proposed
3007,0.9398,0.9981,proposed
3008,0.4036999999999999,1.0,proposed
3009,0.9606,0.9981,proposed
3010,0.4525,1.0,proposed
3011,0.9742,0.9982,proposed
3012,0.3247,1.0,proposed
3013,0.9748,0.9979,proposed
3014,0.4506,1.0,proposed
3015,0.9584,0.9979,proposed
3016,0.3339,1.0,proposed
3017,0.9724,0.998,proposed
3018,0.3379,1.0,proposed
3019,0.9759,0.998,proposed
3020,0.3879,1.0,proposed
3021,0.9694,0.9982,proposed
3022,0.3423,1.0,proposed
3023,0.9859,0.9981,proposed
3024,0.3544,1.0,proposed
3025,0.9834,0.9981,proposed
3026,0.3663999999999999,1.0,proposed
3027,0.9848,0.9983,proposed
3028,0.4075999999999999,1.0,proposed
3029,0.9817,0.998,proposed
3030,0.4155999999999999,1.0,proposed
3031,0.9761,0.9979,proposed
3032,0.382,1.0,proposed
3033,0.973,0.9979,proposed
3034,0.2863,1.0,proposed
3035,0.9766,0.9978,proposed
3036,0.4036999999999999,1.0,proposed
3037,0.9693,0.9977,proposed
3038,0.3662999999999999,1.0,proposed
3039,0.9672,0.998,proposed
3040,0.3982,1.0,proposed
3041,0.9646,0.9979,proposed
3042,0.3656,1.0,proposed
3043,0.9497,0.998,proposed
3044,0.3537,1.0,proposed
3045,0.9507,0.998,proposed
3046,0.401,1.0,proposed
3047,0.9281,0.9983,proposed
