,actual_class,bored,engaged,on_the_phone,raise_hand
0,raise_hand,0.0,0.0,0.0269,0.9731
1,raise_hand,0.0,0.0,0.0246,0.9754
2,raise_hand,0.0,0.0,0.0331,0.9669
3,raise_hand,0.0,0.0,0.0283,0.9716
4,raise_hand,0.0,0.0,0.0276,0.9724
5,raise_hand,0.0,0.0,0.0371,0.9628
6,raise_hand,0.0,0.0,0.0279,0.9721
7,raise_hand,0.0,0.0,0.0277,0.9723
8,raise_hand,0.0,0.0,0.0284,0.9716
9,raise_hand,0.0,0.0,0.0252,0.9748
10,raise_hand,0.0,0.0,0.029,0.9709
11,raise_hand,0.0,0.0,0.0335,0.9665
12,raise_hand,0.0,0.0,0.0363,0.9637
13,raise_hand,0.0,0.0,0.0349,0.9651
14,raise_hand,0.0,0.0,0.0391,0.9609
15,raise_hand,0.0,0.0,0.0435,0.9565
16,raise_hand,0.0,0.0,0.047,0.953
17,raise_hand,0.0,0.0,0.0556,0.9444
18,raise_hand,0.0,0.0,0.0572,0.9428
19,raise_hand,0.0,0.0,0.0651,0.9349
20,raise_hand,0.0,0.0,0.0665,0.9335
21,raise_hand,0.0,0.0,0.0602,0.9398
22,raise_hand,0.0,0.0,0.0642,0.9358
23,raise_hand,0.0,0.0,0.0671,0.9329
24,raise_hand,0.0,0.0,0.0722,0.9278
25,raise_hand,0.0001,0.0,0.0785,0.9215
26,raise_hand,0.0001,0.0,0.0862,0.9137
27,raise_hand,0.0001,0.0,0.0902,0.9098
28,raise_hand,0.0001,0.0,0.0847,0.9153
29,raise_hand,0.0001,0.0,0.0887,0.9112
30,raise_hand,0.0001,0.0,0.0879,0.9121
31,raise_hand,0.0001,0.0,0.0903,0.9097
32,raise_hand,0.0001,0.0,0.0935,0.9064
33,raise_hand,0.0001,0.0,0.0962,0.9037
34,raise_hand,0.0001,0.0,0.0884,0.9116
35,raise_hand,0.0001,0.0,0.0877,0.9122
36,raise_hand,0.0001,0.0,0.0835,0.9164
37,raise_hand,0.0001,0.0,0.0861,0.9138
38,raise_hand,0.0001,0.0,0.0858,0.9141
39,raise_hand,0.0001,0.0,0.0916,0.9083
40,raise_hand,0.0001,0.0,0.0946,0.9053
41,raise_hand,0.0001,0.0,0.0993,0.9007
42,raise_hand,0.0001,0.0,0.0918,0.9081
43,raise_hand,0.0001,0.0,0.0947,0.9052
44,raise_hand,0.0001,0.0,0.0997,0.9002
45,raise_hand,0.0004,0.0,0.0085,0.9912
46,raise_hand,0.0003,0.0,0.0053,0.9944
47,raise_hand,0.0003,0.0,0.0048,0.9949
48,raise_hand,0.0003,0.0,0.0037,0.9961
49,raise_hand,0.0003,0.0,0.0036,0.9961
50,raise_hand,0.0002,0.0,0.0035,0.9963
51,raise_hand,0.0003,0.0,0.0044,0.9953
52,raise_hand,0.0003,0.0,0.004,0.9957
53,raise_hand,0.0003,0.0,0.0036,0.9961
54,raise_hand,0.0002,0.0,0.0032,0.9965
55,raise_hand,0.0002,0.0,0.0034,0.9964
56,raise_hand,0.0002,0.0,0.0028,0.9969
57,raise_hand,0.0002,0.0,0.0031,0.9967
58,raise_hand,0.0002,0.0,0.0029,0.9969
59,raise_hand,0.0003,0.0,0.0036,0.9961
60,raise_hand,0.0003,0.0,0.0036,0.9961
61,raise_hand,0.0002,0.0,0.0035,0.9962
62,raise_hand,0.0003,0.0,0.004,0.9957
63,raise_hand,0.0003,0.0,0.0043,0.9955
64,raise_hand,0.0002,0.0,0.0042,0.9956
65,raise_hand,0.0003,0.0,0.0044,0.9954
66,raise_hand,0.0002,0.0,0.0044,0.9954
67,raise_hand,0.0003,0.0,0.0045,0.9952
68,raise_hand,0.0003,0.0,0.0054,0.9943
69,raise_hand,0.0003,0.0,0.0059,0.9937
70,raise_hand,0.0003,0.0,0.0054,0.9944
71,raise_hand,0.0003,0.0,0.0058,0.9939
72,raise_hand,0.0004,0.0,0.007,0.9926
73,raise_hand,0.0004,0.0,0.0082,0.9914
74,raise_hand,0.0006,0.0,0.0112,0.9882
75,raise_hand,0.0007,0.0,0.0171,0.9821
76,raise_hand,0.0011,0.0,0.0249,0.974
77,engaged,0.0113,0.5136,0.4669,0.0082
78,engaged,0.0116,0.4625,0.5155,0.0103
79,engaged,0.0116,0.4641,0.514,0.0103
80,engaged,0.0115,0.4851,0.4941,0.0093
81,engaged,0.0117,0.4592,0.5187,0.0105
82,engaged,0.0116,0.4639,0.5142,0.0103
83,engaged,0.0116,0.4774,0.5014,0.0097
84,engaged,0.0116,0.4711,0.5074,0.0099
85,engaged,0.0117,0.4548,0.5228,0.0107
86,engaged,0.0115,0.4809,0.498,0.0095
87,engaged,0.0117,0.4489,0.5284,0.011
88,engaged,0.0115,0.4888,0.4905,0.0092
89,engaged,0.0114,0.4952,0.4844,0.009
90,engaged,0.0112,0.5184,0.4623,0.0081
91,engaged,0.0115,0.4867,0.4925,0.0093
92,engaged,0.0114,0.5015,0.4784,0.0087
93,engaged,0.0113,0.5096,0.4707,0.0084
94,engaged,0.0112,0.5263,0.4548,0.0078
95,engaged,0.011,0.5431,0.4388,0.0072
96,engaged,0.0112,0.5271,0.454,0.0077
97,engaged,0.0112,0.5189,0.4618,0.008
98,engaged,0.0113,0.5153,0.4653,0.0082
99,engaged,0.0113,0.5056,0.4746,0.0085
100,engaged,0.0112,0.5229,0.458,0.0079
101,engaged,0.0113,0.512,0.4684,0.0083
102,engaged,0.0112,0.5192,0.4615,0.008
103,engaged,0.0112,0.5224,0.4585,0.0079
104,engaged,0.0114,0.4938,0.4857,0.009
105,engaged,0.0116,0.4769,0.5019,0.0097
106,engaged,0.0116,0.4689,0.5094,0.0101
107,engaged,0.0114,0.4997,0.4802,0.0088
108,engaged,0.0113,0.5135,0.4669,0.0083
109,engaged,0.0118,0.4333,0.5431,0.0118
110,engaged,0.0114,0.4962,0.4834,0.0089
111,engaged,0.0109,0.5562,0.4261,0.0068
112,engaged,0.0104,0.6003,0.3839,0.0054
113,engaged,0.0082,0.7457,0.2438,0.0023
114,engaged,0.007,0.806,0.1856,0.0014
115,engaged,0.006,0.8491,0.144,0.0009
116,engaged,0.0061,0.8478,0.1453,0.0009
117,engaged,0.0067,0.8183,0.1738,0.0012
118,engaged,0.007,0.8063,0.1853,0.0014
119,engaged,0.0068,0.8155,0.1764,0.0012
120,engaged,0.0068,0.8146,0.1773,0.0012
121,engaged,0.0067,0.8221,0.1701,0.0012
122,engaged,0.0065,0.8312,0.1613,0.0011
123,engaged,0.0063,0.8365,0.1562,0.001
124,engaged,0.0064,0.8338,0.1588,0.001
125,engaged,0.0066,0.8223,0.1699,0.0011
126,engaged,0.0069,0.8253,0.1667,0.0011
127,engaged,0.0065,0.828,0.1644,0.0011
128,engaged,0.0064,0.8443,0.1483,0.0009
129,engaged,0.0063,0.8412,0.1515,0.0009
130,engaged,0.0062,0.8394,0.1534,0.001
131,engaged,0.0062,0.8407,0.1521,0.0009
132,engaged,0.0065,0.8351,0.1574,0.001
133,engaged,0.0066,0.8408,0.1517,0.001
134,engaged,0.0065,0.8301,0.1624,0.0011
135,engaged,0.0067,0.8216,0.1706,0.0012
136,engaged,0.0073,0.8398,0.1519,0.001
137,engaged,0.0064,0.832,0.1606,0.001
138,engaged,0.0073,0.8419,0.1497,0.001
139,engaged,0.0082,0.8483,0.1424,0.001
140,engaged,0.0061,0.8457,0.1473,0.0009
141,engaged,0.0061,0.8455,0.1475,0.0009
142,engaged,0.0062,0.8412,0.1517,0.0009
143,engaged,0.0062,0.8404,0.1524,0.001
144,engaged,0.0063,0.8368,0.1559,0.001
145,engaged,0.0061,0.8435,0.1495,0.0009
146,engaged,0.006,0.8479,0.1452,0.0009
147,engaged,0.0063,0.8499,0.143,0.0009
148,engaged,0.0068,0.85,0.1423,0.0009
149,engaged,0.0065,0.8388,0.1537,0.001
150,engaged,0.0065,0.8304,0.162,0.0011
151,engaged,0.0066,0.8476,0.1449,0.0009
152,engaged,0.0073,0.843,0.1487,0.001
153,engaged,0.0063,0.8386,0.154,0.001
154,engaged,0.0063,0.8391,0.1536,0.001
155,engaged,0.0064,0.8431,0.1496,0.0009
156,engaged,0.0072,0.847,0.1448,0.001
157,engaged,0.0069,0.8464,0.1458,0.001
158,engaged,0.0071,0.8359,0.156,0.0011
159,engaged,0.0066,0.8263,0.166,0.0011
160,engaged,0.0063,0.8375,0.1553,0.001
161,engaged,0.0066,0.8511,0.1414,0.0009
162,engaged,0.0065,0.8294,0.163,0.0011
163,engaged,0.0065,0.8291,0.1633,0.0011
164,engaged,0.0065,0.8272,0.1652,0.0011
165,engaged,0.0073,0.837,0.1546,0.0011
166,engaged,0.0063,0.8356,0.1571,0.001
167,engaged,0.0061,0.8463,0.1467,0.0009
168,engaged,0.0063,0.8359,0.1568,0.001
169,engaged,0.0067,0.8223,0.1699,0.0012
170,engaged,0.0074,0.7863,0.2047,0.0016
171,engaged,0.0074,0.7881,0.2029,0.0016
172,engaged,0.0075,0.7846,0.2063,0.0017
173,engaged,0.0077,0.7729,0.2176,0.0018
174,engaged,0.0084,0.735,0.2541,0.0024
175,engaged,0.0083,0.7445,0.245,0.0023
176,engaged,0.0083,0.7398,0.2495,0.0023
177,engaged,0.0086,0.7242,0.2646,0.0026
178,engaged,0.008,0.7601,0.23,0.002
179,engaged,0.0084,0.7338,0.2553,0.0024
180,engaged,0.0075,0.7851,0.2058,0.0016
181,engaged,0.0077,0.7745,0.216,0.0018
182,engaged,0.0074,0.786,0.205,0.0016
183,engaged,0.0079,0.7619,0.2282,0.002
184,engaged,0.0077,0.7757,0.2148,0.0018
185,engaged,0.0077,0.7714,0.2191,0.0018
186,engaged,0.0074,0.7882,0.2028,0.0016
187,engaged,0.0076,0.7776,0.213,0.0017
188,engaged,0.0077,0.774,0.2165,0.0018
189,engaged,0.0077,0.7733,0.2171,0.0018
190,engaged,0.0077,0.7718,0.2187,0.0018
191,engaged,0.0079,0.7653,0.2249,0.0019
192,engaged,0.0075,0.7835,0.2073,0.0017
193,engaged,0.0076,0.7787,0.2119,0.0017
194,engaged,0.0075,0.7846,0.2063,0.0016
195,engaged,0.0073,0.7934,0.1977,0.0015
196,engaged,0.0072,0.7981,0.1933,0.0015
197,engaged,0.0075,0.7852,0.2057,0.0016
198,bored,0.669,0.0782,0.1192,0.1336
199,bored,0.8004,0.0512,0.0571,0.0914
200,bored,0.8373,0.06,0.0433,0.0594
201,bored,0.7894,0.0712,0.063,0.0764
202,bored,0.793,0.0665,0.0615,0.079
203,bored,0.7863,0.0964,0.0609,0.0563
204,bored,0.8079,0.108,0.0464,0.0377
205,bored,0.8396,0.0701,0.0412,0.0491
206,bored,0.7963,0.0847,0.0584,0.0606
207,bored,0.6144,0.1502,0.1453,0.0901
208,bored,0.8552,0.068,0.0349,0.0418
209,bored,0.7815,0.1018,0.062,0.0547
210,bored,0.8838,0.0633,0.0238,0.0291
211,bored,0.8713,0.0455,0.0309,0.0523
212,bored,0.7868,0.0613,0.0638,0.0881
213,bored,0.8314,0.0524,0.0456,0.0705
214,bored,0.8441,0.0476,0.0406,0.0677
215,bored,0.873,0.0342,0.0295,0.0634
216,bored,0.7973,0.0613,0.0594,0.0819
217,bored,0.7897,0.0673,0.0629,0.08
218,bored,0.7786,0.0726,0.0677,0.0811
219,bored,0.7003,0.1351,0.0971,0.0674
220,bored,0.7619,0.1133,0.0692,0.0557
221,bored,0.7715,0.0953,0.0687,0.0646
222,bored,0.7186,0.0958,0.0954,0.0902
223,bored,0.7071,0.1239,0.0965,0.0725
224,bored,0.7116,0.1177,0.0955,0.0751
225,bored,0.7742,0.0997,0.0662,0.0599
226,bored,0.7268,0.0713,0.0909,0.1111
227,bored,0.7215,0.0741,0.0936,0.1108
228,bored,0.7334,0.1113,0.085,0.0702
229,bored,0.6332,0.1431,0.1354,0.0884
230,bored,0.6962,0.0747,0.1056,0.1235
231,bored,0.58,0.1348,0.1701,0.1151
232,bored,0.569,0.2336,0.141,0.0563
233,bored,0.7163,0.0904,0.0968,0.0964
234,bored,0.6852,0.1019,0.1124,0.1006
235,bored,0.6358,0.1207,0.1382,0.1054
236,bored,0.659,0.1057,0.1264,0.1089
237,bored,0.4922,0.1926,0.2156,0.0996
238,bored,0.4665,0.194,0.2343,0.1052
239,bored,0.7507,0.0725,0.0801,0.0966
240,bored,0.585,0.1304,0.1677,0.1169
241,bored,0.4994,0.1071,0.2213,0.1722
242,bored,0.4677,0.0808,0.2307,0.2208
243,bored,0.458,0.1273,0.2518,0.1629
244,bored,0.5338,0.0408,0.1542,0.2712
245,bored,0.4779,0.1144,0.2367,0.171
246,bored,0.2948,0.0751,0.3496,0.2805
247,bored,0.3909,0.1146,0.2988,0.1957
248,bored,0.412,0.0896,0.2733,0.2251
249,bored,0.3319,0.0625,0.3044,0.3012
250,bored,0.4588,0.1119,0.2494,0.18
251,bored,0.2935,0.0365,0.2762,0.3938
252,bored,0.4515,0.0396,0.1908,0.3181
253,bored,0.4341,0.0328,0.1842,0.3489
254,bored,0.4141,0.027,0.1765,0.3824
255,bored,0.3942,0.0463,0.2347,0.3248
256,bored,0.4605,0.0296,0.1634,0.3465
257,bored,0.4715,0.0432,0.1872,0.2981
258,bored,0.4876,0.043,0.179,0.2904
259,bored,0.4103,0.0411,0.2156,0.333
260,bored,0.4442,0.0372,0.189,0.3296
261,bored,0.4112,0.0344,0.199,0.3555
262,bored,0.4019,0.0296,0.1908,0.3777
263,bored,0.4459,0.0358,0.1852,0.333
264,bored,0.3006,0.0588,0.3226,0.3181
265,bored,0.3958,0.0731,0.2713,0.2598
266,bored,0.2754,0.0504,0.3265,0.3476
267,bored,0.3563,0.0434,0.2521,0.3482
268,bored,0.3286,0.0457,0.276,0.3497
269,bored,0.2922,0.0763,0.3538,0.2777
270,bored,0.3712,0.0712,0.2864,0.2712
271,bored,0.2391,0.0748,0.401,0.2851
272,bored,0.3727,0.0617,0.2739,0.2917
273,bored,0.2848,0.0633,0.3428,0.309
274,bored,0.2356,0.0785,0.4089,0.2769
275,bored,0.2771,0.0674,0.3556,0.2999
276,bored,0.1519,0.0946,0.5215,0.232
277,bored,0.2423,0.0582,0.3716,0.3278
278,bored,0.2222,0.0546,0.3842,0.339
279,bored,0.2466,0.0655,0.3804,0.3075
280,bored,0.2226,0.0674,0.4072,0.3027
281,bored,0.2482,0.0684,0.3833,0.3001
282,bored,0.2665,0.1371,0.4092,0.1872
283,bored,0.2234,0.1393,0.4531,0.1843
284,bored,0.2615,0.1641,0.4141,0.1603
285,bored,0.2387,0.1915,0.4313,0.1385
286,bored,0.2438,0.1902,0.4265,0.1395
287,bored,0.2226,0.076,0.4187,0.2826
288,bored,0.3724,0.088,0.3005,0.2392
289,bored,0.3263,0.0606,0.3055,0.3077
290,bored,0.2984,0.0522,0.3119,0.3374
291,bored,0.4039,0.0712,0.2644,0.2605
292,bored,0.3485,0.0646,0.2949,0.292
293,bored,0.4411,0.0777,0.245,0.2362
294,bored,0.417,0.0517,0.2309,0.3004
295,bored,0.3746,0.0636,0.275,0.2868
296,bored,0.344,0.0516,0.2771,0.3273
297,bored,0.3515,0.0465,0.2619,0.3402
298,bored,0.3649,0.0534,0.2664,0.3152
299,bored,0.2673,0.0415,0.3106,0.3807
300,bored,0.3276,0.0445,0.2736,0.3543
301,bored,0.2952,0.0555,0.3204,0.3289
302,bored,0.352,0.0525,0.2733,0.3222
303,bored,0.4029,0.0488,0.2344,0.3139
304,bored,0.5401,0.0515,0.1655,0.243
305,bored,0.5049,0.0529,0.1842,0.258
306,bored,0.4794,0.0358,0.1693,0.3155
307,bored,0.3539,0.0379,0.2398,0.3684
308,bored,0.3549,0.0384,0.2405,0.3662
309,bored,0.3064,0.0624,0.3235,0.3078
310,bored,0.4094,0.0683,0.2572,0.2651
311,bored,0.5377,0.0505,0.1656,0.2462
312,bored,0.5379,0.0638,0.1783,0.2199
313,bored,0.5016,0.0777,0.2084,0.2123
314,bored,0.5617,0.0687,0.1696,0.2
315,bored,0.553,0.0694,0.1744,0.2032
316,bored,0.688,0.0483,0.0987,0.165
317,bored,0.6304,0.0637,0.1328,0.173
318,bored,0.9646,0.0263,0.0038,0.0052
319,bored,0.9576,0.026,0.0065,0.0099
320,bored,0.973,0.019,0.003,0.0051
321,bored,0.9545,0.0352,0.0049,0.0054
322,bored,0.9666,0.0253,0.0034,0.0047
323,bored,0.9674,0.0258,0.0029,0.0039
324,bored,0.9609,0.0337,0.0026,0.0027
325,bored,0.9656,0.0287,0.0026,0.0031
326,bored,0.9634,0.0303,0.0029,0.0034
327,bored,0.9746,0.0202,0.002,0.0031
328,bored,0.9583,0.0352,0.0032,0.0033
329,bored,0.9404,0.0476,0.0063,0.0057
330,bored,0.9703,0.0251,0.002,0.0026
331,bored,0.9468,0.0436,0.005,0.0047
332,bored,0.9201,0.0636,0.0093,0.007
333,bored,0.956,0.0358,0.004,0.0042
334,bored,0.9738,0.0224,0.0016,0.0022
335,bored,0.9811,0.0164,0.001,0.0016
336,bored,0.968,0.0249,0.003,0.0041
337,bored,0.9841,0.0129,0.001,0.002
338,bored,0.9708,0.021,0.0032,0.005
339,bored,0.9737,0.0202,0.0024,0.0037
340,bored,0.9779,0.0179,0.0016,0.0026
341,bored,0.9362,0.0495,0.0075,0.0067
342,bored,0.9564,0.0342,0.0044,0.005
343,bored,0.9552,0.0349,0.0047,0.0052
344,bored,0.9709,0.0228,0.0026,0.0037
345,bored,0.9384,0.0527,0.0049,0.0039
346,bored,0.9611,0.0286,0.0045,0.0059
347,bored,0.9581,0.0331,0.0041,0.0047
348,bored,0.9772,0.018,0.0018,0.003
349,bored,0.9633,0.0284,0.0037,0.0046
350,bored,0.9098,0.0577,0.0171,0.0154
351,bored,0.938,0.0398,0.0104,0.0118
352,bored,0.9153,0.0571,0.0146,0.013
353,bored,0.9312,0.0475,0.0107,0.0106
354,bored,0.9706,0.0181,0.0039,0.0073
355,bored,0.956,0.0223,0.0079,0.0139
356,bored,0.9674,0.0239,0.0035,0.0051
357,bored,0.9008,0.0624,0.0197,0.017
358,bored,0.8592,0.0773,0.0357,0.0279
359,bored,0.8554,0.0761,0.038,0.0305
360,bored,0.8883,0.0647,0.0252,0.0218
361,bored,0.7635,0.1549,0.0564,0.0252
362,bored,0.7492,0.1496,0.0689,0.0324
363,bored,0.7499,0.1533,0.0664,0.0304
364,bored,0.7053,0.1517,0.0969,0.0462
365,bored,0.7881,0.1151,0.0609,0.0359
366,bored,0.8029,0.1167,0.0512,0.0292
367,bored,0.8671,0.0833,0.0289,0.0206
368,bored,0.5308,0.2466,0.1718,0.0508
369,bored,0.6177,0.2065,0.1295,0.0463
370,bored,0.5869,0.2266,0.1406,0.0458
371,bored,0.3391,0.3994,0.2259,0.0356
372,bored,0.4781,0.1747,0.2495,0.0978
373,bored,0.248,0.4286,0.2868,0.0365
374,bored,0.4834,0.1882,0.2399,0.0885
375,bored,0.7606,0.1045,0.0815,0.0534
376,bored,0.9109,0.0414,0.0214,0.0263
377,bored,0.7827,0.0922,0.0725,0.0526
378,bored,0.7955,0.0933,0.065,0.0463
379,bored,0.625,0.1242,0.16,0.0908
380,bored,0.6048,0.1419,0.1685,0.0848
381,bored,0.5722,0.1517,0.1879,0.0883
382,bored,0.8027,0.0876,0.0627,0.047
383,bored,0.7185,0.1157,0.1031,0.0627
384,bored,0.475,0.1668,0.2545,0.1037
385,bored,0.6939,0.1101,0.1198,0.0762
386,bored,0.6953,0.1185,0.1166,0.0696
387,bored,0.5722,0.1503,0.1884,0.0891
388,bored,0.2111,0.2327,0.4612,0.0951
389,bored,0.3724,0.1965,0.3267,0.1044
390,bored,0.6101,0.172,0.1529,0.065
391,bored,0.6063,0.1922,0.1456,0.0558
392,bored,0.3527,0.2114,0.3372,0.0987
393,bored,0.4723,0.1805,0.2515,0.0956
394,bored,0.8455,0.0897,0.0382,0.0266
395,bored,0.4247,0.2387,0.262,0.0746
396,bored,0.6206,0.1873,0.1378,0.0543
397,bored,0.5657,0.2433,0.1465,0.0445
398,bored,0.5408,0.2262,0.1761,0.0569
399,bored,0.606,0.169,0.1571,0.0679
400,bored,0.7627,0.0976,0.0823,0.0574
401,bored,0.6418,0.2531,0.0817,0.0234
402,bored,0.6075,0.2101,0.1348,0.0475
403,bored,0.6119,0.1826,0.1464,0.059
404,bored,0.4177,0.2305,0.2723,0.0795
405,bored,0.676,0.1441,0.1197,0.0602
406,bored,0.834,0.0832,0.047,0.0358
407,bored,0.2876,0.4265,0.2513,0.0345
408,bored,0.5721,0.2461,0.1398,0.042
409,bored,0.8845,0.0722,0.0242,0.0191
410,bored,0.5376,0.2105,0.1872,0.0646
411,bored,0.719,0.1486,0.0893,0.0431
412,bored,0.697,0.1684,0.0941,0.0406
413,bored,0.5696,0.2179,0.1588,0.0537
414,bored,0.7074,0.1106,0.1115,0.0705
415,bored,0.7556,0.1024,0.0851,0.0569
416,bored,0.7011,0.1426,0.1038,0.0525
417,bored,0.754,0.1129,0.0825,0.0506
418,bored,0.6789,0.1209,0.1262,0.074
419,bored,0.8915,0.0628,0.0243,0.0215
420,bored,0.8815,0.0683,0.0273,0.0229
421,bored,0.8866,0.066,0.0256,0.0218
422,bored,0.8599,0.0778,0.0351,0.0272
423,bored,0.5932,0.2288,0.1345,0.0435
424,bored,0.6826,0.1906,0.0917,0.0352
425,bored,0.6204,0.1529,0.1539,0.0729
426,bored,0.878,0.073,0.0274,0.0217
427,bored,0.8896,0.0693,0.0227,0.0183
428,bored,0.4405,0.3399,0.1823,0.0373
429,bored,0.8717,0.0905,0.023,0.0147
430,bored,0.8385,0.1049,0.0354,0.0212
431,bored,0.8332,0.1097,0.0362,0.0209
432,bored,0.8469,0.1034,0.0311,0.0186
433,bored,0.802,0.1572,0.029,0.0117
434,bored,0.4959,0.3387,0.1367,0.0287
435,bored,0.6821,0.2309,0.0664,0.0206
436,bored,0.6654,0.2423,0.0711,0.0211
437,bored,0.3504,0.4879,0.1436,0.0181
438,bored,0.7961,0.1626,0.0297,0.0117
439,on_the_phone,0.031,0.1051,0.7656,0.0983
440,on_the_phone,0.0334,0.1085,0.7592,0.0989
441,on_the_phone,0.0375,0.0992,0.7499,0.1134
442,on_the_phone,0.0392,0.0958,0.7459,0.1191
443,on_the_phone,0.0358,0.0875,0.7536,0.1231
444,on_the_phone,0.038,0.0916,0.7491,0.1213
445,on_the_phone,0.0399,0.0885,0.7439,0.1277
446,on_the_phone,0.0431,0.0872,0.7358,0.1339
447,on_the_phone,0.0366,0.0771,0.7495,0.1368
448,on_the_phone,0.0394,0.0781,0.7423,0.1402
449,on_the_phone,0.0389,0.0772,0.7429,0.141
450,on_the_phone,0.0361,0.0794,0.7521,0.1325
451,on_the_phone,0.0353,0.0783,0.7531,0.1333
452,on_the_phone,0.0289,0.0748,0.771,0.1253
453,on_the_phone,0.0316,0.075,0.7631,0.1303
454,on_the_phone,0.0325,0.0769,0.7609,0.1297
455,on_the_phone,0.0303,0.0806,0.7687,0.1204
456,on_the_phone,0.035,0.0824,0.7552,0.1273
457,on_the_phone,0.0275,0.0771,0.7766,0.1187
458,on_the_phone,0.0317,0.0794,0.7644,0.1245
459,on_the_phone,0.0335,0.077,0.7584,0.1311
460,on_the_phone,0.027,0.0688,0.7757,0.1285
461,on_the_phone,0.0223,0.0614,0.789,0.1273
462,on_the_phone,0.0202,0.055,0.7929,0.1319
463,on_the_phone,0.0158,0.0464,0.8061,0.1317
464,on_the_phone,0.013,0.0376,0.8102,0.1392
465,on_the_phone,0.0121,0.0351,0.8114,0.1413
466,on_the_phone,0.011,0.0342,0.8174,0.1374
467,on_the_phone,0.0089,0.0321,0.8306,0.1284
468,on_the_phone,0.0109,0.0316,0.8131,0.1443
469,on_the_phone,0.0095,0.0302,0.8216,0.1387
470,on_the_phone,0.0093,0.0298,0.8222,0.1387
471,on_the_phone,0.0087,0.0292,0.8267,0.1354
472,on_the_phone,0.0093,0.0314,0.8263,0.133
473,on_the_phone,0.0069,0.0278,0.8419,0.1235
474,on_the_phone,0.0088,0.0302,0.828,0.1329
475,on_the_phone,0.0082,0.0309,0.8349,0.1259
476,on_the_phone,0.009,0.0329,0.8323,0.1259
477,on_the_phone,0.0082,0.0287,0.8306,0.1325
478,on_the_phone,0.0087,0.0325,0.8343,0.1245
479,on_the_phone,0.0073,0.0257,0.8326,0.1344
480,on_the_phone,0.0092,0.0311,0.8264,0.1333
481,on_the_phone,0.0093,0.031,0.8258,0.1339
482,on_the_phone,0.0101,0.034,0.8252,0.1308
483,on_the_phone,0.01,0.0336,0.8243,0.1322
484,on_the_phone,0.0105,0.0354,0.8244,0.1297
485,on_the_phone,0.0111,0.0376,0.8232,0.1281
486,on_the_phone,0.0122,0.0389,0.8171,0.1318
487,on_the_phone,0.0123,0.0392,0.8172,0.1314
488,on_the_phone,0.0125,0.0375,0.8131,0.1369
489,on_the_phone,0.0114,0.039,0.8228,0.1268
490,on_the_phone,0.0134,0.0397,0.8116,0.1354
491,on_the_phone,0.0136,0.0434,0.8155,0.1276
492,on_the_phone,0.012,0.0393,0.82,0.1287
493,on_the_phone,0.0113,0.0388,0.824,0.1259
494,on_the_phone,0.0113,0.04,0.8252,0.1236
495,on_the_phone,0.0131,0.0399,0.8141,0.133
496,on_the_phone,0.011,0.036,0.8219,0.1311
497,on_the_phone,0.0109,0.0376,0.8253,0.1262
498,on_the_phone,0.0116,0.0369,0.8186,0.1329
499,on_the_phone,0.0107,0.0362,0.8245,0.1286
500,on_the_phone,0.0108,0.035,0.8216,0.1325
501,raise_hand,0.0002,0.0,0.0614,0.9385
502,raise_hand,0.0205,0.0,0.0257,0.9538
503,raise_hand,0.0001,0.0,0.0644,0.9354
504,raise_hand,0.0197,0.0,0.0227,0.9576
505,raise_hand,0.0002,0.0,0.0633,0.9366
506,raise_hand,0.0299,0.0,0.0218,0.9483
507,raise_hand,0.0002,0.0,0.0674,0.9324
508,raise_hand,0.0252,0.0,0.0238,0.951
509,raise_hand,0.0002,0.0,0.0629,0.9369
510,raise_hand,0.0262,0.0,0.0213,0.9525
511,raise_hand,0.0002,0.0,0.0645,0.9353
512,raise_hand,0.0217,0.0,0.0215,0.9568
513,raise_hand,0.0002,0.0,0.0712,0.9286
514,raise_hand,0.0194,0.0,0.0226,0.9579
515,raise_hand,0.0003,0.0,0.0669,0.9328
516,raise_hand,0.0247,0.0,0.0208,0.9545
517,raise_hand,0.0003,0.0,0.0644,0.9353
518,raise_hand,0.0259,0.0,0.0198,0.9543
519,raise_hand,0.0003,0.0,0.0699,0.9298
520,raise_hand,0.0306,0.0,0.0218,0.9476
521,raise_hand,0.0003,0.0,0.0697,0.93
522,raise_hand,0.029,0.0,0.0227,0.9482
523,raise_hand,0.0003,0.0,0.0608,0.9389
524,raise_hand,0.0405,0.0,0.0209,0.9385
525,raise_hand,0.049,0.0001,0.0217,0.9293
526,raise_hand,0.0003,0.0,0.0702,0.9296
527,raise_hand,0.0003,0.0,0.0697,0.93
528,raise_hand,0.0723,0.0001,0.0297,0.8979
529,raise_hand,0.0003,0.0,0.0651,0.9346
530,raise_hand,0.1252,0.0002,0.0307,0.8438
531,raise_hand,0.0003,0.0,0.0723,0.9274
532,raise_hand,0.1898,0.0003,0.0311,0.7787
533,raise_hand,0.0003,0.0,0.0759,0.9239
534,raise_hand,0.2394,0.0006,0.0379,0.7221
535,raise_hand,0.0003,0.0,0.0707,0.929
536,raise_hand,0.362,0.0008,0.033,0.6041
537,raise_hand,0.0003,0.0,0.0664,0.9333
538,raise_hand,0.4021,0.001,0.0337,0.5631
539,raise_hand,0.0003,0.0,0.0729,0.9268
540,raise_hand,0.4579,0.001,0.029,0.5121
541,raise_hand,0.0002,0.0,0.0736,0.9262
542,raise_hand,0.4775,0.0015,0.0348,0.4863
543,raise_hand,0.5034,0.0014,0.0317,0.4635
544,raise_hand,0.0003,0.0,0.0714,0.9283
545,raise_hand,0.4812,0.0013,0.0324,0.485
546,raise_hand,0.0003,0.0,0.074,0.9257
547,raise_hand,0.5171,0.0016,0.0335,0.4478
548,raise_hand,0.0003,0.0,0.0748,0.925
549,raise_hand,0.5178,0.0016,0.0322,0.4484
550,raise_hand,0.0003,0.0,0.0694,0.9303
551,raise_hand,0.0002,0.0,0.0738,0.926
552,raise_hand,0.5202,0.0015,0.0315,0.4468
553,raise_hand,0.0002,0.0,0.0717,0.9281
554,raise_hand,0.4325,0.0012,0.0337,0.5327
555,raise_hand,0.0002,0.0,0.0699,0.9299
556,raise_hand,0.3909,0.001,0.035,0.5731
557,raise_hand,0.0002,0.0,0.0699,0.9299
558,raise_hand,0.3626,0.0011,0.039,0.5973
559,raise_hand,0.0002,0.0,0.0738,0.926
560,raise_hand,0.3181,0.0009,0.0374,0.6437
561,raise_hand,0.0002,0.0,0.0764,0.9234
562,raise_hand,0.2703,0.0007,0.0368,0.6922
563,raise_hand,0.1818,0.0013,0.0536,0.7633
564,raise_hand,0.0031,0.0001,0.081,0.9159
565,raise_hand,0.1741,0.0011,0.0496,0.7752
566,raise_hand,0.0033,0.0001,0.077,0.9196
567,raise_hand,0.1701,0.0009,0.0422,0.7869
568,raise_hand,0.0041,0.0001,0.082,0.9138
569,raise_hand,0.1367,0.0008,0.047,0.8154
570,raise_hand,0.0036,0.0001,0.0925,0.9038
571,raise_hand,0.1349,0.001,0.0536,0.8105
572,raise_hand,0.0033,0.0001,0.0885,0.9081
573,raise_hand,0.1443,0.0007,0.0421,0.8129
574,raise_hand,0.0033,0.0001,0.0817,0.9149
575,raise_hand,0.1621,0.0007,0.0395,0.7977
576,raise_hand,0.0031,0.0001,0.0933,0.9035
577,raise_hand,0.1926,0.0009,0.0406,0.7659
578,raise_hand,0.0032,0.0001,0.0936,0.9031
579,raise_hand,0.1505,0.0008,0.043,0.8057
580,raise_hand,0.0033,0.0001,0.0861,0.9106
581,raise_hand,0.1268,0.0006,0.0387,0.8339
582,raise_hand,0.0038,0.0001,0.0841,0.912
583,raise_hand,0.1628,0.0009,0.0462,0.7901
584,raise_hand,0.0033,0.0001,0.0902,0.9064
585,raise_hand,0.1675,0.001,0.049,0.7825
586,raise_hand,0.0032,0.0001,0.0966,0.9001
587,raise_hand,0.1289,0.0007,0.0455,0.8249
588,raise_hand,0.0039,0.0001,0.084,0.9119
589,raise_hand,0.1468,0.0007,0.0424,0.81
590,raise_hand,0.003,0.0001,0.0855,0.9114
591,raise_hand,0.1496,0.0008,0.0425,0.8071
592,raise_hand,0.0031,0.0001,0.0904,0.9064
593,raise_hand,0.186,0.0008,0.0374,0.7758
594,raise_hand,0.0036,0.0001,0.0817,0.9146
595,raise_hand,0.1548,0.0007,0.0381,0.8065
596,raise_hand,0.0028,0.0001,0.0867,0.9105
597,raise_hand,0.1487,0.0008,0.0459,0.8045
598,raise_hand,0.0028,0.0001,0.0894,0.9077
599,raise_hand,0.2072,0.0009,0.0372,0.7547
600,raise_hand,0.003,0.0001,0.0737,0.9232
601,raise_hand,0.0035,0.0001,0.0779,0.9185
602,raise_hand,0.1784,0.0009,0.0427,0.7779
603,raise_hand,0.0029,0.0001,0.0771,0.92
604,raise_hand,0.1547,0.0009,0.0474,0.797
605,raise_hand,0.0027,0.0001,0.0775,0.9198
606,raise_hand,0.1424,0.0009,0.0493,0.8074
607,raise_hand,0.1603,0.0015,0.0643,0.7739
608,raise_hand,0.0026,0.0001,0.0781,0.9193
609,raise_hand,0.0029,0.0001,0.076,0.9211
610,raise_hand,0.1558,0.0012,0.056,0.7871
611,raise_hand,0.2991,0.0019,0.0465,0.6525
612,raise_hand,0.003,0.0001,0.0778,0.9192
613,raise_hand,0.0025,0.0,0.0685,0.929
614,raise_hand,0.1814,0.0012,0.0495,0.7679
615,raise_hand,0.2152,0.0011,0.0409,0.7427
616,raise_hand,0.003,0.0,0.0599,0.9371
617,raise_hand,0.2313,0.0009,0.033,0.7349
618,raise_hand,0.0023,0.0,0.0665,0.9312
619,raise_hand,0.1148,0.0005,0.0365,0.8482
620,raise_hand,0.0025,0.0,0.0579,0.9395
621,raise_hand,0.0024,0.0,0.0527,0.9449
622,raise_hand,0.1119,0.0004,0.034,0.8537
623,raise_hand,0.0021,0.0,0.0572,0.9407
624,raise_hand,0.0884,0.0002,0.0204,0.891
625,raise_hand,0.0623,0.0001,0.0168,0.9208
626,raise_hand,0.0018,0.0,0.0501,0.9481
627,raise_hand,0.002,0.0,0.0471,0.9509
628,raise_hand,0.0501,0.0,0.0117,0.9381
629,raise_hand,0.0019,0.0,0.0376,0.9605
630,raise_hand,0.023,0.0,0.0061,0.9709
631,raise_hand,0.0014,0.0,0.0362,0.9624
632,raise_hand,0.021,0.0,0.0045,0.9745
633,raise_hand,0.0159,0.0,0.0043,0.9798
634,raise_hand,0.0009,0.0,0.0376,0.9615
635,raise_hand,0.0009,0.0,0.024,0.975
636,raise_hand,0.018,0.0,0.0029,0.9791
637,raise_hand,0.0108,0.0,0.0028,0.9864
638,raise_hand,0.0007,0.0,0.0193,0.98
639,raise_hand,0.0004,0.0,0.018,0.9816
640,raise_hand,0.0068,0.0,0.0019,0.9913
641,raise_hand,0.007,0.0,0.0021,0.9909
642,raise_hand,0.0005,0.0,0.0123,0.9872
643,raise_hand,0.0034,0.0,0.0015,0.9951
644,raise_hand,0.0003,0.0,0.0119,0.9878
645,raise_hand,0.0116,0.0,0.0028,0.9856
646,raise_hand,0.0003,0.0,0.0091,0.9906
647,raise_hand,0.0102,0.0,0.0029,0.9869
648,raise_hand,0.0002,0.0,0.0096,0.9902
649,raise_hand,0.0078,0.0,0.0021,0.9901
650,raise_hand,0.0003,0.0,0.0066,0.9932
651,raise_hand,0.0109,0.0,0.0027,0.9863
652,raise_hand,0.0002,0.0,0.007,0.9928
653,raise_hand,0.0119,0.0,0.0026,0.9855
654,raise_hand,0.0002,0.0,0.0068,0.9931
655,raise_hand,0.013,0.0,0.0028,0.9842
656,raise_hand,0.0002,0.0,0.0061,0.9936
657,raise_hand,0.0118,0.0,0.0035,0.9847
658,raise_hand,0.0002,0.0,0.0057,0.994
659,raise_hand,0.0163,0.0,0.0039,0.9798
660,raise_hand,0.0002,0.0,0.0064,0.9933
661,raise_hand,0.0401,0.0,0.0076,0.9523
662,raise_hand,0.0002,0.0,0.0062,0.9936
663,raise_hand,0.0502,0.0001,0.0126,0.9372
664,raise_hand,0.0002,0.0,0.0065,0.9933
665,raise_hand,0.0468,0.0001,0.0197,0.9334
666,raise_hand,0.0002,0.0,0.0061,0.9937
667,raise_hand,0.0654,0.0002,0.0248,0.9096
668,raise_hand,0.0002,0.0,0.0056,0.9942
669,raise_hand,0.0808,0.0003,0.0333,0.8856
670,raise_hand,0.0002,0.0,0.0061,0.9937
671,raise_hand,0.1322,0.0004,0.0302,0.8372
672,raise_hand,0.0002,0.0,0.0055,0.9944
673,raise_hand,0.0968,0.0005,0.0407,0.862
674,raise_hand,0.0002,0.0,0.0066,0.9933
675,raise_hand,0.0002,0.0,0.0064,0.9935
676,raise_hand,0.1483,0.0007,0.0391,0.8119
677,raise_hand,0.1503,0.0009,0.0488,0.7999
678,raise_hand,0.0002,0.0,0.0064,0.9934
679,raise_hand,0.1191,0.0007,0.0462,0.834
680,raise_hand,0.0002,0.0,0.0057,0.9941
681,raise_hand,0.1227,0.0006,0.0416,0.8351
682,raise_hand,0.0002,0.0,0.006,0.9939
683,raise_hand,0.1409,0.001,0.053,0.8051
684,raise_hand,0.0002,0.0,0.0058,0.994
685,raise_hand,0.1616,0.0009,0.0457,0.7918
686,raise_hand,0.0002,0.0,0.0063,0.9935
687,raise_hand,0.1411,0.0008,0.0452,0.8129
688,raise_hand,0.0002,0.0,0.0062,0.9936
689,raise_hand,0.1556,0.001,0.0481,0.7954
690,raise_hand,0.0002,0.0,0.0058,0.994
691,raise_hand,0.1222,0.0008,0.0487,0.8283
692,raise_hand,0.0002,0.0,0.0061,0.9938
693,raise_hand,0.1723,0.0008,0.0397,0.7872
694,raise_hand,0.0002,0.0,0.0057,0.9941
695,raise_hand,0.1635,0.001,0.0491,0.7864
696,raise_hand,0.0002,0.0,0.0059,0.9939
697,raise_hand,0.0002,0.0,0.0059,0.9939
698,raise_hand,0.1352,0.0011,0.0588,0.8049
699,raise_hand,0.0002,0.0,0.0058,0.994
700,raise_hand,0.1884,0.0011,0.0475,0.7629
701,raise_hand,0.0002,0.0,0.0059,0.9939
702,raise_hand,0.1649,0.001,0.0478,0.7863
703,raise_hand,0.1862,0.0014,0.0549,0.7574
704,raise_hand,0.0002,0.0,0.0057,0.9941
705,raise_hand,0.0002,0.0,0.0059,0.9939
706,raise_hand,0.1857,0.0014,0.0555,0.7574
707,raise_hand,0.2696,0.0016,0.044,0.6849
708,raise_hand,0.0002,0.0,0.0061,0.9937
709,raise_hand,0.2437,0.0027,0.0699,0.6837
710,raise_hand,0.0002,0.0,0.0066,0.9932
711,engaged,0.0291,0.6236,0.3393,0.0081
712,engaged,0.0687,0.9298,0.0015,0.0
713,engaged,0.0338,0.6002,0.3562,0.0097
714,engaged,0.1216,0.8757,0.0027,0.0001
715,engaged,0.0318,0.6397,0.3206,0.0078
716,engaged,0.0739,0.9245,0.0016,0.0
717,engaged,0.0288,0.6522,0.312,0.007
718,engaged,0.1467,0.8494,0.0037,0.0001
719,engaged,0.0264,0.6331,0.3332,0.0073
720,engaged,0.07,0.9285,0.0015,0.0
721,engaged,0.0326,0.638,0.3214,0.008
722,engaged,0.163,0.8332,0.0037,0.0001
723,engaged,0.0229,0.632,0.3383,0.0068
724,engaged,0.0723,0.9262,0.0015,0.0
725,engaged,0.0304,0.6597,0.303,0.0069
726,engaged,0.0637,0.9346,0.0017,0.0
727,engaged,0.0226,0.6225,0.3479,0.007
728,engaged,0.0703,0.9281,0.0016,0.0
729,engaged,0.0233,0.6438,0.3264,0.0065
730,engaged,0.1498,0.8465,0.0035,0.0001
731,engaged,0.0251,0.6205,0.3468,0.0076
732,engaged,0.0894,0.9086,0.002,0.0
733,engaged,0.0221,0.6392,0.3322,0.0065
734,engaged,0.089,0.9085,0.0024,0.0
735,engaged,0.0233,0.6102,0.3589,0.0076
736,engaged,0.0935,0.904,0.0024,0.0
737,engaged,0.0233,0.6289,0.3409,0.007
738,engaged,0.1436,0.8529,0.0033,0.0001
739,engaged,0.0223,0.6139,0.3565,0.0073
740,engaged,0.1072,0.8897,0.0031,0.0001
741,engaged,0.026,0.6344,0.3324,0.0072
742,engaged,0.1501,0.8464,0.0034,0.0001
743,engaged,0.0213,0.6305,0.3416,0.0066
744,engaged,0.1045,0.8927,0.0028,0.0001
745,engaged,0.0229,0.6109,0.3587,0.0075
746,engaged,0.0947,0.9031,0.0022,0.0
747,engaged,0.0285,0.6109,0.3521,0.0085
748,engaged,0.1103,0.8872,0.0025,0.0
749,engaged,0.0279,0.6381,0.3267,0.0073
750,engaged,0.1459,0.8499,0.0041,0.0001
751,engaged,0.0216,0.624,0.3475,0.0069
752,engaged,0.1199,0.8772,0.0029,0.0001
753,engaged,0.024,0.6244,0.3443,0.0072
754,engaged,0.0777,0.9206,0.0017,0.0
755,engaged,0.0278,0.6303,0.3343,0.0076
756,engaged,0.0746,0.9236,0.0018,0.0
757,engaged,0.0231,0.6376,0.3326,0.0067
758,engaged,0.1267,0.8703,0.0029,0.0001
759,engaged,0.024,0.6222,0.3466,0.0073
760,engaged,0.0601,0.9382,0.0017,0.0
761,engaged,0.0217,0.6492,0.323,0.0061
762,engaged,0.0873,0.9101,0.0025,0.0
763,engaged,0.0234,0.6262,0.3434,0.0071
764,engaged,0.0887,0.9091,0.0021,0.0
765,engaged,0.0338,0.6354,0.3225,0.0082
766,engaged,0.0852,0.9133,0.0015,0.0
767,engaged,0.0242,0.6053,0.3626,0.0079
768,engaged,0.1383,0.8578,0.0037,0.0001
769,engaged,0.0238,0.6305,0.3387,0.007
770,engaged,0.1155,0.8823,0.0022,0.0
771,engaged,0.0226,0.617,0.3531,0.0072
772,engaged,0.0767,0.9215,0.0018,0.0
773,engaged,0.0237,0.6435,0.3262,0.0066
774,engaged,0.0718,0.9264,0.0018,0.0
775,engaged,0.0232,0.6173,0.3521,0.0073
776,engaged,0.0576,0.9408,0.0016,0.0
777,engaged,0.034,0.5959,0.3601,0.01
778,engaged,0.0556,0.9423,0.0021,0.0
779,engaged,0.0241,0.621,0.3476,0.0073
780,engaged,0.0518,0.9464,0.0018,0.0
781,engaged,0.0513,0.9468,0.0019,0.0
782,engaged,0.0246,0.6321,0.3362,0.0071
783,engaged,0.0241,0.6465,0.3229,0.0065
784,engaged,0.0364,0.9616,0.002,0.0
785,engaged,0.0417,0.9564,0.0019,0.0
786,engaged,0.032,0.638,0.3222,0.0079
787,engaged,0.0298,0.6426,0.3202,0.0075
788,engaged,0.0331,0.9647,0.0022,0.0
789,engaged,0.0234,0.6299,0.3398,0.0069
790,engaged,0.038,0.96,0.002,0.0
791,engaged,0.0327,0.6404,0.319,0.0079
792,engaged,0.0396,0.9576,0.0028,0.0
793,engaged,0.0237,0.6278,0.3415,0.007
794,engaged,0.0478,0.9476,0.0046,0.0001
795,engaged,0.0289,0.6545,0.3097,0.0069
796,engaged,0.0557,0.9395,0.0047,0.0001
797,engaged,0.0233,0.6441,0.3262,0.0065
798,engaged,0.0454,0.9509,0.0037,0.0
799,engaged,0.0239,0.6169,0.3518,0.0074
800,engaged,0.0454,0.9506,0.0039,0.0
801,engaged,0.0231,0.6246,0.3452,0.0071
802,engaged,0.0507,0.945,0.0043,0.0001
803,engaged,0.0218,0.6261,0.3454,0.0068
804,engaged,0.0672,0.9279,0.0048,0.0001
805,engaged,0.031,0.6355,0.3257,0.0078
806,engaged,0.0672,0.9278,0.0049,0.0001
807,engaged,0.0233,0.6411,0.329,0.0066
808,engaged,0.0671,0.9272,0.0057,0.0001
809,engaged,0.0293,0.6343,0.3287,0.0077
810,engaged,0.0457,0.9491,0.0051,0.0001
811,engaged,0.0612,0.9322,0.0065,0.0001
812,engaged,0.0256,0.632,0.3352,0.0072
813,engaged,0.0232,0.6174,0.352,0.0073
814,engaged,0.0413,0.9554,0.0032,0.0
815,engaged,0.0209,0.6373,0.3355,0.0063
816,engaged,0.059,0.9368,0.0041,0.0001
817,engaged,0.0343,0.6331,0.3243,0.0084
818,engaged,0.0461,0.9505,0.0034,0.0
819,engaged,0.0223,0.6149,0.3556,0.0072
820,engaged,0.0659,0.9303,0.0038,0.0001
821,engaged,0.0232,0.6309,0.3391,0.0069
822,engaged,0.0652,0.9306,0.0042,0.0001
823,engaged,0.0237,0.6314,0.338,0.0069
824,engaged,0.0519,0.9456,0.0025,0.0
825,engaged,0.0246,0.6417,0.327,0.0067
826,engaged,0.035,0.9625,0.0024,0.0
827,engaged,0.0249,0.6232,0.3445,0.0074
828,engaged,0.0713,0.9259,0.0028,0.0
829,engaged,0.024,0.6385,0.3307,0.0068
830,engaged,0.0373,0.9599,0.0028,0.0
831,engaged,0.0233,0.6328,0.3371,0.0068
832,engaged,0.0492,0.9488,0.0019,0.0
833,engaged,0.059,0.9387,0.0023,0.0
834,engaged,0.0245,0.6342,0.3343,0.007
835,engaged,0.023,0.6368,0.3336,0.0066
836,engaged,0.0529,0.9446,0.0025,0.0
837,engaged,0.0232,0.6246,0.3451,0.0071
838,engaged,0.0607,0.9355,0.0037,0.0
839,engaged,0.0757,0.9202,0.004,0.0001
840,engaged,0.0216,0.6091,0.362,0.0073
841,engaged,0.059,0.9377,0.0032,0.0
842,engaged,0.0229,0.6177,0.3521,0.0072
843,engaged,0.0582,0.9391,0.0027,0.0
844,engaged,0.0223,0.6389,0.3323,0.0065
845,engaged,0.0586,0.9388,0.0025,0.0
846,engaged,0.0222,0.6326,0.3385,0.0067
847,engaged,0.0224,0.6291,0.3417,0.0068
848,engaged,0.0578,0.9397,0.0026,0.0
849,engaged,0.0248,0.6229,0.3448,0.0074
850,engaged,0.0577,0.9399,0.0024,0.0
851,engaged,0.0236,0.6244,0.3448,0.0072
852,engaged,0.057,0.9408,0.0022,0.0
853,engaged,0.0233,0.643,0.3271,0.0065
854,engaged,0.0553,0.9428,0.0018,0.0
855,engaged,0.0214,0.6147,0.3568,0.0071
856,engaged,0.0542,0.9439,0.0019,0.0
857,engaged,0.0218,0.6272,0.3442,0.0068
858,engaged,0.0437,0.9544,0.0018,0.0
859,engaged,0.0224,0.6233,0.3473,0.007
860,engaged,0.058,0.9403,0.0017,0.0
861,engaged,0.0232,0.6238,0.3459,0.0071
862,engaged,0.0592,0.9391,0.0017,0.0
863,engaged,0.0222,0.6098,0.3606,0.0074
864,engaged,0.0421,0.9559,0.002,0.0
865,engaged,0.0243,0.6422,0.3268,0.0067
866,engaged,0.0444,0.9536,0.002,0.0
867,engaged,0.0236,0.617,0.352,0.0074
868,engaged,0.047,0.9511,0.0019,0.0
869,engaged,0.0228,0.6215,0.3485,0.0071
870,engaged,0.049,0.9491,0.0019,0.0
871,engaged,0.0221,0.6331,0.3381,0.0066
872,engaged,0.0626,0.9357,0.0017,0.0
873,engaged,0.0221,0.6194,0.3515,0.007
874,engaged,0.0676,0.9302,0.0021,0.0
875,engaged,0.0241,0.6422,0.327,0.0067
876,engaged,0.0662,0.932,0.0018,0.0
877,engaged,0.0224,0.6129,0.3574,0.0073
878,engaged,0.0648,0.9332,0.002,0.0
879,engaged,0.0224,0.6259,0.3448,0.0069
880,engaged,0.0631,0.9351,0.0018,0.0
881,engaged,0.0208,0.6385,0.3345,0.0062
882,engaged,0.0721,0.9259,0.0019,0.0
883,engaged,0.023,0.6331,0.337,0.0068
884,engaged,0.0669,0.9305,0.0026,0.0
885,engaged,0.0938,0.904,0.0022,0.0
886,engaged,0.0212,0.6292,0.343,0.0066
887,engaged,0.0625,0.9357,0.0018,0.0
888,engaged,0.0221,0.6255,0.3455,0.0069
889,engaged,0.0203,0.601,0.3713,0.0074
890,engaged,0.066,0.9317,0.0023,0.0
891,engaged,0.0218,0.6252,0.3461,0.0068
892,engaged,0.0673,0.931,0.0017,0.0
893,engaged,0.0231,0.6248,0.345,0.0071
894,engaged,0.0951,0.9034,0.0016,0.0
895,engaged,0.0217,0.609,0.3619,0.0073
896,engaged,0.0654,0.9327,0.0019,0.0
897,engaged,0.0621,0.9361,0.0018,0.0
898,engaged,0.0212,0.6248,0.3473,0.0068
899,engaged,0.0219,0.6122,0.3586,0.0073
900,engaged,0.0681,0.9301,0.0018,0.0
901,engaged,0.0724,0.9257,0.0018,0.0
902,engaged,0.0232,0.6354,0.3347,0.0067
903,engaged,0.0229,0.621,0.3489,0.0072
904,engaged,0.0582,0.9397,0.0021,0.0
905,engaged,0.0229,0.6313,0.3389,0.0068
906,engaged,0.0757,0.9224,0.0019,0.0
907,engaged,0.0224,0.6135,0.3568,0.0073
908,engaged,0.0716,0.9263,0.002,0.0
909,engaged,0.0219,0.6163,0.3547,0.0071
910,engaged,0.1191,0.8791,0.0018,0.0
911,engaged,0.0218,0.6409,0.331,0.0064
912,engaged,0.0774,0.9211,0.0015,0.0
913,engaged,0.0223,0.612,0.3584,0.0073
914,engaged,0.0876,0.9102,0.0022,0.0
915,engaged,0.0189,0.6159,0.3587,0.0066
916,engaged,0.0592,0.9389,0.0019,0.0
917,engaged,0.0268,0.6021,0.3625,0.0085
918,engaged,0.0701,0.9276,0.0022,0.0
919,engaged,0.0246,0.6156,0.3521,0.0076
920,engaged,0.0862,0.9114,0.0023,0.0
921,engaged,0.0203,0.6387,0.3349,0.0061
922,engaged,0.0995,0.8989,0.0016,0.0
923,bored,0.0008,0.0003,0.3649,0.6341
924,bored,0.834,0.1337,0.0201,0.0122
925,bored,0.0007,0.0002,0.3552,0.6438
926,bored,0.8547,0.1181,0.0164,0.0109
927,bored,0.0008,0.0003,0.3691,0.6298
928,bored,0.8064,0.152,0.0265,0.0151
929,bored,0.0008,0.0003,0.3712,0.6278
930,bored,0.8193,0.1408,0.0248,0.0151
931,bored,0.0008,0.0003,0.3787,0.6202
932,bored,0.8098,0.1427,0.0295,0.018
933,bored,0.7744,0.1697,0.0366,0.0193
934,bored,0.0007,0.0002,0.3548,0.6443
935,bored,0.001,0.0003,0.3386,0.6602
936,bored,0.804,0.1486,0.0298,0.0176
937,bored,0.0007,0.0002,0.3086,0.6906
938,bored,0.8335,0.1335,0.0205,0.0125
939,bored,0.0007,0.0002,0.3471,0.6519
940,bored,0.82,0.1446,0.0225,0.0129
941,bored,0.0008,0.0003,0.3699,0.6291
942,bored,0.7827,0.1769,0.0271,0.0133
943,bored,0.0008,0.0002,0.3329,0.666
944,bored,0.8241,0.1425,0.0211,0.0122
945,bored,0.001,0.0002,0.296,0.7028
946,bored,0.7865,0.1544,0.0373,0.0218
947,bored,0.0007,0.0002,0.3357,0.6634
948,bored,0.8082,0.1621,0.0197,0.01
949,bored,0.0008,0.0002,0.3605,0.6385
950,bored,0.7608,0.1946,0.0308,0.0138
951,bored,0.0007,0.0002,0.3353,0.6638
952,bored,0.8167,0.1432,0.0252,0.0149
953,bored,0.0007,0.0002,0.3555,0.6435
954,bored,0.8116,0.1544,0.0221,0.0118
955,bored,0.0007,0.0002,0.3489,0.6501
956,bored,0.8087,0.1575,0.0222,0.0116
957,bored,0.0008,0.0002,0.3527,0.6463
958,bored,0.8446,0.1235,0.0193,0.0126
959,bored,0.0007,0.0002,0.3072,0.692
960,bored,0.7749,0.1842,0.0281,0.0129
961,bored,0.0007,0.0002,0.3368,0.6623
962,bored,0.8425,0.1225,0.0209,0.014
963,bored,0.0007,0.0002,0.3522,0.6469
964,bored,0.8274,0.1382,0.0215,0.0129
965,bored,0.0008,0.0003,0.3669,0.6321
966,bored,0.7891,0.1727,0.0257,0.0126
967,bored,0.0007,0.0002,0.3471,0.652
968,bored,0.8327,0.1342,0.0206,0.0124
969,bored,0.0008,0.0003,0.366,0.633
970,bored,0.8258,0.1373,0.0229,0.014
971,bored,0.0008,0.0002,0.357,0.642
972,bored,0.7738,0.1825,0.0296,0.0141
973,bored,0.0008,0.0003,0.375,0.6239
974,bored,0.7943,0.1691,0.0244,0.0122
975,bored,0.0007,0.0002,0.3486,0.6504
976,bored,0.8391,0.1278,0.0203,0.0129
977,bored,0.0007,0.0002,0.3488,0.6502
978,bored,0.8287,0.1345,0.0228,0.014
979,bored,0.0008,0.0002,0.3567,0.6423
980,bored,0.8492,0.1194,0.0188,0.0127
981,bored,0.0007,0.0002,0.3395,0.6596
982,bored,0.8308,0.1181,0.0296,0.0216
983,bored,0.0007,0.0002,0.3555,0.6435
984,bored,0.7857,0.1562,0.0369,0.0212
985,bored,0.9943,0.004,0.0003,0.0014
986,bored,0.1725,0.0026,0.1338,0.691
987,bored,0.134,0.0028,0.1619,0.7013
988,bored,0.9945,0.0039,0.0003,0.0013
989,bored,0.1787,0.0035,0.1541,0.6637
990,bored,0.9945,0.0039,0.0003,0.0013
991,bored,0.1206,0.0024,0.1586,0.7183
992,bored,0.9947,0.0037,0.0003,0.0012
993,bored,0.2,0.0037,0.1474,0.649
994,bored,0.9944,0.0037,0.0003,0.0016
995,bored,0.184,0.0022,0.116,0.6978
996,bored,0.9955,0.0034,0.0002,0.0009
997,bored,0.1375,0.0026,0.1515,0.7084
998,bored,0.9951,0.0034,0.0003,0.0012
999,bored,0.1283,0.0025,0.1552,0.714
1000,bored,0.9954,0.0032,0.0002,0.0012
1001,bored,0.1652,0.0026,0.1358,0.6964
1002,bored,0.995,0.0035,0.0003,0.0013
1003,bored,0.1415,0.002,0.1304,0.726
1004,bored,0.994,0.0042,0.0003,0.0015
1005,bored,0.1071,0.002,0.1517,0.7392
1006,bored,0.9957,0.0029,0.0002,0.0012
1007,bored,0.1311,0.0018,0.1285,0.7386
1008,bored,0.9931,0.0049,0.0004,0.0016
1009,bored,0.124,0.0017,0.1244,0.7499
1010,bored,0.995,0.0035,0.0003,0.0012
1011,bored,0.1034,0.0017,0.139,0.7559
1012,bored,0.9945,0.0039,0.0003,0.0013
1013,bored,0.133,0.0023,0.1452,0.7195
1014,bored,0.9955,0.0034,0.0002,0.0009
1015,bored,0.1388,0.0022,0.1362,0.7229
1016,bored,0.995,0.0037,0.0002,0.001
1017,bored,0.1233,0.0025,0.1588,0.7155
1018,bored,0.9954,0.0032,0.0002,0.0012
1019,bored,0.1717,0.0023,0.1243,0.7017
1020,bored,0.9955,0.0031,0.0002,0.0011
1021,bored,0.1441,0.0027,0.1529,0.7002
1022,bored,0.9953,0.0033,0.0002,0.0011
1023,bored,0.1433,0.0022,0.1368,0.7177
1024,bored,0.9956,0.003,0.0002,0.0012
1025,bored,0.149,0.0027,0.1484,0.6999
1026,bored,0.9954,0.0031,0.0002,0.0012
1027,bored,0.1109,0.0026,0.1736,0.7129
1028,bored,0.9954,0.0031,0.0002,0.0013
1029,bored,0.1312,0.0022,0.1411,0.7256
1030,bored,0.9954,0.0032,0.0002,0.0012
1031,bored,0.1455,0.0024,0.1422,0.7098
1032,bored,0.9956,0.0031,0.0002,0.001
1033,bored,0.1127,0.0023,0.1594,0.7256
1034,bored,0.9947,0.0038,0.0003,0.0012
1035,bored,0.1324,0.0023,0.145,0.7203
1036,bored,0.9951,0.0033,0.0003,0.0013
1037,bored,0.146,0.0026,0.1485,0.7028
1038,bored,0.9945,0.0036,0.0003,0.0015
1039,bored,0.1428,0.0029,0.1587,0.6956
1040,bored,0.9944,0.0039,0.0003,0.0014
1041,bored,0.1521,0.0028,0.1497,0.6954
1042,bored,0.9955,0.0031,0.0002,0.0012
1043,bored,0.2091,0.0026,0.1158,0.6725
1044,bored,0.9947,0.0037,0.0003,0.0013
1045,bored,0.1901,0.0021,0.11,0.6978
1046,bored,0.9957,0.003,0.0002,0.0011
1047,bored,0.1871,0.0021,0.1115,0.6993
1048,bored,0.9949,0.0036,0.0003,0.0012
1049,bored,0.1319,0.0024,0.1503,0.7154
1050,bored,0.9953,0.0034,0.0002,0.0011
1051,bored,0.1484,0.0022,0.1336,0.7158
1052,bored,0.9948,0.0037,0.0003,0.0012
1053,bored,0.1415,0.0024,0.1425,0.7136
1054,bored,0.9949,0.0033,0.0003,0.0015
1055,bored,0.1426,0.0018,0.1201,0.7354
1056,bored,0.9948,0.0034,0.0003,0.0015
1057,bored,0.1649,0.0019,0.1126,0.7206
1058,bored,0.9951,0.0034,0.0003,0.0013
1059,bored,0.1201,0.0015,0.1207,0.7577
1060,bored,0.9952,0.0033,0.0003,0.0012
1061,bored,0.1238,0.0019,0.1336,0.7407
1062,bored,0.9938,0.0044,0.0004,0.0014
1063,bored,0.1672,0.0023,0.1265,0.704
1064,bored,0.9961,0.0027,0.0002,0.001
1065,bored,0.1698,0.0027,0.1385,0.689
1066,bored,0.995,0.0036,0.0002,0.0011
1067,bored,0.1263,0.0024,0.1522,0.7191
1068,bored,0.9955,0.0032,0.0002,0.0011
1069,bored,0.1541,0.0023,0.1317,0.7119
1070,bored,0.9946,0.0037,0.0003,0.0013
1071,bored,0.151,0.0021,0.1291,0.7178
1072,bored,0.9959,0.0028,0.0002,0.0011
1073,bored,0.1318,0.0031,0.1726,0.6925
1074,bored,0.9954,0.0032,0.0002,0.0012
1075,bored,0.1638,0.0027,0.1394,0.6941
1076,bored,0.996,0.0027,0.0002,0.0011
1077,bored,0.1422,0.0028,0.156,0.6991
1078,bored,0.9954,0.0029,0.0003,0.0014
1079,bored,0.1472,0.0024,0.1385,0.7119
1080,bored,0.9947,0.0036,0.0003,0.0014
1081,bored,0.1631,0.0027,0.1404,0.6938
1082,bored,0.9952,0.0033,0.0003,0.0013
1083,bored,0.1012,0.0018,0.1494,0.7475
1084,bored,0.9958,0.0029,0.0002,0.0011
1085,bored,0.1571,0.003,0.152,0.6879
1086,bored,0.9953,0.0034,0.0002,0.0011
1087,bored,0.1672,0.0029,0.1459,0.684
1088,bored,0.9944,0.0039,0.0003,0.0013
1089,bored,0.1226,0.0029,0.1758,0.6986
1090,bored,0.995,0.0035,0.0003,0.0013
1091,bored,0.1625,0.0027,0.1425,0.6923
1092,bored,0.9941,0.0039,0.0004,0.0017
1093,bored,0.1599,0.003,0.1525,0.6845
1094,bored,0.9946,0.0038,0.0003,0.0013
1095,bored,0.1646,0.0026,0.1355,0.6973
1096,bored,0.9947,0.0035,0.0003,0.0014
1097,bored,0.1615,0.0027,0.1418,0.6941
1098,bored,0.9943,0.004,0.0003,0.0014
1099,bored,0.1627,0.0027,0.1418,0.6928
1100,bored,0.995,0.0035,0.0003,0.0013
1101,bored,0.165,0.0022,0.1243,0.7084
1102,bored,0.9941,0.0041,0.0003,0.0014
1103,bored,0.1432,0.0021,0.1301,0.7246
1104,bored,0.9961,0.0027,0.0002,0.0011
1105,bored,0.1953,0.0023,0.1145,0.6878
1106,bored,0.9944,0.0041,0.0003,0.0013
1107,bored,0.172,0.002,0.1126,0.7134
1108,bored,0.9953,0.0034,0.0002,0.0011
1109,bored,0.1803,0.0019,0.1078,0.7099
1110,bored,0.9951,0.0035,0.0002,0.0011
1111,bored,0.1266,0.0016,0.1199,0.7519
1112,bored,0.9945,0.0039,0.0003,0.0013
1113,bored,0.1133,0.0018,0.1399,0.7449
1114,bored,0.995,0.0036,0.0003,0.0012
1115,bored,0.1277,0.0021,0.1409,0.7293
1116,bored,0.9959,0.003,0.0002,0.001
1117,bored,0.1401,0.0022,0.1381,0.7196
1118,bored,0.9952,0.0035,0.0002,0.001
1119,bored,0.1371,0.002,0.1304,0.7305
1120,bored,0.9954,0.0033,0.0002,0.001
1121,bored,0.1649,0.0026,0.1375,0.695
1122,bored,0.9949,0.0038,0.0003,0.0011
1123,bored,0.0793,0.0018,0.1704,0.7485
1124,bored,0.9955,0.0032,0.0002,0.0011
1125,bored,0.093,0.0022,0.1748,0.73
1126,bored,0.9954,0.0033,0.0002,0.0011
1127,bored,0.1302,0.0027,0.163,0.7041
1128,bored,0.9953,0.0031,0.0003,0.0013
1129,bored,0.1527,0.0029,0.1518,0.6927
1130,bored,0.9942,0.0038,0.0004,0.0016
1131,bored,0.1465,0.0027,0.1515,0.6992
1132,bored,0.9951,0.0033,0.0003,0.0013
1133,bored,0.1895,0.0025,0.1219,0.6862
1134,bored,0.9951,0.0034,0.0003,0.0013
1135,bored,0.1338,0.0026,0.1548,0.7088
1136,bored,0.9947,0.0037,0.0003,0.0014
1137,on_the_phone,0.0274,0.134,0.7685,0.07
1138,on_the_phone,0.4359,0.5086,0.0495,0.006
1139,on_the_phone,0.0269,0.1314,0.771,0.0706
1140,on_the_phone,0.4547,0.485,0.0534,0.007
1141,on_the_phone,0.0249,0.1318,0.7757,0.0675
1142,on_the_phone,0.3705,0.5505,0.0712,0.0078
1143,on_the_phone,0.0204,0.1306,0.7881,0.0609
1144,on_the_phone,0.3995,0.5299,0.0633,0.0073
1145,on_the_phone,0.0233,0.126,0.7828,0.0679
1146,on_the_phone,0.4589,0.461,0.07,0.0101
1147,on_the_phone,0.0215,0.1244,0.7884,0.0657
1148,on_the_phone,0.446,0.4799,0.0652,0.0088
1149,on_the_phone,0.0226,0.1242,0.7855,0.0677
1150,on_the_phone,0.4252,0.4943,0.0713,0.0093
1151,on_the_phone,0.0276,0.1264,0.7719,0.0741
1152,on_the_phone,0.4319,0.5094,0.0524,0.0063
1153,on_the_phone,0.0269,0.1276,0.7731,0.0724
1154,on_the_phone,0.4186,0.5069,0.0662,0.0082
1155,on_the_phone,0.0248,0.1272,0.7784,0.0696
1156,on_the_phone,0.4437,0.4987,0.0512,0.0064
1157,on_the_phone,0.0274,0.1291,0.771,0.0725
1158,on_the_phone,0.3051,0.6129,0.0752,0.0067
1159,on_the_phone,0.0269,0.1269,0.7734,0.0729
1160,on_the_phone,0.366,0.5705,0.0577,0.0058
1161,on_the_phone,0.0264,0.1328,0.7717,0.0692
1162,on_the_phone,0.3032,0.6269,0.0644,0.0054
1163,on_the_phone,0.0261,0.13,0.7737,0.0701
1164,on_the_phone,0.1981,0.6936,0.1017,0.0066
1165,on_the_phone,0.0265,0.1297,0.7728,0.0709
1166,on_the_phone,0.1198,0.7361,0.1375,0.0066
1167,on_the_phone,0.0245,0.1249,0.7804,0.0702
1168,on_the_phone,0.1155,0.7694,0.1103,0.0048
1169,on_the_phone,0.024,0.1306,0.7788,0.0666
1170,on_the_phone,0.0802,0.8014,0.1146,0.0038
1171,on_the_phone,0.0237,0.1279,0.7808,0.0676
1172,on_the_phone,0.0771,0.8243,0.0957,0.0029
1173,on_the_phone,0.0251,0.1346,0.7737,0.0665
1174,on_the_phone,0.1314,0.7813,0.0836,0.0037
1175,on_the_phone,0.0253,0.1317,0.7749,0.0681
1176,on_the_phone,0.0817,0.8238,0.0915,0.0029
1177,on_the_phone,0.0243,0.1312,0.7777,0.0669
1178,on_the_phone,0.123,0.8024,0.0717,0.0029
1179,on_the_phone,0.0238,0.1335,0.7777,0.065
1180,on_the_phone,0.1292,0.7944,0.0733,0.0031
1181,on_the_phone,0.0312,0.1383,0.7575,0.073
1182,on_the_phone,0.063,0.8529,0.082,0.0021
1183,on_the_phone,0.0289,0.1335,0.7653,0.0723
1184,on_the_phone,0.1452,0.8013,0.0514,0.0022
1185,on_the_phone,0.0259,0.135,0.7718,0.0674
1186,on_the_phone,0.2185,0.7544,0.0258,0.0013
1187,on_the_phone,0.0272,0.1366,0.7676,0.0685
1188,on_the_phone,0.1312,0.8369,0.0309,0.0011
1189,on_the_phone,0.0287,0.1276,0.7687,0.0751
1190,on_the_phone,0.1132,0.8532,0.0326,0.001
1191,on_the_phone,0.0249,0.1424,0.77,0.0627
1192,on_the_phone,0.1131,0.8499,0.0358,0.0011
1193,on_the_phone,0.0236,0.136,0.7768,0.0636
1194,on_the_phone,0.1545,0.8151,0.0292,0.0011
1195,on_the_phone,0.0258,0.1377,0.7705,0.066
1196,on_the_phone,0.0901,0.872,0.037,0.001
1197,on_the_phone,0.0255,0.1332,0.7735,0.0677
1198,on_the_phone,0.0742,0.8777,0.0469,0.0012
1199,on_the_phone,0.0233,0.1321,0.7797,0.0649
1200,on_the_phone,0.1055,0.8415,0.0513,0.0017
1201,on_the_phone,0.0306,0.1286,0.7637,0.0771
1202,on_the_phone,0.1205,0.8455,0.033,0.0011
1203,on_the_phone,0.0246,0.1317,0.7766,0.0671
1204,on_the_phone,0.091,0.87,0.038,0.001
1205,on_the_phone,0.0269,0.136,0.7688,0.0683
1206,on_the_phone,0.2204,0.7522,0.0261,0.0013
1207,on_the_phone,0.0223,0.1366,0.7797,0.0614
1208,on_the_phone,0.166,0.8048,0.028,0.0011
1209,on_the_phone,0.0324,0.1271,0.7602,0.0802
1210,on_the_phone,0.1976,0.7666,0.0341,0.0017
1211,on_the_phone,0.0291,0.1289,0.7671,0.0749
1212,on_the_phone,0.2015,0.7643,0.0325,0.0016
1213,on_the_phone,0.029,0.1299,0.7668,0.0742
1214,on_the_phone,0.1453,0.8201,0.0333,0.0013
1215,on_the_phone,0.0227,0.1353,0.7795,0.0626
1216,on_the_phone,0.1576,0.8089,0.0322,0.0013
1217,on_the_phone,0.0226,0.1394,0.7773,0.0607
1218,on_the_phone,0.1013,0.8593,0.0382,0.0011
1219,on_the_phone,0.0232,0.1418,0.7745,0.0606
1220,on_the_phone,0.2044,0.7695,0.0249,0.0012
1221,on_the_phone,0.019,0.1332,0.7904,0.0575
1222,on_the_phone,0.1124,0.8438,0.0424,0.0014
1223,on_the_phone,0.0201,0.137,0.785,0.0579
1224,on_the_phone,0.1531,0.813,0.0326,0.0013
1225,on_the_phone,0.0195,0.1355,0.7876,0.0574
1226,on_the_phone,0.1816,0.7884,0.0288,0.0013
1227,on_the_phone,0.0218,0.1383,0.7799,0.06
1228,on_the_phone,0.1785,0.7914,0.0289,0.0013
1229,on_the_phone,0.0194,0.1309,0.7903,0.0593
1230,on_the_phone,0.1609,0.8066,0.0313,0.0013
1231,on_the_phone,0.0193,0.1383,0.7865,0.0559
1232,on_the_phone,0.1883,0.7818,0.0285,0.0013
1233,on_the_phone,0.0321,0.1282,0.7604,0.0793
1234,on_the_phone,0.1317,0.8268,0.04,0.0015
1235,on_the_phone,0.0182,0.128,0.7956,0.0581
1236,on_the_phone,0.177,0.7925,0.0292,0.0013
1237,on_the_phone,0.0292,0.1229,0.7697,0.0783
1238,on_the_phone,0.1381,0.8203,0.04,0.0015
1239,on_the_phone,0.0229,0.1346,0.7794,0.0631
1240,on_the_phone,0.1583,0.8021,0.0381,0.0016
1241,on_the_phone,0.0261,0.1307,0.7734,0.0698
1242,on_the_phone,0.1222,0.8291,0.047,0.0017
1243,on_the_phone,0.0312,0.1323,0.7607,0.0758
1244,on_the_phone,0.1451,0.8116,0.0416,0.0017
1245,on_the_phone,0.0249,0.1346,0.7743,0.0661
1246,on_the_phone,0.194,0.7769,0.0279,0.0013
1247,on_the_phone,0.0218,0.1356,0.7815,0.0611
1248,on_the_phone,0.133,0.8311,0.0347,0.0012
1249,on_the_phone,0.0201,0.1265,0.791,0.0624
1250,on_the_phone,0.1695,0.8012,0.0282,0.0012
1251,on_the_phone,0.021,0.1386,0.7819,0.0585
1252,on_the_phone,0.1423,0.8192,0.0371,0.0014
1253,on_the_phone,0.0304,0.1329,0.7621,0.0746
1254,on_the_phone,0.1734,0.7925,0.0327,0.0014
1255,on_the_phone,0.0291,0.1337,0.7648,0.0724
1256,on_the_phone,0.2238,0.7366,0.0375,0.0021
1257,on_the_phone,0.0288,0.1326,0.766,0.0725
1258,on_the_phone,0.1776,0.7665,0.0533,0.0027
1259,on_the_phone,0.0347,0.1336,0.7521,0.0796
1260,on_the_phone,0.1633,0.7736,0.0602,0.0029
1261,on_the_phone,0.028,0.1393,0.7645,0.0683
1262,on_the_phone,0.138,0.7977,0.0617,0.0026
1263,on_the_phone,0.023,0.1405,0.7757,0.0608
1264,on_the_phone,0.0917,0.8177,0.0876,0.003
1265,on_the_phone,0.0295,0.1402,0.7605,0.0698
1266,on_the_phone,0.0724,0.8345,0.0905,0.0026
1267,on_the_phone,0.0288,0.1406,0.7618,0.0688
1268,on_the_phone,0.1944,0.7537,0.0493,0.0026
1269,on_the_phone,0.0333,0.1356,0.7543,0.0768
1270,on_the_phone,0.1939,0.752,0.0514,0.0027
1271,on_the_phone,0.0321,0.1252,0.7617,0.081
1272,on_the_phone,0.204,0.7463,0.0471,0.0026
1273,on_the_phone,0.0329,0.1365,0.7548,0.0758
1274,on_the_phone,0.1945,0.7563,0.0467,0.0024
1275,on_the_phone,0.0319,0.1364,0.757,0.0747
1276,on_the_phone,0.1703,0.7701,0.0567,0.0028
1277,on_the_phone,0.0326,0.1309,0.758,0.0785
1278,on_the_phone,0.1737,0.7625,0.0606,0.0031
1279,on_the_phone,0.0368,0.1354,0.7469,0.0809
1280,on_the_phone,0.1391,0.7912,0.0668,0.0029
1281,on_the_phone,0.03,0.1344,0.7622,0.0733
1282,on_the_phone,0.1731,0.7647,0.0593,0.003
1283,on_the_phone,0.0311,0.1358,0.7592,0.074
1284,on_the_phone,0.1951,0.7545,0.0479,0.0025
1285,on_the_phone,0.0319,0.1372,0.7566,0.0743
1286,on_the_phone,0.1555,0.7866,0.0555,0.0025
1287,on_the_phone,0.0311,0.1306,0.7617,0.0766
1288,on_the_phone,0.1975,0.7531,0.047,0.0025
1289,on_the_phone,0.0285,0.1363,0.7648,0.0704
1290,on_the_phone,0.1382,0.7834,0.0751,0.0034
1291,on_the_phone,0.0277,0.1336,0.768,0.0706
1292,on_the_phone,0.1314,0.7981,0.0677,0.0028
1293,on_the_phone,0.0307,0.1423,0.7566,0.0704
1294,on_the_phone,0.1712,0.7716,0.0545,0.0026
1295,on_the_phone,0.0294,0.1352,0.7633,0.0721
1296,on_the_phone,0.2096,0.7416,0.0463,0.0026
1297,on_the_phone,0.0302,0.152,0.7523,0.0655
1298,on_the_phone,0.1577,0.7788,0.0607,0.0028
1299,on_the_phone,0.0304,0.1433,0.7568,0.0695
1300,on_the_phone,0.1772,0.7629,0.057,0.0029
1301,on_the_phone,0.0276,0.1379,0.7661,0.0684
1302,on_the_phone,0.1149,0.7913,0.0901,0.0037
1303,on_the_phone,0.0321,0.1502,0.7491,0.0685
1304,on_the_phone,0.2093,0.7337,0.0539,0.0031
1305,on_the_phone,0.0303,0.1418,0.7578,0.0701
1306,on_the_phone,0.2203,0.722,0.0544,0.0033
1307,on_the_phone,0.0285,0.1544,0.7545,0.0626
1308,on_the_phone,0.1866,0.7508,0.0594,0.0032
1309,on_the_phone,0.0208,0.1396,0.7815,0.0581
1310,on_the_phone,0.1578,0.7703,0.0686,0.0033
1311,on_the_phone,0.0209,0.1409,0.7806,0.0576
1312,on_the_phone,0.1567,0.7685,0.0713,0.0035
1313,on_the_phone,0.0203,0.141,0.7821,0.0566
1314,on_the_phone,0.1707,0.7676,0.0587,0.0029
1315,on_the_phone,0.0258,0.1487,0.7642,0.0614
1316,on_the_phone,0.0713,0.8292,0.0967,0.0028
1317,on_the_phone,0.0326,0.1602,0.7424,0.0649
1318,on_the_phone,0.1907,0.7474,0.0587,0.0032
1319,on_the_phone,0.0273,0.1643,0.751,0.0575
1320,on_the_phone,0.1647,0.7745,0.058,0.0028
1321,on_the_phone,0.0288,0.1879,0.7318,0.0516
1322,on_the_phone,0.1777,0.7666,0.0531,0.0026
1323,engaged,0.0885,0.9065,0.0049,0.0001
1324,engaged,0.9203,0.0796,0.0001,0.0
1325,engaged,0.0172,0.8129,0.1678,0.0022
1326,engaged,0.0088,0.0717,0.8478,0.0718
1327,engaged,0.0891,0.905,0.0058,0.0001
1328,engaged,0.9834,0.0162,0.0002,0.0002
1329,engaged,0.0108,0.8549,0.1331,0.0012
1330,engaged,0.0092,0.0848,0.8422,0.0638
1331,engaged,0.0736,0.9191,0.0072,0.0001
1332,engaged,0.9846,0.0152,0.0001,0.0001
1333,engaged,0.0142,0.8198,0.1642,0.0018
1334,engaged,0.0087,0.0686,0.8509,0.0719
1335,engaged,0.1953,0.7929,0.0114,0.0004
1336,engaged,0.9762,0.0236,0.0001,0.0001
1337,engaged,0.0163,0.8023,0.1791,0.0023
1338,engaged,0.0089,0.0738,0.8472,0.0702
1339,engaged,0.4162,0.5629,0.0193,0.0016
1340,engaged,0.9441,0.0557,0.0001,0.0001
1341,engaged,0.0164,0.8136,0.1679,0.0021
1342,engaged,0.0095,0.0919,0.8384,0.0603
1343,engaged,0.0712,0.9236,0.0051,0.0001
1344,engaged,0.9742,0.0255,0.0001,0.0001
1345,engaged,0.0168,0.7986,0.1822,0.0024
1346,engaged,0.0075,0.0437,0.8524,0.0964
1347,engaged,0.1044,0.8869,0.0085,0.0002
1348,engaged,0.9613,0.0385,0.0001,0.0001
1349,engaged,0.0122,0.8335,0.1528,0.0015
1350,engaged,0.0067,0.0323,0.8463,0.1147
1351,engaged,0.1169,0.8744,0.0085,0.0002
1352,engaged,0.9675,0.0324,0.0001,0.0001
1353,engaged,0.0111,0.8123,0.1749,0.0017
1354,engaged,0.0068,0.0337,0.8494,0.11
1355,engaged,0.1978,0.7874,0.0143,0.0005
1356,engaged,0.9735,0.0263,0.0001,0.0001
1357,engaged,0.014,0.8418,0.1427,0.0015
1358,engaged,0.0066,0.0305,0.8472,0.1157
1359,engaged,0.0846,0.9058,0.0095,0.0002
1360,engaged,0.9846,0.0151,0.0002,0.0002
1361,engaged,0.0145,0.775,0.2079,0.0026
1362,engaged,0.0089,0.0745,0.8468,0.0698
1363,engaged,0.101,0.8912,0.0076,0.0002
1364,engaged,0.9651,0.0347,0.0001,0.0001
1365,engaged,0.0093,0.0868,0.8415,0.0624
1366,engaged,0.0115,0.8133,0.1735,0.0017
1367,engaged,0.0728,0.9216,0.0056,0.0001
1368,engaged,0.9666,0.0331,0.0002,0.0001
1369,engaged,0.0075,0.0449,0.852,0.0956
1370,engaged,0.016,0.8038,0.178,0.0022
1371,engaged,0.0645,0.9312,0.0043,0.0001
1372,engaged,0.9386,0.0612,0.0001,0.0
1373,engaged,0.0149,0.8196,0.1635,0.0019
1374,engaged,0.0089,0.0742,0.8466,0.0703
1375,engaged,0.0786,0.9151,0.0063,0.0001
1376,engaged,0.9627,0.037,0.0002,0.0001
1377,engaged,0.0099,0.8162,0.1724,0.0015
1378,engaged,0.0086,0.0674,0.8493,0.0746
1379,engaged,0.214,0.7766,0.0091,0.0003
1380,engaged,0.9409,0.059,0.0001,0.0
1381,engaged,0.0099,0.809,0.1794,0.0016
1382,engaged,0.0063,0.0265,0.8426,0.1246
1383,engaged,0.2051,0.7858,0.0087,0.0003
1384,engaged,0.9322,0.0677,0.0001,0.0
1385,engaged,0.0107,0.7881,0.1992,0.002
1386,engaged,0.0069,0.0353,0.8504,0.1074
1387,engaged,0.7142,0.2076,0.0588,0.0193
1388,engaged,0.9627,0.0371,0.0001,0.0001
1389,engaged,0.0114,0.842,0.1452,0.0013
1390,engaged,0.0096,0.0953,0.8365,0.0586
1391,engaged,0.8686,0.0446,0.0392,0.0476
1392,engaged,0.9506,0.0492,0.0001,0.0001
1393,engaged,0.0119,0.8377,0.1489,0.0014
1394,engaged,0.0087,0.0706,0.849,0.0716
1395,engaged,0.176,0.8109,0.0127,0.0004
1396,engaged,0.9629,0.0368,0.0002,0.0001
1397,engaged,0.0176,0.8203,0.16,0.0021
1398,engaged,0.0096,0.0951,0.8368,0.0586
1399,engaged,0.2401,0.745,0.0143,0.0006
1400,engaged,0.9542,0.0456,0.0001,0.0001
1401,engaged,0.0123,0.8018,0.1839,0.002
1402,engaged,0.0075,0.0434,0.8532,0.096
1403,engaged,0.4553,0.4766,0.0605,0.0076
1404,engaged,0.9716,0.0282,0.0001,0.0001
1405,engaged,0.011,0.8312,0.1563,0.0015
1406,engaged,0.0089,0.0755,0.8464,0.0692
1407,engaged,0.1214,0.8653,0.0129,0.0003
1408,engaged,0.9584,0.0414,0.0001,0.0001
1409,engaged,0.0092,0.0821,0.8437,0.065
1410,engaged,0.0114,0.7976,0.189,0.0019
1411,engaged,0.1421,0.8378,0.0194,0.0006
1412,engaged,0.9645,0.0353,0.0001,0.0001
1413,engaged,0.0111,0.825,0.1623,0.0015
1414,engaged,0.0088,0.0719,0.8481,0.0712
1415,engaged,0.0779,0.9168,0.0052,0.0001
1416,engaged,0.9673,0.0326,0.0001,0.0
1417,engaged,0.0145,0.7913,0.1919,0.0023
1418,engaged,0.0071,0.0376,0.8485,0.1069
1419,engaged,0.2,0.7592,0.039,0.0018
1420,engaged,0.9062,0.0937,0.0001,0.0
1421,engaged,0.0113,0.8185,0.1686,0.0016
1422,engaged,0.0075,0.0437,0.8511,0.0977
1423,engaged,0.1676,0.8148,0.017,0.0006
1424,engaged,0.9413,0.0587,0.0001,0.0
1425,engaged,0.0148,0.7436,0.2383,0.0032
1426,engaged,0.0081,0.0551,0.8519,0.0849
1427,engaged,0.2141,0.7596,0.0251,0.0011
1428,engaged,0.9629,0.037,0.0001,0.0
1429,engaged,0.0121,0.7633,0.222,0.0025
1430,engaged,0.0064,0.0275,0.8404,0.1258
1431,engaged,0.1191,0.8681,0.0125,0.0003
1432,engaged,0.9878,0.012,0.0001,0.0001
1433,engaged,0.0135,0.7465,0.237,0.003
1434,engaged,0.0087,0.0702,0.8483,0.0728
1435,engaged,0.7293,0.2023,0.0514,0.017
1436,engaged,0.8472,0.1527,0.0001,0.0
1437,engaged,0.0106,0.8057,0.1819,0.0018
1438,engaged,0.01,0.1136,0.8251,0.0512
1439,engaged,0.0809,0.9141,0.0049,0.0001
1440,engaged,0.8627,0.1372,0.0001,0.0
1441,engaged,0.0076,0.0462,0.8518,0.0943
1442,engaged,0.0102,0.8484,0.1401,0.0012
1443,engaged,0.3544,0.6234,0.0207,0.0015
1444,engaged,0.9744,0.0254,0.0001,0.0001
1445,engaged,0.0102,0.8144,0.1739,0.0016
1446,engaged,0.007,0.0362,0.8501,0.1067
1447,engaged,0.562,0.3861,0.0446,0.0072
1448,engaged,0.8984,0.1016,0.0,0.0
1449,engaged,0.0091,0.8481,0.1417,0.0011
1450,engaged,0.0074,0.0417,0.853,0.0979
1451,engaged,0.1764,0.8101,0.013,0.0004
1452,engaged,0.9271,0.0728,0.0,0.0
1453,engaged,0.0094,0.8338,0.1554,0.0013
1454,engaged,0.0082,0.0586,0.853,0.0801
1455,engaged,0.2157,0.7736,0.0102,0.0004
1456,engaged,0.8874,0.1125,0.0001,0.0
1457,engaged,0.0075,0.0444,0.8521,0.096
1458,engaged,0.0103,0.8367,0.1517,0.0013
1459,engaged,0.6811,0.3187,0.0002,0.0
1460,engaged,0.1244,0.8683,0.0072,0.0002
1461,engaged,0.0089,0.0744,0.8469,0.0698
1462,engaged,0.0103,0.8414,0.147,0.0013
1463,engaged,0.749,0.2509,0.0001,0.0
1464,engaged,0.1351,0.8526,0.012,0.0003
1465,engaged,0.0113,0.8525,0.1351,0.0012
1466,engaged,0.0088,0.0729,0.8474,0.0709
1467,engaged,0.7514,0.2485,0.0001,0.0
1468,engaged,0.0844,0.9051,0.0103,0.0002
1469,engaged,0.0091,0.08,0.8446,0.0664
1470,engaged,0.0134,0.8419,0.1433,0.0015
1471,engaged,0.7624,0.2375,0.0001,0.0
1472,engaged,0.0673,0.9279,0.0048,0.0001
1473,engaged,0.0136,0.836,0.1488,0.0016
1474,engaged,0.0092,0.0844,0.8428,0.0636
1475,engaged,0.7154,0.2845,0.0001,0.0
1476,engaged,0.0682,0.9269,0.0049,0.0001
1477,engaged,0.0135,0.8327,0.1521,0.0016
1478,engaged,0.0096,0.0968,0.8358,0.0578
1479,engaged,0.7835,0.2164,0.0001,0.0
1480,engaged,0.0729,0.9222,0.0049,0.0001
1481,engaged,0.0148,0.8311,0.1524,0.0017
1482,engaged,0.0095,0.0925,0.8382,0.0598
1483,engaged,0.7825,0.2175,0.0001,0.0
1484,engaged,0.0689,0.9249,0.0061,0.0001
1485,engaged,0.0167,0.7999,0.181,0.0023
1486,engaged,0.0096,0.0973,0.8357,0.0574
1487,engaged,0.6755,0.3244,0.0001,0.0
1488,engaged,0.088,0.9045,0.0073,0.0001
1489,engaged,0.0176,0.7721,0.2073,0.003
1490,engaged,0.0098,0.1052,0.8306,0.0544
1491,engaged,0.6004,0.3995,0.0001,0.0
1492,engaged,0.1189,0.8737,0.0072,0.0002
1493,engaged,0.0121,0.7512,0.2339,0.0027
1494,engaged,0.0099,0.107,0.8298,0.0533
1495,engaged,0.4838,0.516,0.0002,0.0
1496,engaged,0.0781,0.9156,0.0062,0.0001
1497,engaged,0.0231,0.7535,0.2195,0.0038
1498,engaged,0.0093,0.0879,0.841,0.0618
1499,engaged,0.6125,0.3873,0.0002,0.0
1500,engaged,0.1126,0.8794,0.0078,0.0002
1501,engaged,0.0137,0.8048,0.1795,0.002
1502,engaged,0.0087,0.0688,0.849,0.0735
1503,engaged,0.5102,0.4896,0.0002,0.0
1504,engaged,0.0672,0.9277,0.0051,0.0001
1505,engaged,0.0161,0.8018,0.1798,0.0023
1506,engaged,0.0087,0.0681,0.8488,0.0744
1507,engaged,0.4843,0.5155,0.0002,0.0
1508,engaged,0.2996,0.6843,0.0153,0.0009
1509,engaged,0.019,0.8205,0.1584,0.0021
1510,engaged,0.0092,0.0835,0.8428,0.0645
1511,engaged,0.4066,0.5931,0.0003,0.0
1512,engaged,0.2657,0.7201,0.0136,0.0007
1513,engaged,0.0191,0.8006,0.1778,0.0025
1514,engaged,0.0088,0.073,0.8474,0.0708
1515,engaged,0.4186,0.5812,0.0002,0.0
1516,engaged,0.1041,0.8901,0.0057,0.0001
1517,engaged,0.0126,0.8229,0.1629,0.0017
1518,engaged,0.0093,0.0868,0.8411,0.0628
1519,engaged,0.4285,0.5712,0.0003,0.0
1520,engaged,0.0857,0.9103,0.0039,0.0001
1521,engaged,0.0107,0.8414,0.1466,0.0013
1522,engaged,0.0092,0.0842,0.8426,0.064
1523,engaged,0.4366,0.5632,0.0002,0.0
1524,engaged,0.1525,0.8294,0.0175,0.0006
1525,engaged,0.0104,0.757,0.2302,0.0024
1526,engaged,0.0089,0.0757,0.8464,0.0689
1527,engaged,0.4074,0.5923,0.0002,0.0
1528,engaged,0.1383,0.8497,0.0117,0.0003
1529,engaged,0.0114,0.8494,0.138,0.0013
1530,engaged,0.0088,0.0711,0.8482,0.072
1531,engaged,0.4054,0.5943,0.0002,0.0
1532,engaged,0.1319,0.8584,0.0095,0.0003
1533,engaged,0.0156,0.7537,0.2276,0.0031
1534,engaged,0.0079,0.0518,0.8517,0.0885
1535,engaged,0.3725,0.6273,0.0003,0.0
1536,engaged,0.2437,0.7323,0.0228,0.0012
1537,engaged,0.0086,0.0674,0.8508,0.0732
1538,engaged,0.012,0.7386,0.2465,0.0029
1539,engaged,0.4533,0.5465,0.0002,0.0
1540,engaged,0.1586,0.823,0.0178,0.0006
1541,engaged,0.0116,0.8466,0.1405,0.0013
1542,engaged,0.0094,0.09,0.8399,0.0607
1543,engaged,0.6819,0.318,0.0001,0.0
1544,engaged,0.1047,0.8876,0.0075,0.0002
1545,engaged,0.0136,0.7737,0.2102,0.0025
1546,engaged,0.009,0.0788,0.8453,0.0668
1547,engaged,0.6524,0.3475,0.0001,0.0
1548,engaged,0.0972,0.8956,0.007,0.0001
1549,engaged,0.0126,0.8172,0.1684,0.0018
1550,engaged,0.0098,0.1041,0.8314,0.0547
1551,engaged,0.6449,0.355,0.0002,0.0
1552,engaged,0.0963,0.8974,0.0062,0.0001
1553,engaged,0.011,0.8222,0.1652,0.0016
1554,engaged,0.0098,0.1039,0.8317,0.0546
1555,engaged,0.6694,0.3304,0.0001,0.0
1556,engaged,0.1192,0.8725,0.0081,0.0002
1557,engaged,0.012,0.8302,0.1563,0.0015
1558,engaged,0.0088,0.0732,0.8472,0.0708
1559,engaged,0.087,0.9036,0.0092,0.0002
1560,engaged,0.5856,0.4142,0.0002,0.0
1561,engaged,0.0102,0.7702,0.2174,0.0022
1562,engaged,0.0095,0.0936,0.8375,0.0594
1563,engaged,0.0823,0.9139,0.0038,0.0001
1564,engaged,0.426,0.5736,0.0003,0.0
1565,engaged,0.0106,0.808,0.1796,0.0017
1566,engaged,0.0087,0.07,0.8487,0.0725
1567,engaged,0.1017,0.892,0.0062,0.0001
1568,engaged,0.4548,0.5448,0.0003,0.0
1569,engaged,0.0101,0.8248,0.1637,0.0015
1570,engaged,0.0088,0.0712,0.8481,0.0719
1571,engaged,0.0886,0.9061,0.0051,0.0001
1572,engaged,0.3326,0.6669,0.0004,0.0
1573,engaged,0.0112,0.7726,0.2139,0.0023
1574,engaged,0.0096,0.0952,0.8366,0.0586
1575,engaged,0.0746,0.9195,0.0058,0.0001
1576,engaged,0.3469,0.6527,0.0004,0.0
1577,engaged,0.0162,0.7319,0.2484,0.0036
1578,engaged,0.0095,0.0922,0.8384,0.06
1579,engaged,0.0842,0.9088,0.0069,0.0001
1580,engaged,0.3804,0.6192,0.0004,0.0
1581,engaged,0.0155,0.7529,0.2285,0.0031
1582,engaged,0.0097,0.1014,0.833,0.0559
1583,engaged,0.0622,0.9314,0.0064,0.0001
1584,engaged,0.3279,0.6716,0.0004,0.0
1585,raise_hand,0.0391,0.0113,0.4477,0.502
1586,raise_hand,0.0,0.0,0.0605,0.9395
1587,raise_hand,0.0148,0.0231,0.7213,0.2408
1588,raise_hand,0.0502,0.008,0.3445,0.5974
1589,raise_hand,0.0,0.0,0.066,0.9339
1590,raise_hand,0.0121,0.3506,0.6207,0.0166
1591,raise_hand,0.0,0.0,0.0316,0.9684
1592,raise_hand,0.0244,0.0075,0.4484,0.5196
1593,raise_hand,0.0092,0.0819,0.8398,0.0691
1594,raise_hand,0.0,0.0,0.0333,0.9667
1595,raise_hand,0.0317,0.014,0.5203,0.4339
1596,raise_hand,0.0106,0.14,0.8041,0.0453
1597,raise_hand,0.0,0.0,0.0423,0.9577
1598,raise_hand,0.0549,0.0156,0.4452,0.4843
1599,raise_hand,0.0056,0.0191,0.8079,0.1675
1600,raise_hand,0.0,0.0,0.0352,0.9648
1601,raise_hand,0.1941,0.0564,0.4189,0.3306
1602,raise_hand,0.0069,0.0339,0.8366,0.1227
1603,raise_hand,0.0,0.0,0.0314,0.9686
1604,raise_hand,0.1679,0.0347,0.3819,0.4154
1605,raise_hand,0.0088,0.0702,0.8434,0.0776
1606,raise_hand,0.4084,0.4823,0.0958,0.0135
1607,raise_hand,0.0,0.0,0.0398,0.9601
1608,raise_hand,0.0054,0.018,0.8041,0.1725
1609,raise_hand,0.0636,0.0275,0.5238,0.3851
1610,raise_hand,0.0,0.0,0.0323,0.9677
1611,raise_hand,0.0094,0.089,0.8379,0.0637
1612,raise_hand,0.745,0.2499,0.0043,0.0008
1613,raise_hand,0.0,0.0,0.0313,0.9687
1614,raise_hand,0.0053,0.017,0.8,0.1776
1615,raise_hand,0.0001,0.0,0.0687,0.9312
1616,raise_hand,0.8046,0.1934,0.0017,0.0004
1617,raise_hand,0.0,0.0,0.0309,0.9691
1618,raise_hand,0.0157,0.044,0.7819,0.1584
1619,raise_hand,0.0001,0.0,0.0705,0.9294
1620,raise_hand,0.8532,0.1454,0.0011,0.0003
1621,raise_hand,0.0001,0.0,0.0699,0.93
1622,raise_hand,0.0121,0.0136,0.6696,0.3047
1623,raise_hand,0.0,0.0,0.0342,0.9657
1624,raise_hand,0.7832,0.2038,0.0101,0.0029
1625,raise_hand,0.0,0.0,0.0387,0.9613
1626,raise_hand,0.0252,0.0266,0.667,0.2812
1627,raise_hand,0.0019,0.0015,0.5518,0.4448
1628,raise_hand,0.8529,0.1419,0.0039,0.0013
1629,raise_hand,0.0,0.0,0.0369,0.9631
1630,raise_hand,0.0159,0.1908,0.75,0.0433
1631,raise_hand,0.8572,0.1372,0.0041,0.0015
1632,raise_hand,0.0,0.0,0.0337,0.9663
1633,raise_hand,0.0075,0.0441,0.8434,0.105
1634,raise_hand,0.0,0.0,0.0536,0.9464
1635,raise_hand,0.0,0.0,0.0267,0.9732
1636,raise_hand,0.8512,0.1431,0.0043,0.0015
1637,raise_hand,0.0102,0.0288,0.7894,0.1716
1638,raise_hand,0.0,0.0,0.0439,0.9561
1639,raise_hand,0.0,0.0,0.0477,0.9523
1640,raise_hand,0.7752,0.1557,0.0458,0.0233
1641,raise_hand,0.0107,0.0566,0.8276,0.105
1642,raise_hand,0.0,0.0,0.0433,0.9567
1643,raise_hand,0.0,0.0,0.0453,0.9547
1644,raise_hand,0.6378,0.357,0.0046,0.0006
1645,raise_hand,0.0283,0.0679,0.7476,0.1562
1646,raise_hand,0.0,0.0,0.0352,0.9648
1647,raise_hand,0.8565,0.0757,0.0335,0.0344
1648,raise_hand,0.0283,0.115,0.7565,0.1001
1649,raise_hand,0.0,0.0,0.0408,0.9592
1650,raise_hand,0.0,0.0,0.0331,0.9669
1651,raise_hand,0.0354,0.0061,0.3642,0.5943
1652,raise_hand,0.0115,0.0183,0.7222,0.248
1653,raise_hand,0.0005,0.0001,0.2633,0.7362
1654,raise_hand,0.0,0.0,0.0372,0.9628
1655,raise_hand,0.1103,0.0089,0.2622,0.6186
1656,raise_hand,0.0282,0.1612,0.7379,0.0727
1657,raise_hand,0.0002,0.0,0.1613,0.8384
1658,raise_hand,0.0,0.0,0.057,0.9429
1659,raise_hand,0.7544,0.2046,0.0305,0.0105
1660,raise_hand,0.0248,0.1287,0.7629,0.0835
1661,raise_hand,0.0,0.0,0.0636,0.9363
1662,raise_hand,0.7577,0.216,0.0202,0.0061
1663,raise_hand,0.0172,0.0478,0.779,0.156
1664,raise_hand,0.0002,0.0,0.1482,0.8516
1665,raise_hand,0.0436,0.0064,0.3298,0.6203
1666,raise_hand,0.0,0.0,0.055,0.945
1667,raise_hand,0.0137,0.047,0.7998,0.1395
1668,raise_hand,0.0,0.0,0.0578,0.9422
1669,raise_hand,0.5482,0.4038,0.041,0.0069
1670,raise_hand,0.0,0.0,0.0447,0.9553
1671,raise_hand,0.011,0.6367,0.3476,0.0047
1672,raise_hand,0.0,0.0,0.0514,0.9485
1673,raise_hand,0.6106,0.3847,0.0042,0.0005
1674,raise_hand,0.0,0.0,0.0386,0.9614
1675,raise_hand,0.0121,0.184,0.7661,0.0378
1676,raise_hand,0.0,0.0,0.0636,0.9364
1677,raise_hand,0.0,0.0,0.0523,0.9476
1678,raise_hand,0.9108,0.0832,0.0039,0.0021
1679,raise_hand,0.0121,0.2321,0.7269,0.029
1680,raise_hand,0.0,0.0,0.0561,0.9439
1681,raise_hand,0.1535,0.0075,0.1896,0.6494
1682,raise_hand,0.0001,0.0,0.025,0.9748
1683,raise_hand,0.0148,0.0174,0.6806,0.2872
1684,raise_hand,0.0,0.0,0.0436,0.9564
1685,raise_hand,0.0002,0.0,0.0086,0.9912
1686,raise_hand,0.5312,0.2775,0.1493,0.042
1687,raise_hand,0.0159,0.0236,0.7146,0.246
1688,raise_hand,0.0,0.0,0.0438,0.9562
1689,raise_hand,0.5172,0.3484,0.1097,0.0248
1690,raise_hand,0.0143,0.0203,0.7083,0.257
1691,raise_hand,0.0,0.0,0.0387,0.9613
1692,raise_hand,0.5295,0.2746,0.1497,0.0462
1693,raise_hand,0.0165,0.1132,0.796,0.0743
1694,raise_hand,0.0,0.0,0.0541,0.9459
1695,raise_hand,0.0315,0.0087,0.4417,0.5182
1696,raise_hand,0.0305,0.0734,0.7436,0.1526
1697,raise_hand,0.0,0.0,0.044,0.956
1698,raise_hand,0.6521,0.3376,0.0088,0.0014
1699,raise_hand,0.0068,0.033,0.8352,0.125
1700,raise_hand,0.0,0.0,0.0347,0.9653
1701,raise_hand,0.6444,0.3421,0.0116,0.0019
1702,raise_hand,0.0371,0.1121,0.7321,0.1187
1703,raise_hand,0.0246,0.0055,0.3915,0.5784
1704,raise_hand,0.0,0.0,0.0372,0.9628
1705,raise_hand,0.0306,0.023,0.6153,0.3311
1706,raise_hand,0.0,0.0,0.039,0.961
1707,raise_hand,0.0548,0.0095,0.3648,0.5709
1708,raise_hand,0.0172,0.0293,0.7319,0.2216
1709,raise_hand,0.0,0.0,0.0483,0.9517
1710,raise_hand,0.0327,0.0074,0.4072,0.5527
1711,raise_hand,0.0273,0.0336,0.6875,0.2516
1712,raise_hand,0.0,0.0,0.0383,0.9617
1713,raise_hand,0.0,0.0,0.0498,0.9501
1714,raise_hand,0.0846,0.007,0.2557,0.6526
1715,raise_hand,0.0132,0.0292,0.7632,0.1944
1716,raise_hand,0.0,0.0,0.0391,0.9609
1717,raise_hand,0.0482,0.0069,0.3365,0.6083
1718,raise_hand,0.0335,0.0591,0.7197,0.1878
1719,raise_hand,0.0,0.0,0.0471,0.9529
1720,raise_hand,0.0191,0.0058,0.4412,0.5339
1721,raise_hand,0.0402,0.057,0.6925,0.2102
1722,raise_hand,0.0,0.0,0.0396,0.9604
1723,raise_hand,0.0,0.0,0.0468,0.9531
1724,raise_hand,0.0293,0.0062,0.3933,0.5711
1725,raise_hand,0.02,0.0187,0.6475,0.3138
1726,raise_hand,0.0,0.0,0.0392,0.9607
1727,raise_hand,0.0001,0.0,0.0264,0.9735
1728,raise_hand,0.0331,0.0067,0.3841,0.5761
1729,raise_hand,0.0228,0.0187,0.6276,0.3309
1730,raise_hand,0.0,0.0,0.0373,0.9627
1731,raise_hand,0.0,0.0,0.0498,0.9502
1732,raise_hand,0.0248,0.0064,0.4199,0.5489
1733,raise_hand,0.0093,0.0236,0.7798,0.1873
1734,raise_hand,0.0,0.0,0.0434,0.9566
1735,raise_hand,0.0,0.0,0.0488,0.9512
1736,raise_hand,0.0313,0.0079,0.4195,0.5414
1737,raise_hand,0.0163,0.0245,0.7174,0.2418
1738,raise_hand,0.0001,0.0,0.1241,0.8758
1739,raise_hand,0.0001,0.0,0.1208,0.879
1740,raise_hand,0.0333,0.0053,0.3403,0.6211
1741,raise_hand,0.0168,0.4064,0.5603,0.0166
1742,raise_hand,0.0,0.0,0.0473,0.9526
1743,raise_hand,0.0,0.0,0.0473,0.9526
1744,raise_hand,0.0324,0.0055,0.3539,0.6082
1745,raise_hand,0.0163,0.3928,0.5738,0.0172
1746,raise_hand,0.0,0.0,0.0435,0.9564
1747,raise_hand,0.0001,0.0,0.1122,0.8876
1748,raise_hand,0.0339,0.005,0.3256,0.6355
1749,raise_hand,0.0187,0.0255,0.7037,0.2521
1750,raise_hand,0.0,0.0,0.0492,0.9508
1751,raise_hand,0.0,0.0,0.041,0.959
1752,raise_hand,0.0339,0.0058,0.3537,0.6065
1753,raise_hand,0.0231,0.5301,0.4346,0.0122
1754,raise_hand,0.001,0.0004,0.4001,0.5985
1755,raise_hand,0.0209,0.0062,0.4611,0.5118
1756,raise_hand,0.0452,0.006,0.3167,0.6321
1757,raise_hand,0.0295,0.023,0.62,0.3275
1758,raise_hand,0.0016,0.0011,0.5182,0.4791
1759,raise_hand,0.0,0.0,0.0535,0.9465
1760,raise_hand,0.0135,0.0063,0.5177,0.4625
1761,raise_hand,0.0192,0.3303,0.6258,0.0247
1762,raise_hand,0.0,0.0,0.0478,0.9522
1763,raise_hand,0.0,0.0,0.0362,0.9638
1764,raise_hand,0.0162,0.0061,0.4754,0.5024
1765,raise_hand,0.026,0.0245,0.651,0.2985
1766,raise_hand,0.0,0.0,0.0414,0.9585
1767,raise_hand,0.0,0.0,0.0408,0.9592
1768,raise_hand,0.0409,0.0081,0.3806,0.5704
1769,raise_hand,0.0232,0.0204,0.6393,0.3171
1770,raise_hand,0.0,0.0,0.0409,0.9591
1771,raise_hand,0.0,0.0,0.0545,0.9454
1772,raise_hand,0.0575,0.0058,0.277,0.6597
1773,raise_hand,0.0212,0.5427,0.4252,0.011
1774,raise_hand,0.0,0.0,0.04,0.96
1775,raise_hand,0.0,0.0,0.0488,0.9511
1776,raise_hand,0.0227,0.006,0.421,0.5502
1777,raise_hand,0.0292,0.0185,0.5866,0.3657
1778,raise_hand,0.0,0.0,0.0403,0.9596
1779,raise_hand,0.0001,0.0,0.0127,0.9872
1780,raise_hand,0.0144,0.0046,0.4454,0.5357
1781,raise_hand,0.0225,0.0271,0.6865,0.2639
1782,raise_hand,0.0,0.0,0.0397,0.9603
1783,raise_hand,0.0002,0.0,0.0113,0.9884
1784,raise_hand,0.0256,0.0072,0.4371,0.5301
1785,raise_hand,0.0158,0.0235,0.7145,0.2462
1786,raise_hand,0.0,0.0,0.0416,0.9584
1787,raise_hand,0.0,0.0,0.0555,0.9445
1788,raise_hand,0.0382,0.0084,0.3973,0.5562
1789,raise_hand,0.0318,0.2912,0.637,0.04
1790,raise_hand,0.0,0.0,0.04,0.96
1791,raise_hand,0.0002,0.0,0.0167,0.9831
1792,raise_hand,0.0381,0.0039,0.2726,0.6854
1793,raise_hand,0.0165,0.0243,0.7133,0.2459
1794,raise_hand,0.0,0.0,0.0405,0.9595
1795,raise_hand,0.0001,0.0,0.0335,0.9664
1796,raise_hand,0.0203,0.0068,0.4712,0.5017
1797,raise_hand,0.0235,0.0225,0.6519,0.3022
1798,raise_hand,0.0,0.0,0.0418,0.9582
1799,raise_hand,0.0002,0.0,0.0175,0.9823
1800,raise_hand,0.0845,0.0045,0.1972,0.7137
1801,raise_hand,0.015,0.0292,0.7481,0.2077
1802,raise_hand,0.0,0.0,0.0415,0.9585
1803,raise_hand,0.0,0.0,0.0513,0.9487
1804,raise_hand,0.0174,0.0041,0.3959,0.5825
1805,raise_hand,0.0341,0.0437,0.6872,0.235
1806,raise_hand,0.0002,0.0,0.0375,0.9623
1807,raise_hand,0.0199,0.0057,0.4304,0.544
1808,raise_hand,0.0139,0.0245,0.7362,0.2254
1809,raise_hand,0.0,0.0,0.0394,0.9606
1810,raise_hand,0.0001,0.0,0.0289,0.971
1811,raise_hand,0.0377,0.0034,0.2549,0.704
1812,raise_hand,0.013,0.0231,0.7372,0.2267
1813,raise_hand,0.0,0.0,0.0404,0.9596
1814,raise_hand,0.0,0.0,0.0262,0.9737
1815,raise_hand,0.0123,0.0036,0.4248,0.5593
1816,raise_hand,0.0187,0.019,0.6592,0.3031
1817,raise_hand,0.0001,0.0,0.0102,0.9896
1818,raise_hand,0.0258,0.0029,0.279,0.6922
1819,raise_hand,0.0195,0.0231,0.6836,0.2738
1820,raise_hand,0.0,0.0,0.0338,0.9662
1821,raise_hand,0.0418,0.0042,0.2725,0.6815
1822,raise_hand,0.0168,0.0195,0.68,0.2837
1823,raise_hand,0.0,0.0,0.0408,0.9592
1824,raise_hand,0.0317,0.0065,0.3837,0.578
1825,raise_hand,0.0503,0.9387,0.0109,0.0001
1826,raise_hand,0.0044,0.0,0.0653,0.9302
1827,raise_hand,0.0002,0.0,0.1538,0.8461
1828,raise_hand,0.0354,0.954,0.0105,0.0001
1829,raise_hand,0.0803,0.0001,0.0238,0.8959
1830,raise_hand,0.0002,0.0,0.1557,0.8442
1831,raise_hand,0.0452,0.9478,0.0069,0.0001
1832,raise_hand,0.0415,0.0001,0.0242,0.9343
1833,raise_hand,0.0002,0.0,0.1605,0.8393
1834,raise_hand,0.0541,0.9363,0.0095,0.0001
1835,raise_hand,0.0468,0.0001,0.0206,0.9325
1836,raise_hand,0.0002,0.0,0.166,0.8338
1837,raise_hand,0.0591,0.9299,0.0108,0.0002
1838,raise_hand,0.3422,0.0001,0.0096,0.6481
1839,raise_hand,0.0062,0.0251,0.8292,0.1395
1840,raise_hand,0.0002,0.0,0.1695,0.8303
1841,raise_hand,0.0337,0.9504,0.0158,0.0002
1842,raise_hand,0.0047,0.0126,0.7706,0.212
1843,raise_hand,0.0075,0.0,0.0373,0.9551
1844,raise_hand,0.0002,0.0,0.1705,0.8293
1845,raise_hand,0.0506,0.0001,0.0233,0.926
1846,raise_hand,0.0523,0.9424,0.0052,0.0001
1847,raise_hand,0.0001,0.0,0.138,0.8618
1848,raise_hand,0.0581,0.9356,0.0062,0.0001
1849,raise_hand,0.1373,0.0001,0.0208,0.8418
1850,raise_hand,0.0002,0.0,0.147,0.8528
1851,raise_hand,0.0404,0.9562,0.0034,0.0
1852,raise_hand,0.8002,0.0005,0.0053,0.194
1853,raise_hand,0.0057,0.0205,0.832,0.1418
1854,raise_hand,0.0002,0.0,0.1721,0.8277
1855,raise_hand,0.0316,0.9644,0.0039,0.0
1856,raise_hand,0.1152,0.0001,0.0175,0.8672
1857,raise_hand,0.0001,0.0,0.1365,0.8633
1858,raise_hand,0.1763,0.0116,0.2315,0.5806
1859,raise_hand,0.0838,0.0001,0.0216,0.8945
1860,raise_hand,0.0466,0.9485,0.0049,0.0001
1861,raise_hand,0.0625,0.0001,0.0213,0.9162
1862,raise_hand,0.0002,0.0,0.1587,0.8411
1863,raise_hand,0.0397,0.9557,0.0045,0.0
1864,raise_hand,0.0619,0.0001,0.0214,0.9167
1865,raise_hand,0.0002,0.0,0.1638,0.836
1866,raise_hand,0.0541,0.9408,0.005,0.0001
1867,raise_hand,0.0877,0.0001,0.018,0.8943
1868,raise_hand,0.0001,0.0,0.1324,0.8675
1869,raise_hand,0.0493,0.9429,0.0077,0.0001
1870,raise_hand,0.0874,0.0001,0.0208,0.8917
1871,raise_hand,0.1899,0.7461,0.0606,0.0034
1872,raise_hand,0.0054,0.0172,0.815,0.1625
1873,raise_hand,0.1452,0.0002,0.0214,0.8332
1874,raise_hand,0.0002,0.0,0.1587,0.8411
1875,raise_hand,0.0691,0.9154,0.0152,0.0003
1876,raise_hand,0.0053,0.0165,0.8113,0.167
1877,raise_hand,0.0594,0.0001,0.0265,0.914
1878,raise_hand,0.0376,0.9569,0.0054,0.0001
1879,raise_hand,0.1599,0.0001,0.0132,0.8269
1880,raise_hand,0.0002,0.0,0.1519,0.8479
1881,raise_hand,0.046,0.9408,0.013,0.0002
1882,raise_hand,0.0474,0.0001,0.0269,0.9256
1883,raise_hand,0.0078,0.0375,0.8479,0.1068
1884,raise_hand,0.0002,0.0,0.16,0.8398
1885,raise_hand,0.1447,0.786,0.0664,0.0029
1886,raise_hand,0.0129,0.0001,0.0408,0.9463
1887,raise_hand,0.0002,0.0,0.1541,0.8457
1888,raise_hand,0.0453,0.9485,0.0061,0.0001
1889,raise_hand,0.0468,0.0001,0.0218,0.9314
1890,raise_hand,0.0094,0.0277,0.8155,0.1474
1891,raise_hand,0.0002,0.0,0.1567,0.8431
1892,raise_hand,0.0737,0.9185,0.0077,0.0001
1893,raise_hand,0.0768,0.0001,0.0194,0.9037
1894,raise_hand,0.0054,0.0177,0.8184,0.1584
1895,raise_hand,0.0002,0.0,0.1618,0.838
1896,raise_hand,0.06,0.9344,0.0056,0.0001
1897,raise_hand,0.068,0.0001,0.0212,0.9107
1898,raise_hand,0.0087,0.0394,0.8423,0.1095
1899,raise_hand,0.0002,0.0,0.1734,0.8263
1900,raise_hand,0.0485,0.9459,0.0056,0.0001
1901,raise_hand,0.1087,0.0001,0.0235,0.8677
1902,raise_hand,0.0065,0.0294,0.8464,0.1177
1903,raise_hand,0.0002,0.0,0.167,0.8328
1904,raise_hand,0.0676,0.0001,0.0227,0.9096
1905,raise_hand,0.0446,0.9481,0.0072,0.0001
1906,raise_hand,0.0062,0.0251,0.8412,0.1276
1907,raise_hand,0.0002,0.0,0.1598,0.84
1908,raise_hand,0.1068,0.824,0.067,0.0022
1909,raise_hand,0.0386,0.0001,0.0255,0.9359
1910,raise_hand,0.0057,0.0207,0.8323,0.1413
1911,raise_hand,0.0002,0.0,0.1756,0.8241
1912,raise_hand,0.0893,0.8797,0.0303,0.0008
1913,raise_hand,0.0361,0.0001,0.0262,0.9376
1914,raise_hand,0.0559,0.9319,0.012,0.0002
1915,raise_hand,0.0235,0.0,0.026,0.9505
1916,raise_hand,0.0085,0.0642,0.8514,0.0759
1917,raise_hand,0.0002,0.0,0.1475,0.8523
1918,raise_hand,0.103,0.0188,0.4454,0.4329
1919,raise_hand,0.0681,0.0001,0.0192,0.9126
1920,raise_hand,0.0119,0.4169,0.558,0.0131
1921,raise_hand,0.2308,0.0001,0.0106,0.7585
1922,raise_hand,0.0789,0.8988,0.0218,0.0005
1923,raise_hand,0.0118,0.2403,0.7201,0.0278
1924,raise_hand,0.0002,0.0,0.1703,0.8295
1925,raise_hand,0.0568,0.922,0.0209,0.0003
1926,raise_hand,0.053,0.0001,0.0308,0.916
1927,raise_hand,0.0119,0.26,0.7023,0.0258
1928,raise_hand,0.045,0.9417,0.0132,0.0002
1929,raise_hand,0.1641,0.0001,0.0166,0.8192
1930,raise_hand,0.081,0.9029,0.0159,0.0003
1931,raise_hand,0.075,0.0001,0.0243,0.9006
1932,raise_hand,0.0121,0.292,0.6733,0.0226
1933,raise_hand,0.0002,0.0,0.1733,0.8265
1934,raise_hand,0.0505,0.9419,0.0075,0.0001
1935,raise_hand,0.0005,0.0,0.1588,0.8406
1936,raise_hand,0.0433,0.9515,0.0052,0.0001
1937,raise_hand,0.0711,0.0001,0.0222,0.9066
1938,raise_hand,0.0002,0.0,0.1425,0.8573
1939,raise_hand,0.0395,0.9582,0.0023,0.0
1940,raise_hand,0.0142,0.0001,0.0453,0.9405
1941,raise_hand,0.0002,0.0,0.1587,0.8411
1942,raise_hand,0.0389,0.9587,0.0024,0.0
1943,raise_hand,0.0541,0.0001,0.0209,0.925
1944,raise_hand,0.0002,0.0,0.1758,0.8239
1945,raise_hand,0.0479,0.9496,0.0024,0.0
1946,raise_hand,0.0765,0.0001,0.0251,0.8983
1947,raise_hand,0.0002,0.0,0.1777,0.8221
1948,raise_hand,0.0422,0.9551,0.0026,0.0
1949,raise_hand,0.0564,0.0001,0.0196,0.924
1950,raise_hand,0.0002,0.0,0.1539,0.8459
1951,raise_hand,0.0488,0.948,0.0032,0.0
1952,raise_hand,0.0909,0.0001,0.0203,0.8887
1953,raise_hand,0.0002,0.0,0.1504,0.8494
1954,raise_hand,0.0442,0.9536,0.0022,0.0
1955,raise_hand,0.0118,0.2291,0.7289,0.0302
1956,raise_hand,0.0707,0.0001,0.0199,0.9094
1957,raise_hand,0.0002,0.0,0.1538,0.846
1958,raise_hand,0.0353,0.9627,0.002,0.0
1959,raise_hand,0.0684,0.0001,0.0189,0.9126
1960,raise_hand,0.0117,0.2251,0.7322,0.0309
1961,raise_hand,0.0002,0.0,0.1681,0.8317
1962,raise_hand,0.0428,0.9552,0.002,0.0
1963,raise_hand,0.1649,0.0001,0.0133,0.8217
1964,raise_hand,0.0002,0.0,0.1444,0.8554
1965,raise_hand,0.042,0.9555,0.0025,0.0
1966,raise_hand,0.0042,0.0094,0.7516,0.2348
1967,raise_hand,0.0169,0.0,0.0241,0.9589
1968,raise_hand,0.0002,0.0,0.143,0.8568
1969,raise_hand,0.0419,0.9555,0.0026,0.0
1970,raise_hand,0.0049,0.0136,0.7884,0.1931
1971,raise_hand,0.0278,0.0001,0.0322,0.94
1972,raise_hand,0.0001,0.0,0.1391,0.8608
1973,raise_hand,0.0459,0.9511,0.003,0.0
1974,raise_hand,0.1073,0.0001,0.0212,0.8714
1975,raise_hand,0.0109,0.15,0.7933,0.0459
1976,raise_hand,0.0001,0.0,0.1404,0.8595
1977,raise_hand,0.1146,0.0001,0.0167,0.8686
1978,raise_hand,0.0468,0.9487,0.0044,0.0
1979,raise_hand,0.0115,0.2018,0.7524,0.0343
1980,raise_hand,0.0002,0.0,0.1458,0.854
1981,raise_hand,0.0406,0.9565,0.0029,0.0
1982,raise_hand,0.3596,0.0001,0.01,0.6302
1983,raise_hand,0.0002,0.0,0.1558,0.8441
1984,raise_hand,0.0566,0.9372,0.0062,0.0001
1985,raise_hand,0.0794,0.0001,0.0222,0.8983
1986,raise_hand,0.0096,0.0936,0.8315,0.0654
1987,raise_hand,0.0002,0.0,0.1644,0.8354
1988,raise_hand,0.0509,0.9446,0.0044,0.0
1989,raise_hand,0.0207,0.0001,0.0472,0.932
1990,raise_hand,0.0002,0.0,0.1694,0.8304
1991,raise_hand,0.0481,0.9468,0.0051,0.0001
1992,raise_hand,0.0696,0.0001,0.0258,0.9045
1993,raise_hand,0.0059,0.0228,0.8307,0.1406
1994,raise_hand,0.0002,0.0,0.1751,0.8247
1995,raise_hand,0.0537,0.9407,0.0055,0.0001
1996,raise_hand,0.005,0.0141,0.7905,0.1904
1997,raise_hand,0.1174,0.0001,0.018,0.8645
1998,raise_hand,0.0002,0.0,0.1593,0.8405
1999,raise_hand,0.0478,0.947,0.0051,0.0001
2000,raise_hand,0.0703,0.0001,0.0255,0.9042
2001,raise_hand,0.0002,0.0,0.1562,0.8436
2002,raise_hand,0.0389,0.9573,0.0038,0.0
2003,raise_hand,0.0471,0.0001,0.022,0.9308
2004,raise_hand,0.0002,0.0,0.161,0.8388
2005,raise_hand,0.0462,0.9488,0.005,0.0001
2006,raise_hand,0.0856,0.0001,0.0225,0.8918
2007,raise_hand,0.0078,0.0491,0.8482,0.0949
2008,raise_hand,0.0002,0.0,0.1514,0.8484
2009,raise_hand,0.0654,0.9246,0.0098,0.0002
2010,raise_hand,0.0049,0.0134,0.7885,0.1933
2011,raise_hand,0.1647,0.0001,0.0159,0.8193
2012,raise_hand,0.0002,0.0,0.1548,0.845
2013,raise_hand,0.0444,0.9519,0.0037,0.0
2014,raise_hand,0.0802,0.0001,0.0252,0.8944
2015,raise_hand,0.0106,0.1389,0.8029,0.0475
2016,raise_hand,0.0002,0.0,0.1534,0.8464
2017,raise_hand,0.0397,0.9547,0.0055,0.0001
2018,raise_hand,0.0521,0.0001,0.027,0.9208
2019,raise_hand,0.0002,0.0,0.1624,0.8374
2020,raise_hand,0.0562,0.9364,0.0073,0.0001
2021,raise_hand,0.0135,0.0,0.03,0.9565
2022,raise_hand,0.0002,0.0,0.1754,0.8243
2023,raise_hand,0.0461,0.9509,0.003,0.0
2024,raise_hand,0.1478,0.0001,0.0166,0.8355
2025,raise_hand,0.0002,0.0,0.175,0.8247
2026,raise_hand,0.042,0.9501,0.0078,0.0001
2027,raise_hand,0.2589,0.0002,0.0176,0.7233
2028,raise_hand,0.0002,0.0,0.1627,0.8371
2029,raise_hand,0.0408,0.9554,0.0037,0.0
2030,raise_hand,0.0659,0.0001,0.0198,0.9143
2031,raise_hand,0.0002,0.0,0.1613,0.8385
2032,raise_hand,0.0375,0.9551,0.0073,0.0001
2033,raise_hand,0.0358,0.0001,0.0305,0.9336
2034,raise_hand,0.0112,0.1701,0.778,0.0408
2035,raise_hand,0.0002,0.0,0.19,0.8098
2036,raise_hand,0.0381,0.9578,0.004,0.0
2037,raise_hand,0.0614,0.0001,0.0307,0.9077
2038,raise_hand,0.0002,0.0,0.1868,0.8129
2039,raise_hand,0.0456,0.9501,0.0043,0.0
2040,raise_hand,0.209,0.0002,0.0169,0.7739
2041,raise_hand,0.0105,0.1397,0.8076,0.0422
2042,raise_hand,0.0002,0.0,0.1646,0.8352
2043,raise_hand,0.0421,0.9551,0.0027,0.0
2044,raise_hand,0.0571,0.0001,0.0236,0.9192
2045,raise_hand,0.0002,0.0,0.156,0.8439
2046,raise_hand,0.0492,0.9458,0.0049,0.0001
2047,raise_hand,0.0554,0.0001,0.0213,0.9232
2048,raise_hand,0.0002,0.0,0.1799,0.8198
2049,raise_hand,0.0348,0.962,0.0031,0.0
2050,raise_hand,0.0556,0.0001,0.0286,0.9157
2051,raise_hand,0.0062,0.0251,0.8288,0.1399
2052,raise_hand,0.0002,0.0,0.1826,0.8172
2053,raise_hand,0.036,0.9618,0.0023,0.0
2054,raise_hand,0.0332,0.0,0.021,0.9457
2055,raise_hand,0.0002,0.0,0.1796,0.8202
2056,raise_hand,0.054,0.9402,0.0058,0.0001
2057,raise_hand,0.0312,0.0001,0.0289,0.9398
2058,raise_hand,0.0002,0.0,0.1856,0.8142
2059,raise_hand,0.0758,0.9086,0.0152,0.0003
2060,raise_hand,0.0498,0.0001,0.0239,0.9263
2061,raise_hand,0.0002,0.0,0.1784,0.8214
2062,raise_hand,0.0546,0.9402,0.0051,0.0001
2063,raise_hand,0.1298,0.0001,0.0154,0.8547
2064,raise_hand,0.0136,0.8517,0.1333,0.0013
2065,raise_hand,0.0002,0.0,0.178,0.8218
2066,raise_hand,0.0415,0.9545,0.0039,0.0
2067,raise_hand,0.192,0.0001,0.0159,0.792
2068,raise_hand,0.0002,0.0,0.1647,0.8351
2069,raise_hand,0.0478,0.9469,0.0052,0.0001
2070,raise_hand,0.0475,0.0001,0.024,0.9285
2071,raise_hand,0.0002,0.0,0.1627,0.8371
2072,raise_hand,0.0473,0.9486,0.004,0.0
2073,bored,0.4681,0.0312,0.1777,0.3231
2074,bored,0.8074,0.1765,0.012,0.0041
2075,bored,0.0044,0.0104,0.7742,0.211
2076,bored,0.0289,0.5177,0.4393,0.0141
2077,bored,0.183,0.0288,0.3932,0.395
2078,bored,0.7855,0.1938,0.0156,0.0051
2079,bored,0.0294,0.4104,0.5382,0.022
2080,bored,0.0042,0.0091,0.7611,0.2257
2081,bored,0.2302,0.03,0.3503,0.3896
2082,bored,0.795,0.1663,0.0272,0.0115
2083,bored,0.0283,0.4316,0.5203,0.0199
2084,bored,0.004,0.0084,0.7565,0.2311
2085,bored,0.2273,0.0296,0.3534,0.3896
2086,bored,0.9647,0.0348,0.0003,0.0002
2087,bored,0.0272,0.3912,0.5587,0.0229
2088,bored,0.0033,0.0051,0.7045,0.2872
2089,bored,0.1898,0.0277,0.3807,0.4018
2090,bored,0.767,0.2285,0.0037,0.0008
2091,bored,0.0301,0.3977,0.5485,0.0237
2092,bored,0.0043,0.0099,0.7709,0.2148
2093,bored,0.2169,0.0295,0.3635,0.3901
2094,bored,0.7614,0.2332,0.0044,0.001
2095,bored,0.0297,0.3493,0.5922,0.0287
2096,bored,0.0033,0.0052,0.7087,0.2828
2097,bored,0.2408,0.0291,0.3376,0.3925
2098,bored,0.7074,0.279,0.0113,0.0024
2099,bored,0.0244,0.3735,0.5788,0.0233
2100,bored,0.0034,0.0054,0.7137,0.2775
2101,bored,0.1975,0.0281,0.3737,0.4007
2102,bored,0.7456,0.2184,0.0272,0.0088
2103,bored,0.0289,0.3905,0.5569,0.0237
2104,bored,0.0034,0.0054,0.7141,0.2771
2105,bored,0.1038,0.0328,0.5215,0.3419
2106,bored,0.8467,0.1526,0.0006,0.0001
2107,bored,0.0268,0.3949,0.556,0.0223
2108,bored,0.0032,0.0048,0.6992,0.2929
2109,bored,0.1402,0.0347,0.4704,0.3548
2110,bored,0.7195,0.2771,0.0029,0.0005
2111,bored,0.027,0.3801,0.5689,0.0239
2112,bored,0.0027,0.0034,0.6622,0.3317
2113,bored,0.1223,0.0448,0.5343,0.2986
2114,bored,0.7543,0.2187,0.0206,0.0065
2115,bored,0.0264,0.3846,0.5658,0.0232
2116,bored,0.0034,0.0056,0.7154,0.2756
2117,bored,0.122,0.0316,0.4842,0.3622
2118,bored,0.8223,0.1684,0.0069,0.0024
2119,bored,0.0301,0.4033,0.5436,0.0231
2120,bored,0.0032,0.0049,0.7009,0.291
2121,bored,0.0917,0.0265,0.5162,0.3656
2122,bored,0.0267,0.3345,0.6098,0.0289
2123,bored,0.7577,0.2203,0.0168,0.0052
2124,bored,0.0031,0.0044,0.6903,0.3022
2125,bored,0.1234,0.0423,0.5256,0.3087
2126,bored,0.7891,0.2082,0.0022,0.0005
2127,bored,0.0259,0.3633,0.5857,0.0252
2128,bored,0.0034,0.0055,0.7147,0.2764
2129,bored,0.1275,0.0428,0.5203,0.3094
2130,bored,0.7692,0.2226,0.0064,0.0017
2131,bored,0.0293,0.385,0.5611,0.0245
2132,bored,0.0034,0.0058,0.7199,0.2709
2133,bored,0.1419,0.0425,0.4985,0.317
2134,bored,0.5314,0.4607,0.0071,0.0008
2135,bored,0.0297,0.3755,0.569,0.0258
2136,bored,0.0034,0.0056,0.7164,0.2747
2137,bored,0.093,0.0311,0.5349,0.3409
2138,bored,0.66,0.3346,0.0047,0.0007
2139,bored,0.0293,0.4306,0.5198,0.0203
2140,bored,0.0032,0.005,0.7045,0.2872
2141,bored,0.1138,0.0331,0.5074,0.3457
2142,bored,0.6506,0.3117,0.0308,0.0069
2143,bored,0.03,0.3524,0.5889,0.0287
2144,bored,0.0036,0.0066,0.7332,0.2566
2145,bored,0.1176,0.0319,0.497,0.3536
2146,bored,0.6855,0.2738,0.0323,0.0084
2147,bored,0.026,0.3313,0.6138,0.0289
2148,bored,0.0037,0.0066,0.7334,0.2563
2149,bored,0.182,0.0429,0.4281,0.347
2150,bored,0.7698,0.1995,0.0228,0.0079
2151,bored,0.0289,0.3055,0.631,0.0346
2152,bored,0.0035,0.0061,0.7259,0.2645
2153,bored,0.2267,0.0367,0.3731,0.3636
2154,bored,0.7781,0.2101,0.0093,0.0026
2155,bored,0.0325,0.3393,0.5963,0.0319
2156,bored,0.0038,0.0074,0.7452,0.2436
2157,bored,0.3527,0.0394,0.2613,0.3466
2158,bored,0.7879,0.1946,0.0133,0.0042
2159,bored,0.0311,0.3022,0.6301,0.0366
2160,bored,0.0038,0.0075,0.7447,0.244
2161,bored,0.1489,0.034,0.4591,0.3579
2162,bored,0.8471,0.1405,0.0089,0.0035
2163,bored,0.0276,0.3551,0.5902,0.0271
2164,bored,0.0054,0.0177,0.8137,0.1632
2165,bored,0.1326,0.0311,0.4688,0.3675
2166,bored,0.8132,0.1725,0.0107,0.0036
2167,bored,0.0301,0.3967,0.5494,0.0238
2168,bored,0.0044,0.0102,0.7728,0.2127
2169,bored,0.2418,0.0413,0.3579,0.359
2170,bored,0.8033,0.1811,0.0118,0.0039
2171,bored,0.0313,0.3307,0.6056,0.0324
2172,bored,0.0032,0.0049,0.7021,0.2898
2173,bored,0.1523,0.034,0.4571,0.3566
2174,bored,0.7977,0.1876,0.0112,0.0035
2175,bored,0.0264,0.3187,0.6239,0.031
2176,bored,0.0033,0.0053,0.7104,0.2809
2177,bored,0.1558,0.032,0.4429,0.3694
2178,bored,0.716,0.2766,0.0062,0.0012
2179,bored,0.029,0.3266,0.613,0.0314
2180,bored,0.0036,0.0063,0.7282,0.2619
2181,bored,0.1,0.0338,0.5333,0.3328
2182,bored,0.7493,0.2448,0.0048,0.0011
2183,bored,0.0272,0.3483,0.5967,0.0277
2184,bored,0.0036,0.0064,0.7317,0.2583
2185,bored,0.1282,0.0384,0.5063,0.3271
2186,bored,0.8325,0.161,0.0049,0.0016
2187,bored,0.0295,0.3274,0.6114,0.0317
2188,bored,0.0036,0.0062,0.7295,0.2607
2189,bored,0.4322,0.0512,0.2329,0.2838
2190,bored,0.8868,0.1108,0.0018,0.0007
2191,bored,0.0296,0.3236,0.6143,0.0325
2192,bored,0.0033,0.0052,0.7104,0.2811
2193,bored,0.3446,0.0524,0.2954,0.3076
2194,bored,0.8808,0.1162,0.0021,0.0008
2195,bored,0.0299,0.3203,0.6166,0.0331
2196,bored,0.0034,0.0058,0.721,0.2698
2197,bored,0.0665,0.0322,0.5985,0.3028
2198,bored,0.8177,0.1735,0.0067,0.0021
2199,bored,0.031,0.3491,0.5903,0.0296
2200,bored,0.0033,0.0053,0.7101,0.2812
2201,bored,0.1191,0.0315,0.4935,0.3559
2202,bored,0.8315,0.1615,0.0053,0.0017
2203,bored,0.0276,0.3211,0.62,0.0313
2204,bored,0.0037,0.0067,0.7337,0.256
2205,bored,0.2105,0.0415,0.4077,0.3402
2206,bored,0.8174,0.1738,0.0067,0.0021
2207,bored,0.029,0.3304,0.6092,0.0313
2208,bored,0.0042,0.0092,0.7633,0.2234
2209,bored,0.1523,0.0382,0.4688,0.3406
2210,bored,0.8291,0.1645,0.0049,0.0015
2211,bored,0.0279,0.3311,0.6108,0.0302
2212,bored,0.0035,0.0062,0.7242,0.2661
2213,bored,0.4519,0.0446,0.2129,0.2905
2214,bored,0.8193,0.1734,0.0055,0.0017
2215,bored,0.0302,0.3167,0.6193,0.0338
2216,bored,0.0043,0.01,0.7713,0.2144
2217,bored,0.1441,0.0366,0.4742,0.3451
2218,bored,0.8214,0.1717,0.0053,0.0016
2219,bored,0.0311,0.3631,0.5779,0.0279
2220,bored,0.0037,0.0067,0.7363,0.2533
2221,bored,0.5127,0.0495,0.1855,0.2523
2222,bored,0.8476,0.1468,0.0042,0.0014
2223,bored,0.0321,0.3354,0.6003,0.0322
2224,bored,0.0036,0.0062,0.727,0.2632
2225,bored,0.3946,0.0577,0.268,0.2798
2226,bored,0.7883,0.2036,0.0064,0.0017
2227,bored,0.0286,0.3252,0.6148,0.0314
2228,bored,0.0036,0.0063,0.7282,0.262
2229,bored,0.1279,0.0433,0.5191,0.3098
2230,bored,0.854,0.139,0.0051,0.0019
2231,bored,0.0291,0.341,0.6002,0.0297
2232,bored,0.0027,0.0033,0.6552,0.3389
2233,bored,0.419,0.0588,0.2557,0.2664
2234,bored,0.7586,0.2324,0.0073,0.0017
2235,bored,0.0292,0.3104,0.6262,0.0342
2236,bored,0.0031,0.0044,0.6916,0.301
2237,bored,0.434,0.0597,0.2487,0.2576
2238,bored,0.7705,0.2213,0.0066,0.0016
2239,bored,0.0292,0.3117,0.6251,0.034
2240,bored,0.0031,0.0045,0.6937,0.2987
2241,bored,0.3395,0.0565,0.3119,0.2921
2242,bored,0.7922,0.1998,0.0063,0.0017
2243,bored,0.0315,0.3181,0.6159,0.0345
2244,bored,0.0032,0.0048,0.7002,0.2918
2245,bored,0.3502,0.055,0.3022,0.2926
2246,bored,0.7864,0.213,0.0005,0.0001
2247,bored,0.0305,0.334,0.6041,0.0314
2248,bored,0.0032,0.0049,0.702,0.2899
2249,bored,0.1377,0.0481,0.5154,0.2988
2250,bored,0.7855,0.2107,0.0031,0.0007
2251,bored,0.0307,0.3455,0.5937,0.0301
2252,bored,0.003,0.0042,0.6875,0.3052
2253,bored,0.3493,0.0547,0.3037,0.2923
2254,bored,0.7888,0.2088,0.002,0.0004
2255,bored,0.0303,0.3146,0.621,0.0341
2256,bored,0.0031,0.0046,0.697,0.2952
2257,bored,0.2563,0.053,0.376,0.3147
2258,bored,0.8291,0.1623,0.0064,0.0021
2259,bored,0.0305,0.3397,0.5991,0.0307
2260,bored,0.0032,0.0047,0.696,0.2961
2261,bored,0.2928,0.0959,0.3883,0.2229
2262,bored,0.8342,0.1604,0.0041,0.0013
2263,bored,0.0318,0.3207,0.6133,0.0342
2264,bored,0.0029,0.004,0.6804,0.3127
2265,bored,0.4589,0.103,0.2588,0.1793
2266,bored,0.7704,0.2191,0.0083,0.0021
2267,bored,0.0311,0.3307,0.6059,0.0323
2268,bored,0.0031,0.0043,0.6897,0.3029
2269,bored,0.4152,0.0572,0.2561,0.2715
2270,bored,0.8313,0.1627,0.0046,0.0014
2271,bored,0.0306,0.3327,0.605,0.0317
2272,bored,0.0031,0.0046,0.6943,0.2981
2273,bored,0.5775,0.0976,0.1807,0.1442
2274,bored,0.8322,0.1626,0.004,0.0012
2275,bored,0.0333,0.3277,0.6052,0.0339
2276,bored,0.0032,0.0047,0.6979,0.2943
2277,bored,0.47,0.3327,0.1612,0.036
2278,bored,0.8225,0.1722,0.0042,0.0012
2279,bored,0.0306,0.326,0.6108,0.0326
2280,bored,0.0039,0.0076,0.7491,0.2394
2281,bored,0.4614,0.1463,0.2587,0.1335
2282,bored,0.8325,0.1587,0.0066,0.0022
2283,bored,0.0321,0.3353,0.6004,0.0321
2284,bored,0.0033,0.0051,0.7074,0.2842
2285,bored,0.4429,0.0823,0.2607,0.2141
2286,bored,0.8527,0.1402,0.0052,0.0019
2287,bored,0.0322,0.3401,0.5962,0.0315
2288,bored,0.0034,0.0054,0.7135,0.2777
2289,bored,0.4232,0.1701,0.2846,0.122
2290,bored,0.7971,0.1968,0.0048,0.0013
2291,bored,0.0312,0.3238,0.6115,0.0334
2292,bored,0.0032,0.0049,0.7035,0.2883
2293,bored,0.4918,0.3152,0.1557,0.0374
2294,bored,0.8154,0.1776,0.0054,0.0016
2295,bored,0.0315,0.3187,0.6156,0.0342
2296,bored,0.0034,0.0058,0.7205,0.2703
2297,bored,0.4967,0.0734,0.2169,0.2129
2298,bored,0.8396,0.1549,0.0042,0.0013
2299,bored,0.0306,0.3307,0.6068,0.0319
2300,bored,0.0033,0.0052,0.7096,0.2819
2301,bored,0.2243,0.0662,0.4408,0.2688
2302,bored,0.8554,0.1383,0.0046,0.0017
2303,bored,0.0291,0.3295,0.6103,0.0312
2304,bored,0.0053,0.0171,0.8111,0.1664
2305,bored,0.1535,0.0635,0.5206,0.2623
2306,bored,0.8155,0.1787,0.0045,0.0013
2307,bored,0.0317,0.3409,0.5963,0.0312
2308,bored,0.0048,0.0127,0.7917,0.1909
2309,bored,0.1481,0.0494,0.509,0.2935
2310,bored,0.8522,0.1425,0.0039,0.0013
2311,bored,0.0272,0.3323,0.6109,0.0296
2312,bored,0.0035,0.006,0.722,0.2686
2313,bored,0.1473,0.0492,0.5095,0.294
2314,bored,0.7762,0.2152,0.0068,0.0017
2315,bored,0.0303,0.341,0.5984,0.0303
2316,bored,0.0031,0.0046,0.6967,0.2955
2317,bored,0.6422,0.1265,0.1401,0.0912
2318,bored,0.8003,0.1919,0.0062,0.0017
2319,bored,0.0291,0.2997,0.6356,0.0356
2320,bored,0.0033,0.0053,0.7122,0.2791
2321,bored,0.3264,0.0807,0.3474,0.2455
2322,bored,0.8436,0.1509,0.0041,0.0014
2323,bored,0.0309,0.3206,0.6148,0.0336
2324,bored,0.0033,0.0052,0.7079,0.2836
2325,bored,0.0944,0.0353,0.5513,0.319
2326,bored,0.8163,0.1811,0.002,0.0005
2327,bored,0.0273,0.3206,0.6209,0.0312
2328,bored,0.0031,0.0045,0.6929,0.2995
2329,bored,0.7288,0.0448,0.0995,0.1269
2330,bored,0.9487,0.0503,0.0006,0.0004
2331,bored,0.1165,0.4593,0.3928,0.0313
2332,bored,0.1017,0.0394,0.5537,0.3052
2333,bored,0.9237,0.0745,0.0012,0.0006
2334,bored,0.0947,0.4335,0.439,0.0327
2335,bored,0.0048,0.0133,0.798,0.1839
2336,bored,0.7778,0.0408,0.0767,0.1047
2337,bored,0.8915,0.1042,0.003,0.0013
2338,bored,0.1077,0.4233,0.4333,0.0357
2339,bored,0.7234,0.0425,0.1007,0.1334
2340,bored,0.9169,0.0806,0.0017,0.0008
2341,bored,0.1172,0.487,0.368,0.0278
2342,bored,0.7935,0.0401,0.07,0.0964
2343,bored,0.9586,0.0406,0.0005,0.0003
2344,bored,0.1125,0.4753,0.3834,0.0289
2345,bored,0.0061,0.0246,0.8418,0.1275
2346,bored,0.1878,0.0413,0.4402,0.3307
2347,bored,0.9568,0.0422,0.0006,0.0004
2348,bored,0.1063,0.4504,0.4117,0.0317
2349,bored,0.7661,0.042,0.0821,0.1098
2350,bored,0.9543,0.0443,0.0008,0.0005
2351,bored,0.106,0.4274,0.4317,0.0349
2352,bored,0.7794,0.0387,0.0751,0.1069
2353,bored,0.9696,0.0296,0.0004,0.0004
2354,bored,0.1088,0.4529,0.4067,0.0316
2355,bored,0.0058,0.0213,0.8352,0.1377
2356,bored,0.6926,0.0435,0.115,0.1489
2357,bored,0.9566,0.0424,0.0006,0.0004
2358,bored,0.141,0.4637,0.3632,0.032
2359,bored,0.3466,0.0457,0.3106,0.2972
2360,bored,0.9481,0.0512,0.0004,0.0002
2361,bored,0.058,0.4067,0.5054,0.0298
2362,bored,0.4649,0.0483,0.2375,0.2494
2363,bored,0.9401,0.0593,0.0004,0.0002
2364,bored,0.068,0.4094,0.4908,0.0317
2365,bored,0.699,0.0436,0.1123,0.1451
2366,bored,0.9504,0.048,0.001,0.0007
2367,bored,0.0959,0.4769,0.3998,0.0274
2368,bored,0.6003,0.0394,0.1534,0.2069
2369,bored,0.9652,0.0338,0.0006,0.0005
2370,bored,0.0656,0.3751,0.5234,0.0359
2371,bored,0.5205,0.0576,0.2152,0.2067
2372,bored,0.957,0.0413,0.0009,0.0007
2373,bored,0.1133,0.4398,0.4131,0.0338
2374,bored,0.7743,0.0453,0.0799,0.1005
2375,bored,0.9668,0.0325,0.0004,0.0003
2376,bored,0.0938,0.4089,0.4611,0.0362
2377,bored,0.8038,0.0382,0.065,0.0929
2378,bored,0.9165,0.0767,0.0043,0.0025
2379,bored,0.0688,0.4059,0.4929,0.0323
2380,bored,0.0056,0.0198,0.8248,0.1497
2381,bored,0.7574,0.0394,0.0845,0.1187
2382,bored,0.9618,0.0375,0.0004,0.0003
2383,bored,0.0781,0.4044,0.4832,0.0343
2384,bored,0.006,0.0233,0.8389,0.1318
2385,bored,0.7946,0.0404,0.0695,0.0955
2386,bored,0.9697,0.0298,0.0003,0.0002
2387,bored,0.0633,0.3625,0.5369,0.0372
2388,bored,0.0064,0.0281,0.842,0.1235
2389,bored,0.8349,0.0422,0.0534,0.0695
2390,bored,0.8627,0.1302,0.0052,0.002
2391,bored,0.1015,0.4383,0.4273,0.0328
2392,bored,0.8329,0.0436,0.0544,0.0691
2393,bored,0.9485,0.0496,0.0012,0.0008
2394,bored,0.0629,0.3745,0.5274,0.0353
2395,bored,0.767,0.0449,0.0829,0.1052
2396,bored,0.9511,0.0479,0.0006,0.0004
2397,bored,0.0557,0.3723,0.5383,0.0337
2398,bored,0.7837,0.0441,0.0753,0.0968
2399,bored,0.9616,0.0374,0.0006,0.0004
2400,bored,0.0583,0.367,0.5395,0.0351
2401,bored,0.773,0.0575,0.0829,0.0865
2402,bored,0.9653,0.0341,0.0003,0.0002
2403,bored,0.0889,0.5006,0.3864,0.0241
2404,bored,0.006,0.0236,0.8419,0.1285
2405,bored,0.7404,0.0497,0.0965,0.1134
2406,bored,0.9168,0.0795,0.0024,0.0013
2407,bored,0.0882,0.4279,0.4512,0.0327
2408,bored,0.7506,0.0495,0.0918,0.1081
2409,bored,0.966,0.0335,0.0003,0.0002
2410,bored,0.0662,0.4226,0.4816,0.0297
2411,bored,0.8006,0.0544,0.0697,0.0753
2412,bored,0.9598,0.0392,0.0006,0.0004
2413,bored,0.0734,0.4503,0.4485,0.0277
2414,bored,0.7192,0.0528,0.1076,0.1204
2415,bored,0.953,0.0462,0.0005,0.0003
2416,bored,0.0435,0.4286,0.5042,0.0237
2417,bored,0.7677,0.0478,0.0835,0.101
2418,bored,0.9199,0.0778,0.0016,0.0008
2419,bored,0.0721,0.4549,0.446,0.027
2420,bored,0.7615,0.0582,0.0886,0.0917
2421,bored,0.9405,0.0576,0.0012,0.0007
2422,bored,0.0685,0.4491,0.4553,0.0271
2423,bored,0.7803,0.056,0.0793,0.0844
2424,bored,0.9467,0.0518,0.0009,0.0006
2425,bored,0.0655,0.4617,0.4475,0.0252
2426,bored,0.752,0.0507,0.0915,0.1058
2427,bored,0.9599,0.0393,0.0005,0.0004
2428,bored,0.0795,0.475,0.4197,0.0258
2429,bored,0.8451,0.0431,0.0492,0.0626
2430,bored,0.9494,0.05,0.0004,0.0002
2431,bored,0.0892,0.4902,0.3954,0.0252
2432,bored,0.7102,0.0526,0.1119,0.1253
2433,bored,0.9294,0.0677,0.0019,0.0011
2434,bored,0.0855,0.4657,0.4212,0.0276
2435,bored,0.0063,0.0271,0.8433,0.1233
2436,bored,0.7384,0.05,0.0976,0.114
2437,bored,0.8361,0.1616,0.0018,0.0005
2438,bored,0.0813,0.4489,0.4407,0.029
2439,bored,0.0071,0.0375,0.852,0.1034
2440,bored,0.7892,0.0524,0.0748,0.0836
2441,bored,0.8025,0.1892,0.0065,0.0018
2442,bored,0.0816,0.4391,0.4491,0.0303
2443,bored,0.0068,0.0327,0.8503,0.1103
2444,bored,0.8144,0.0395,0.0612,0.0849
2445,bored,0.9577,0.041,0.0008,0.0006
2446,bored,0.0896,0.4424,0.437,0.0309
2447,bored,0.0072,0.0386,0.8533,0.1009
2448,bored,0.8151,0.0409,0.0613,0.0827
2449,bored,0.9361,0.0614,0.0016,0.001
2450,bored,0.064,0.4272,0.4801,0.0287
2451,bored,0.8062,0.0525,0.067,0.0743
2452,bored,0.8822,0.1172,0.0004,0.0001
2453,bored,0.0983,0.4871,0.3882,0.0264
2454,bored,0.825,0.0512,0.0584,0.0654
2455,bored,0.9585,0.0401,0.0008,0.0006
2456,bored,0.0684,0.4726,0.4345,0.0245
2457,bored,0.8439,0.0509,0.0499,0.0553
2458,bored,0.9456,0.0535,0.0006,0.0003
2459,bored,0.1048,0.4608,0.4042,0.0302
2460,bored,0.8484,0.0468,0.0479,0.0569
2461,bored,0.9534,0.045,0.0009,0.0007
2462,bored,0.0911,0.4744,0.4073,0.0272
2463,bored,0.0061,0.0244,0.8415,0.128
2464,bored,0.7942,0.0637,0.0728,0.0694
2465,bored,0.9438,0.0542,0.0012,0.0008
2466,bored,0.0814,0.4276,0.4593,0.0317
2467,bored,0.0062,0.0257,0.8434,0.1247
2468,bored,0.1616,0.0404,0.4689,0.3292
2469,bored,0.8602,0.1389,0.0007,0.0002
2470,bored,0.079,0.4745,0.4207,0.0258
2471,bored,0.3879,0.0554,0.2974,0.2592
2472,bored,0.9421,0.0555,0.0014,0.0009
2473,bored,0.1137,0.45,0.4039,0.0324
2474,bored,0.4855,0.0553,0.2338,0.2255
2475,bored,0.9435,0.0544,0.0013,0.0008
2476,bored,0.0964,0.4677,0.4075,0.0285
2477,bored,0.2761,0.0632,0.3967,0.264
2478,bored,0.9704,0.0292,0.0002,0.0002
2479,bored,0.056,0.3886,0.5239,0.0315
2480,bored,0.681,0.0791,0.1329,0.1071
2481,bored,0.9523,0.0464,0.0008,0.0006
2482,bored,0.0876,0.4756,0.4101,0.0267
2483,bored,0.7774,0.043,0.0777,0.1018
2484,bored,0.9364,0.0623,0.0008,0.0004
2485,bored,0.0869,0.5238,0.3677,0.0216
2486,bored,0.7988,0.0482,0.0698,0.0832
2487,bored,0.9603,0.0382,0.0008,0.0007
2488,bored,0.0897,0.4797,0.4043,0.0264
2489,bored,0.6713,0.0846,0.1385,0.1056
2490,bored,0.9774,0.0221,0.0002,0.0002
2491,bored,0.1021,0.5013,0.3715,0.0251
2492,bored,0.6511,0.0578,0.1436,0.1475
2493,bored,0.97,0.0295,0.0003,0.0002
2494,bored,0.1172,0.464,0.3881,0.0307
2495,bored,0.7356,0.0456,0.097,0.1217
2496,bored,0.9478,0.0509,0.0008,0.0005
2497,bored,0.0956,0.4855,0.3926,0.0263
2498,bored,0.7503,0.0648,0.0948,0.0902
2499,bored,0.9628,0.0365,0.0004,0.0003
2500,bored,0.0774,0.4622,0.4335,0.0269
2501,bored,0.6911,0.0889,0.1268,0.0932
2502,bored,0.9356,0.062,0.0016,0.0009
2503,bored,0.0935,0.4765,0.4028,0.0272
2504,bored,0.6871,0.063,0.1269,0.123
2505,bored,0.9259,0.0716,0.0017,0.0009
2506,bored,0.0757,0.4697,0.4287,0.0259
2507,bored,0.7526,0.1717,0.0545,0.0212
2508,bored,0.8794,0.1098,0.0073,0.0035
2509,bored,0.0721,0.476,0.4272,0.0247
2510,bored,0.7482,0.1604,0.0643,0.0272
2511,bored,0.8708,0.1181,0.0076,0.0034
2512,bored,0.0709,0.474,0.4305,0.0247
2513,bored,0.6919,0.0681,0.1256,0.1145
2514,bored,0.9649,0.0348,0.0002,0.0002
2515,bored,0.0717,0.4633,0.439,0.026
2516,bored,0.6553,0.0698,0.1458,0.1291
2517,bored,0.9522,0.0472,0.0004,0.0002
2518,bored,0.0703,0.4893,0.4173,0.0231
2519,bored,0.7286,0.0731,0.1065,0.0918
2520,bored,0.946,0.0521,0.0012,0.0008
2521,bored,0.0852,0.4816,0.4074,0.0257
2522,bored,0.7989,0.0734,0.0692,0.0585
2523,bored,0.9616,0.0373,0.0006,0.0005
2524,bored,0.0747,0.4901,0.4116,0.0236
2525,bored,0.7957,0.0784,0.0699,0.056
2526,bored,0.7971,0.1868,0.0122,0.0039
2527,bored,0.0806,0.4758,0.4178,0.0258
2528,bored,0.8031,0.0678,0.0679,0.0612
2529,bored,0.9349,0.0639,0.0007,0.0004
2530,bored,0.1038,0.4645,0.4021,0.0296
2531,bored,0.8365,0.0669,0.0512,0.0455
2532,bored,0.9431,0.0556,0.0008,0.0005
2533,bored,0.0798,0.4744,0.4199,0.0259
2534,bored,0.8057,0.0793,0.0644,0.0506
2535,bored,0.9567,0.0426,0.0004,0.0003
2536,bored,0.0745,0.4947,0.4078,0.0231
2537,bored,0.803,0.0766,0.0665,0.054
2538,bored,0.8373,0.1616,0.0009,0.0002
2539,bored,0.0988,0.4617,0.41,0.0295
2540,bored,0.7963,0.0915,0.066,0.0462
2541,bored,0.9439,0.0545,0.001,0.0006
2542,bored,0.1011,0.4475,0.4198,0.0316
2543,bored,0.7378,0.094,0.099,0.0693
2544,bored,0.9704,0.029,0.0003,0.0003
2545,bored,0.105,0.4687,0.3972,0.0292
2546,bored,0.7945,0.0688,0.0722,0.0645
2547,bored,0.8776,0.118,0.0032,0.0012
2548,bored,0.1235,0.4651,0.3805,0.0309
2549,bored,0.8015,0.0725,0.068,0.058
2550,bored,0.9394,0.0596,0.0007,0.0003
2551,bored,0.0843,0.4493,0.437,0.0294
2552,bored,0.8254,0.0557,0.0581,0.0607
2553,bored,0.9593,0.0396,0.0006,0.0005
2554,bored,0.0897,0.4761,0.4073,0.0269
2555,bored,0.8074,0.0685,0.0657,0.0585
2556,bored,0.9477,0.0514,0.0006,0.0003
2557,bored,0.0837,0.4761,0.414,0.0262
2558,bored,0.7468,0.0666,0.0967,0.0899
2559,bored,0.945,0.0539,0.0007,0.0004
2560,bored,0.0925,0.487,0.3946,0.0259
2561,bored,0.6684,0.2097,0.0912,0.0308
2562,bored,0.9516,0.0476,0.0005,0.0003
2563,bored,0.1001,0.4812,0.3914,0.0272
2564,bored,0.006,0.0238,0.838,0.1322
2565,bored,0.6121,0.1022,0.1739,0.1118
2566,bored,0.9432,0.0553,0.0009,0.0006
2567,bored,0.1017,0.4937,0.3787,0.0259
2568,bored,0.8079,0.0478,0.0657,0.0786
2569,bored,0.9467,0.0523,0.0007,0.0004
2570,bored,0.1003,0.5028,0.3721,0.0248
2571,bored,0.8012,0.0723,0.0682,0.0583
2572,bored,0.9458,0.0536,0.0004,0.0002
2573,bored,0.0916,0.5029,0.3814,0.0241
2574,bored,0.7689,0.0888,0.0824,0.0599
2575,bored,0.9344,0.0651,0.0004,0.0002
2576,on_the_phone,0.3234,0.1757,0.3791,0.1218
2577,on_the_phone,0.7251,0.2727,0.0019,0.0003
2578,on_the_phone,0.0025,0.0029,0.6363,0.3583
2579,on_the_phone,0.0225,0.6412,0.3295,0.0068
2580,on_the_phone,0.2278,0.1791,0.4697,0.1234
2581,on_the_phone,0.7686,0.2298,0.0014,0.0002
2582,on_the_phone,0.0027,0.0033,0.6505,0.3435
2583,on_the_phone,0.0226,0.6452,0.3254,0.0067
2584,on_the_phone,0.2652,0.1318,0.4408,0.1622
2585,on_the_phone,0.7768,0.2216,0.0014,0.0003
2586,on_the_phone,0.003,0.0041,0.6778,0.3152
2587,on_the_phone,0.0215,0.6658,0.3067,0.0059
2588,on_the_phone,0.3007,0.0939,0.3999,0.2056
2589,on_the_phone,0.7325,0.2657,0.0016,0.0002
2590,on_the_phone,0.0024,0.0026,0.6256,0.3694
2591,on_the_phone,0.188,0.0827,0.5061,0.2232
2592,on_the_phone,0.7678,0.2301,0.0018,0.0003
2593,on_the_phone,0.0029,0.0038,0.6686,0.3248
2594,on_the_phone,0.0833,0.0749,0.6487,0.1931
2595,on_the_phone,0.7451,0.2531,0.0016,0.0003
2596,on_the_phone,0.0028,0.0036,0.6628,0.3308
2597,on_the_phone,0.022,0.6429,0.3284,0.0067
2598,on_the_phone,0.2359,0.076,0.4483,0.2398
2599,on_the_phone,0.7404,0.2572,0.0021,0.0004
2600,on_the_phone,0.003,0.0041,0.6783,0.3147
2601,on_the_phone,0.2167,0.1074,0.4858,0.1902
2602,on_the_phone,0.7423,0.2558,0.0016,0.0003
2603,on_the_phone,0.0026,0.0029,0.6395,0.355
2604,on_the_phone,0.0191,0.6434,0.3313,0.0062
2605,on_the_phone,0.242,0.0878,0.4516,0.2187
2606,on_the_phone,0.7425,0.2556,0.0016,0.0003
2607,on_the_phone,0.0027,0.0034,0.6579,0.3359
2608,on_the_phone,0.1966,0.0713,0.4851,0.2471
2609,on_the_phone,0.6502,0.3462,0.0032,0.0004
2610,on_the_phone,0.0028,0.0036,0.6631,0.3305
2611,on_the_phone,0.1843,0.072,0.5,0.2436
2612,on_the_phone,0.7864,0.2118,0.0015,0.0003
2613,on_the_phone,0.0027,0.0033,0.6527,0.3413
2614,on_the_phone,0.174,0.0828,0.522,0.2211
2615,on_the_phone,0.7509,0.2473,0.0015,0.0003
2616,on_the_phone,0.0035,0.006,0.7201,0.2704
2617,on_the_phone,0.0199,0.6596,0.3146,0.0058
2618,on_the_phone,0.147,0.0672,0.5412,0.2447
2619,on_the_phone,0.7492,0.2486,0.0019,0.0003
2620,raise_hand,0.0011,0.0,0.0385,0.9604
2621,raise_hand,0.2453,0.0014,0.0626,0.6908
2622,raise_hand,0.1448,0.0012,0.0824,0.7717
2623,raise_hand,0.0015,0.0,0.0339,0.9645
2624,raise_hand,0.1507,0.001,0.075,0.7733
2625,raise_hand,0.0011,0.0,0.0537,0.9452
2626,raise_hand,0.0013,0.0,0.0336,0.965
2627,raise_hand,0.0985,0.0013,0.1137,0.7865
2628,raise_hand,0.0014,0.0,0.024,0.9746
2629,raise_hand,0.0412,0.0011,0.1575,0.8002
2630,raise_hand,0.0012,0.0,0.029,0.9697
2631,raise_hand,0.175,0.0013,0.0764,0.7473
2632,raise_hand,0.0016,0.0,0.0272,0.9711
2633,raise_hand,0.3629,0.0009,0.0352,0.601
2634,raise_hand,0.0023,0.0,0.0272,0.9705
2635,raise_hand,0.3302,0.001,0.0402,0.6287
2636,raise_hand,0.22,0.0009,0.0521,0.727
2637,raise_hand,0.0024,0.0,0.0371,0.9605
2638,raise_hand,0.2297,0.0008,0.048,0.7215
2639,raise_hand,0.0023,0.0,0.0397,0.958
2640,raise_hand,0.1006,0.0005,0.0633,0.8355
2641,raise_hand,0.0037,0.0,0.0302,0.9661
2642,raise_hand,0.149,0.0007,0.0559,0.7945
2643,raise_hand,0.0028,0.0,0.0396,0.9576
2644,raise_hand,0.2222,0.0008,0.0483,0.7287
2645,raise_hand,0.004,0.0,0.0307,0.9653
2646,raise_hand,0.2536,0.0009,0.0474,0.6981
2647,raise_hand,0.0047,0.0,0.0533,0.9419
2648,raise_hand,0.0051,0.0001,0.0806,0.9142
2649,raise_hand,0.1588,0.0013,0.0813,0.7586
2650,raise_hand,0.2829,0.0007,0.0361,0.6802
2651,raise_hand,0.0052,0.0001,0.0864,0.9083
2652,raise_hand,0.1762,0.0009,0.0597,0.7632
2653,raise_hand,0.0052,0.0001,0.0984,0.8963
2654,raise_hand,0.1525,0.001,0.0716,0.7749
2655,raise_hand,0.0053,0.0002,0.1137,0.8808
2656,raise_hand,0.2257,0.0009,0.0521,0.7212
2657,raise_hand,0.0059,0.0002,0.1124,0.8815
2658,raise_hand,0.1911,0.001,0.0599,0.748
2659,raise_hand,0.0059,0.0003,0.1515,0.8424
2660,raise_hand,0.2361,0.0009,0.0505,0.7124
2661,raise_hand,0.0058,0.0002,0.1269,0.867
2662,raise_hand,0.2352,0.0009,0.0509,0.713
2663,raise_hand,0.0055,0.0002,0.122,0.8723
2664,raise_hand,0.1919,0.0009,0.0565,0.7506
2665,raise_hand,0.0065,0.0003,0.1508,0.8424
2666,raise_hand,0.2731,0.001,0.048,0.6779
2667,raise_hand,0.0058,0.0002,0.1196,0.8744
2668,raise_hand,0.1485,0.0008,0.0641,0.7865
2669,raise_hand,0.0034,0.0003,0.2309,0.7654
2670,raise_hand,0.0538,0.0008,0.1175,0.8279
2671,raise_hand,0.005,0.0002,0.1467,0.848
2672,raise_hand,0.0253,0.0004,0.1018,0.8726
2673,raise_hand,0.0054,0.0002,0.1371,0.8573
2674,raise_hand,0.0205,0.0002,0.0841,0.8952
2675,raise_hand,0.0036,0.0003,0.1885,0.8077
2676,raise_hand,0.0151,0.0002,0.0922,0.8925
2677,raise_hand,0.0043,0.0002,0.1384,0.857
2678,raise_hand,0.022,0.0001,0.0603,0.9175
2679,raise_hand,0.0047,0.0002,0.126,0.8691
2680,raise_hand,0.0859,0.0002,0.023,0.8909
2681,raise_hand,0.0007,0.0,0.0545,0.9448
2682,raise_hand,0.0969,0.0001,0.0144,0.8886
2683,raise_hand,0.0005,0.0,0.0531,0.9464
2684,raise_hand,0.1173,0.0001,0.0136,0.869
2685,raise_hand,0.0006,0.0,0.058,0.9414
2686,raise_hand,0.0761,0.0001,0.0147,0.9092
2687,raise_hand,0.0007,0.0,0.0569,0.9423
2688,raise_hand,0.086,0.0001,0.0162,0.8977
2689,raise_hand,0.0009,0.0,0.0544,0.9448
2690,raise_hand,0.0718,0.0001,0.0171,0.911
2691,raise_hand,0.0008,0.0,0.061,0.9382
2692,raise_hand,0.0553,0.0002,0.0278,0.9167
2693,raise_hand,0.0011,0.0,0.0501,0.9488
2694,raise_hand,0.0665,0.0002,0.0245,0.9088
2695,raise_hand,0.0015,0.0,0.0691,0.9294
2696,raise_hand,0.0825,0.0001,0.0193,0.898
2697,raise_hand,0.0012,0.0,0.0675,0.9313
2698,raise_hand,0.1058,0.0002,0.0178,0.8762
2699,raise_hand,0.0015,0.0,0.0826,0.9159
2700,raise_hand,0.1221,0.0002,0.0218,0.8559
2701,raise_hand,0.0013,0.0,0.0811,0.9176
2702,raise_hand,0.0866,0.0003,0.0299,0.8833
2703,raise_hand,0.0009,0.0,0.0805,0.9186
2704,raise_hand,0.095,0.0002,0.0233,0.8815
2705,raise_hand,0.001,0.0,0.0825,0.9164
2706,raise_hand,0.0942,0.0003,0.029,0.8766
2707,raise_hand,0.0009,0.0,0.0649,0.9342
2708,raise_hand,0.0618,0.0008,0.081,0.8564
2709,raise_hand,0.0011,0.0,0.0715,0.9274
2710,raise_hand,0.1034,0.0002,0.0247,0.8716
2711,raise_hand,0.0011,0.0,0.065,0.9338
2712,raise_hand,0.1207,0.0004,0.0334,0.8455
2713,raise_hand,0.0013,0.0,0.0672,0.9315
2714,raise_hand,0.0417,0.0013,0.1327,0.8243
2715,raise_hand,0.001,0.0,0.0687,0.9303
2716,raise_hand,0.1428,0.0004,0.0285,0.8283
2717,raise_hand,0.0008,0.0,0.0623,0.9369
2718,raise_hand,0.0833,0.0007,0.0608,0.8552
2719,raise_hand,0.0013,0.0,0.0568,0.9419
2720,raise_hand,0.0827,0.0005,0.0492,0.8676
2721,raise_hand,0.0012,0.0,0.0535,0.9453
2722,raise_hand,0.0733,0.0004,0.042,0.8843
2723,raise_hand,0.0014,0.0,0.0592,0.9395
2724,raise_hand,0.0507,0.0012,0.116,0.8321
2725,raise_hand,0.0018,0.0,0.0594,0.9388
2726,raise_hand,0.0704,0.0006,0.0598,0.8692
2727,raise_hand,0.0017,0.0,0.0666,0.9317
2728,raise_hand,0.055,0.0005,0.0615,0.8831
2729,raise_hand,0.0012,0.0,0.0619,0.9369
2730,raise_hand,0.0715,0.0004,0.0473,0.8808
2731,raise_hand,0.0012,0.0,0.058,0.9407
2732,raise_hand,0.0565,0.0006,0.0651,0.8779
2733,raise_hand,0.0016,0.0,0.0545,0.9438
2734,raise_hand,0.038,0.0006,0.0841,0.8773
2735,raise_hand,0.0015,0.0,0.06,0.9385
2736,raise_hand,0.0605,0.0002,0.0331,0.9061
2737,raise_hand,0.0015,0.0,0.0635,0.9349
2738,raise_hand,0.0412,0.0002,0.0406,0.918
2739,raise_hand,0.0018,0.0,0.0652,0.933
2740,bored,0.9942,0.0051,0.0002,0.0005
2741,raise_hand,0.0003,0.0,0.0462,0.9535
2742,bored,0.9967,0.003,0.0001,0.0003
2743,raise_hand,0.0003,0.0,0.0443,0.9554
2744,bored,0.9951,0.0044,0.0001,0.0004
2745,raise_hand,0.0004,0.0,0.0424,0.9572
2746,bored,0.9943,0.005,0.0002,0.0006
2747,raise_hand,0.0003,0.0,0.0475,0.9522
2748,bored,0.9951,0.0044,0.0001,0.0004
2749,raise_hand,0.0005,0.0,0.0467,0.9527
2750,bored,0.9948,0.0045,0.0001,0.0005
2751,raise_hand,0.0005,0.0,0.0496,0.9499
2752,bored,0.9958,0.0038,0.0001,0.0003
2753,raise_hand,0.0003,0.0,0.0527,0.947
2754,bored,0.9954,0.0042,0.0001,0.0003
2755,raise_hand,0.0004,0.0,0.0552,0.9444
2756,bored,0.9952,0.0044,0.0001,0.0003
2757,raise_hand,0.0006,0.0,0.057,0.9423
2758,bored,0.9965,0.0031,0.0001,0.0002
2759,raise_hand,0.0006,0.0,0.0516,0.9478
2760,bored,0.9951,0.0045,0.0001,0.0003
2761,raise_hand,0.0007,0.0,0.0436,0.9556
2762,bored,0.9952,0.0043,0.0001,0.0004
2763,raise_hand,0.0006,0.0,0.056,0.9433
2764,bored,0.9949,0.0046,0.0001,0.0004
2765,raise_hand,0.001,0.0,0.0574,0.9416
2766,bored,0.9948,0.0046,0.0001,0.0004
2767,raise_hand,0.001,0.0,0.0512,0.9478
2768,bored,0.9952,0.0043,0.0001,0.0004
2769,raise_hand,0.0013,0.0,0.052,0.9467
2770,bored,0.9952,0.0044,0.0001,0.0002
2771,raise_hand,0.0027,0.0,0.0624,0.9349
2772,bored,0.9952,0.0045,0.0001,0.0003
2773,raise_hand,0.0022,0.0,0.0748,0.923
2774,bored,0.996,0.0035,0.0001,0.0004
2775,raise_hand,0.0033,0.0,0.0835,0.9132
2776,bored,0.9951,0.0042,0.0001,0.0005
2777,raise_hand,0.0035,0.0,0.0855,0.911
2778,bored,0.9954,0.0042,0.0001,0.0003
2779,raise_hand,0.0048,0.0001,0.0938,0.9013
2780,bored,0.9956,0.0039,0.0001,0.0004
2781,raise_hand,0.0055,0.0001,0.0961,0.8984
2782,bored,0.9943,0.0051,0.0001,0.0004
2783,raise_hand,0.0098,0.0001,0.0837,0.9064
2784,bored,0.9959,0.0036,0.0001,0.0004
2785,raise_hand,0.0069,0.0001,0.1089,0.8841
2786,bored,0.9963,0.0032,0.0001,0.0003
2787,raise_hand,0.0088,0.0001,0.1089,0.8821
2788,bored,0.9943,0.0051,0.0002,0.0005
2789,raise_hand,0.0081,0.0001,0.0939,0.8979
2790,bored,0.9963,0.0034,0.0001,0.0003
2791,raise_hand,0.0089,0.0001,0.0993,0.8917
2792,bored,0.9954,0.0041,0.0001,0.0003
2793,raise_hand,0.0097,0.0002,0.1063,0.8839
2794,bored,0.9952,0.0045,0.0001,0.0002
2795,raise_hand,0.0089,0.0002,0.1125,0.8784
2796,bored,0.994,0.0057,0.0001,0.0002
2797,raise_hand,0.0123,0.0002,0.1072,0.8803
2798,bored,0.9974,0.0022,0.0001,0.0003
2799,raise_hand,0.015,0.0002,0.0983,0.8865
2800,bored,0.9946,0.0049,0.0001,0.0004
2801,raise_hand,0.0169,0.0002,0.1053,0.8776
2802,bored,0.9953,0.0044,0.0001,0.0003
2803,raise_hand,0.0124,0.0001,0.0906,0.8968
2804,raise_hand,0.294,0.6581,0.0438,0.004
2805,bored,0.2891,0.0336,0.2925,0.3848
2806,raise_hand,0.0211,0.0,0.0036,0.9753
2807,bored,0.3088,0.0369,0.2889,0.3653
2808,raise_hand,0.0213,0.0,0.0052,0.9736
2809,bored,0.3008,0.037,0.2967,0.3655
2810,raise_hand,0.0121,0.0,0.0023,0.9857
2811,bored,0.2723,0.0329,0.3043,0.3905
2812,raise_hand,0.0795,0.0,0.0085,0.9119
2813,bored,0.2824,0.0324,0.2944,0.3907
2814,raise_hand,0.0418,0.0,0.0037,0.9545
2815,bored,0.2464,0.0375,0.3438,0.3722
2816,raise_hand,0.0428,0.0,0.0037,0.9535
2817,bored,0.2825,0.0319,0.2903,0.3953
2818,raise_hand,0.0489,0.0001,0.0142,0.9369
2819,bored,0.3444,0.0269,0.2284,0.4003
2820,raise_hand,0.0465,0.0001,0.0149,0.9386
2821,bored,0.3645,0.0273,0.2186,0.3896
2822,raise_hand,0.0271,0.0,0.0045,0.9684
2823,bored,0.2621,0.0357,0.3199,0.3823
2824,raise_hand,0.0129,0.0,0.0028,0.9843
2825,bored,0.3144,0.0365,0.2839,0.3651
2826,raise_hand,0.0211,0.0,0.0028,0.9762
2827,bored,0.364,0.0397,0.2561,0.3402
2828,raise_hand,0.0123,0.0,0.0011,0.9867
2829,bored,0.3965,0.0369,0.2337,0.333
2830,raise_hand,0.0093,0.0,0.0009,0.9898
2831,bored,0.3207,0.0355,0.2806,0.3631
2832,raise_hand,0.009,0.0,0.0023,0.9888
2833,bored,0.2553,0.036,0.3307,0.378
2834,raise_hand,0.0111,0.0,0.0014,0.9875
2835,bored,0.3823,0.0366,0.2386,0.3424
2836,raise_hand,0.0154,0.0,0.0021,0.9825
2837,bored,0.2899,0.0423,0.3157,0.3521
2838,raise_hand,0.0114,0.0,0.002,0.9866
2839,bored,0.3522,0.0424,0.27,0.3354
2840,raise_hand,0.0168,0.0,0.0032,0.98
2841,bored,0.325,0.0446,0.2974,0.333
2842,raise_hand,0.007,0.0,0.0042,0.9888
2843,bored,0.3655,0.0403,0.2584,0.3358
2844,raise_hand,0.0083,0.0,0.0036,0.9882
2845,bored,0.3614,0.0399,0.2603,0.3385
2846,raise_hand,0.0169,0.0,0.0035,0.9796
2847,bored,0.3859,0.0426,0.2466,0.3249
2848,raise_hand,0.0168,0.0,0.0042,0.979
2849,bored,0.341,0.0392,0.2673,0.3526
2850,raise_hand,0.0206,0.0,0.0045,0.975
2851,bored,0.391,0.0405,0.2414,0.3271
2852,raise_hand,0.0145,0.0,0.0109,0.9746
2853,bored,0.3644,0.0405,0.257,0.338
2854,raise_hand,0.016,0.0,0.0054,0.9786
2855,bored,0.4291,0.0394,0.2178,0.3136
2856,raise_hand,0.0268,0.0,0.004,0.9692
2857,bored,0.3912,0.0416,0.2431,0.324
2858,raise_hand,0.0119,0.0,0.0085,0.9796
2859,bored,0.3623,0.0441,0.2658,0.3278
2860,raise_hand,0.0277,0.0,0.0035,0.9689
2861,bored,0.3537,0.0426,0.2688,0.3349
2862,raise_hand,0.0114,0.0,0.0105,0.9781
2863,bored,0.4095,0.0419,0.2335,0.3151
2864,raise_hand,0.0124,0.0,0.0091,0.9785
2865,bored,0.393,0.0394,0.2392,0.3284
2866,raise_hand,0.0017,0.0,0.0741,0.9242
2867,engaged,0.3793,0.5878,0.0304,0.0025
2868,raise_hand,0.0159,0.0,0.0275,0.9566
2869,engaged,0.3884,0.5763,0.0325,0.0028
2870,raise_hand,0.0037,0.0,0.0531,0.9432
2871,engaged,0.4487,0.5241,0.0248,0.0024
2872,raise_hand,0.0012,0.0,0.096,0.9028
2873,engaged,0.4045,0.5527,0.0391,0.0037
2874,raise_hand,0.0025,0.0,0.059,0.9385
2875,engaged,0.4222,0.5422,0.0325,0.0031
2876,raise_hand,0.001,0.0,0.1341,0.8649
2877,engaged,0.3302,0.6251,0.0415,0.0032
2878,raise_hand,0.0011,0.0,0.1281,0.8707
2879,engaged,0.3706,0.5875,0.0386,0.0033
2880,raise_hand,0.0014,0.0,0.0812,0.9174
2881,engaged,0.2958,0.6568,0.0444,0.0031
2882,raise_hand,0.0012,0.0001,0.1773,0.8214
2883,engaged,0.37,0.5814,0.0447,0.0039
2884,raise_hand,0.0014,0.0,0.1216,0.877
2885,engaged,0.3592,0.5953,0.0421,0.0035
2886,raise_hand,0.0028,0.0,0.0697,0.9275
2887,engaged,0.3888,0.5721,0.0359,0.0032
2888,raise_hand,0.0032,0.0001,0.0849,0.9119
2889,engaged,0.3883,0.5776,0.0315,0.0027
2890,raise_hand,0.0098,0.0,0.0412,0.949
2891,engaged,0.3316,0.6121,0.0521,0.0042
2892,raise_hand,0.0119,0.0,0.0282,0.9599
2893,engaged,0.3464,0.6019,0.0478,0.0039
2894,raise_hand,0.0037,0.0,0.0722,0.9241
2895,engaged,0.4744,0.4887,0.0332,0.0037
2896,raise_hand,0.0027,0.0,0.0731,0.9242
2897,engaged,0.3657,0.5865,0.044,0.0038
2898,raise_hand,0.0177,0.0,0.0256,0.9566
2899,engaged,0.3548,0.6002,0.0416,0.0034
2900,raise_hand,0.0087,0.0,0.0409,0.9504
2901,engaged,0.3537,0.6014,0.0415,0.0034
2902,raise_hand,0.0193,0.0,0.0276,0.953
2903,engaged,0.3482,0.5964,0.0511,0.0043
2904,raise_hand,0.0035,0.0,0.0785,0.9179
2905,engaged,0.3517,0.5994,0.0452,0.0037
2906,raise_hand,0.0095,0.0,0.0442,0.9463
2907,engaged,0.3321,0.6177,0.0465,0.0036
2908,raise_hand,0.0265,0.0001,0.0328,0.9406
2909,engaged,0.2933,0.6577,0.0458,0.0031
2910,raise_hand,0.0018,0.0001,0.1594,0.8387
2911,engaged,0.3358,0.6201,0.0409,0.0031
2912,raise_hand,0.0021,0.0001,0.1427,0.8551
2913,engaged,0.4207,0.5414,0.0345,0.0033
2914,raise_hand,0.0039,0.0001,0.0942,0.9018
2915,engaged,0.3687,0.5915,0.0367,0.0031
2916,raise_hand,0.003,0.0001,0.0919,0.905
2917,engaged,0.3401,0.6278,0.0299,0.0022
2918,raise_hand,0.006,0.0001,0.1192,0.8747
2919,engaged,0.3752,0.5962,0.0265,0.0021
2920,raise_hand,0.0016,0.0001,0.1787,0.8196
2921,engaged,0.3549,0.6121,0.0307,0.0023
2922,raise_hand,0.0085,0.0,0.0489,0.9426
2923,engaged,0.3687,0.5941,0.0344,0.0028
2924,raise_hand,0.0127,0.0001,0.055,0.9323
2925,engaged,0.3537,0.6067,0.0367,0.0029
2926,on_the_phone,0.2251,0.06,0.4372,0.2777
2927,engaged,0.1131,0.886,0.0009,0.0
2928,on_the_phone,0.2643,0.0676,0.4115,0.2566
2929,engaged,0.1019,0.8972,0.0009,0.0
2930,on_the_phone,0.2464,0.0592,0.4165,0.2779
2931,engaged,0.1139,0.8853,0.0009,0.0
2932,on_the_phone,0.2634,0.0589,0.3998,0.2779
2933,engaged,0.1062,0.8928,0.001,0.0
2934,on_the_phone,0.2807,0.0747,0.4036,0.241
2935,engaged,0.1079,0.8911,0.0009,0.0
2936,on_the_phone,0.2523,0.0534,0.3978,0.2966
2937,engaged,0.1024,0.8966,0.001,0.0
2938,on_the_phone,0.2825,0.052,0.3691,0.2964
2939,engaged,0.1006,0.8984,0.001,0.0
2940,on_the_phone,0.2737,0.0621,0.3935,0.2708
2941,engaged,0.1148,0.8842,0.0009,0.0
2942,on_the_phone,0.2979,0.0544,0.3612,0.2865
2943,engaged,0.1016,0.8974,0.001,0.0
2944,on_the_phone,0.2709,0.067,0.4029,0.2592
2945,engaged,0.1074,0.8917,0.0009,0.0
2946,on_the_phone,0.2496,0.0572,0.4081,0.2851
2947,engaged,0.1237,0.8754,0.0009,0.0
2948,on_the_phone,0.2696,0.0515,0.38,0.2989
2949,engaged,0.1178,0.8813,0.0009,0.0
2950,on_the_phone,0.2594,0.0535,0.3926,0.2945
2951,engaged,0.1128,0.8863,0.0009,0.0
2952,on_the_phone,0.269,0.0519,0.3811,0.298
2953,engaged,0.1263,0.8728,0.0008,0.0
2954,on_the_phone,0.2706,0.052,0.3799,0.2975
2955,engaged,0.1192,0.8799,0.0009,0.0
2956,on_the_phone,0.2669,0.0556,0.3895,0.288
2957,engaged,0.1438,0.8554,0.0008,0.0
2958,on_the_phone,0.2549,0.0602,0.4089,0.2759
2959,engaged,0.1406,0.8585,0.0008,0.0
2960,on_the_phone,0.2461,0.0548,0.4081,0.2909
2961,engaged,0.1516,0.8476,0.0007,0.0
2962,on_the_phone,0.2486,0.0555,0.4075,0.2884
2963,engaged,0.1158,0.8833,0.0009,0.0
2964,on_the_phone,0.248,0.0526,0.4004,0.2989
2965,engaged,0.1424,0.8568,0.0008,0.0
2966,on_the_phone,0.256,0.0554,0.399,0.2895
2967,engaged,0.1066,0.8924,0.001,0.0
2968,on_the_phone,0.2631,0.0568,0.3952,0.2849
2969,engaged,0.1233,0.8758,0.0009,0.0
2970,on_the_phone,0.2633,0.0567,0.3952,0.2847
2971,engaged,0.1182,0.8809,0.0009,0.0
2972,on_the_phone,0.2546,0.0629,0.4139,0.2686
2973,engaged,0.1274,0.8717,0.0009,0.0
2974,on_the_phone,0.2671,0.0647,0.4055,0.2628
2975,engaged,0.0982,0.9007,0.001,0.0
2976,on_the_phone,0.2511,0.0609,0.414,0.274
2977,engaged,0.1255,0.8736,0.0009,0.0
2978,on_the_phone,0.2503,0.0661,0.422,0.2617
2979,engaged,0.1233,0.8758,0.0009,0.0
2980,on_the_phone,0.2442,0.0577,0.4156,0.2825
2981,engaged,0.1209,0.8782,0.0009,0.0
2982,on_the_phone,0.2404,0.0596,0.4218,0.2782
2983,engaged,0.1154,0.8837,0.0009,0.0
2984,on_the_phone,0.2407,0.0593,0.4213,0.2786
2985,engaged,0.1304,0.8687,0.0008,0.0
2986,on_the_phone,0.2539,0.0728,0.4265,0.2469
2987,engaged,0.1065,0.8925,0.001,0.0
2988,engaged,0.3357,0.6416,0.0213,0.0014
2989,on_the_phone,0.4767,0.3878,0.1137,0.0218
2990,engaged,0.4174,0.5587,0.022,0.0019
2991,on_the_phone,0.4943,0.3711,0.112,0.0226
2992,engaged,0.358,0.5841,0.0533,0.0047
2993,on_the_phone,0.5387,0.3376,0.101,0.0228
2994,engaged,0.3927,0.578,0.027,0.0022
2995,on_the_phone,0.711,0.2143,0.0552,0.0195
2996,engaged,0.4641,0.516,0.0182,0.0017
2997,on_the_phone,0.2719,0.4313,0.2605,0.0364
2998,engaged,0.2597,0.6968,0.0411,0.0024
2999,on_the_phone,0.1791,0.4831,0.3069,0.0309
3000,engaged,0.3239,0.6451,0.029,0.002
3001,on_the_phone,0.3543,0.4306,0.1859,0.0291
3002,engaged,0.3485,0.6152,0.0337,0.0026
3003,on_the_phone,0.4564,0.3664,0.1474,0.0298
3004,engaged,0.3884,0.5753,0.0334,0.0029
3005,on_the_phone,0.5144,0.3555,0.1074,0.0226
3006,engaged,0.4102,0.5591,0.0282,0.0025
3007,on_the_phone,0.6573,0.2655,0.0602,0.0171
3008,engaged,0.3517,0.5963,0.048,0.004
3009,on_the_phone,0.6711,0.2796,0.0394,0.0099
3010,engaged,0.4214,0.5475,0.0285,0.0026
3011,on_the_phone,0.7473,0.219,0.0258,0.0079
3012,engaged,0.2967,0.6753,0.0264,0.0016
3013,on_the_phone,0.7375,0.2299,0.0252,0.0074
3014,engaged,0.4325,0.5494,0.0168,0.0014
3015,on_the_phone,0.6489,0.2996,0.0416,0.0099
3016,engaged,0.3045,0.6661,0.0277,0.0018
3017,on_the_phone,0.6994,0.266,0.0276,0.007
3018,engaged,0.3194,0.6621,0.0175,0.001
3019,on_the_phone,0.732,0.2371,0.0241,0.0068
3020,engaged,0.3718,0.6121,0.015,0.001
3021,on_the_phone,0.7079,0.253,0.0306,0.0084
3022,engaged,0.3211,0.6577,0.02,0.0012
3023,on_the_phone,0.8411,0.1386,0.0141,0.0062
3024,engaged,0.3357,0.6456,0.0176,0.0011
3025,on_the_phone,0.8323,0.1439,0.0166,0.0073
3026,engaged,0.3306,0.6336,0.0334,0.0024
3027,on_the_phone,0.8451,0.1326,0.0152,0.007
3028,engaged,0.3786,0.5924,0.0269,0.0021
3029,on_the_phone,0.832,0.1415,0.0183,0.0082
3030,engaged,0.3827,0.5844,0.0304,0.0025
3031,on_the_phone,0.8014,0.1651,0.0239,0.0095
3032,engaged,0.3614,0.618,0.0192,0.0013
3033,on_the_phone,0.7795,0.1836,0.027,0.0099
3034,engaged,0.2668,0.7137,0.0186,0.0009
3035,on_the_phone,0.8282,0.1373,0.0234,0.0111
3036,engaged,0.3811,0.5963,0.021,0.0016
3037,on_the_phone,0.7847,0.1723,0.0307,0.0122
3038,engaged,0.3229,0.6337,0.0405,0.003
3039,on_the_phone,0.7754,0.179,0.0328,0.0128
3040,engaged,0.3796,0.6018,0.0174,0.0013
3041,on_the_phone,0.7841,0.1656,0.0354,0.015
3042,engaged,0.3355,0.6344,0.0281,0.002
3043,on_the_phone,0.7492,0.18,0.0503,0.0205
3044,engaged,0.3305,0.6463,0.0218,0.0014
3045,on_the_phone,0.7297,0.2033,0.0493,0.0177
3046,engaged,0.3661,0.599,0.0323,0.0026
3047,on_the_phone,0.6697,0.2351,0.0719,0.0233
